{"type": "FeatureCollection", "name": "jungwon_impassable", "features": [{"type": "Feature", "geometry": {"type": "LineString", "coordinates": [[127.1742955, 37.4226461], [127.1742963, 37.422884]]}, "properties": {"id": "galhyeon-impassable-001", "dong": "갈현동", "source_pdf": "갈현동.pdf", "source_page": 1, "reason": "소방차 진입곤란 지정", "note": "", "stroke_width_pt": 4.25, "georef_median_error_m": 4.84, "georef_p90_error_m": 9.82, "georef_inliers": 68, "sheet_count": 1}}, {"type": "Feature", "geometry": {"type": "LineString", "coordinates": [[127.167396, 37.4439843], [127.167455, 37.4439993], [127.1676887, 37.4440445], [127.1679375, 37.4440951], [127.1685975, 37.4442255]]}, "properties": {"id": "geumgwang1-impassable-003", "dong": "금광1동", "source_pdf": "금광1동.pdf", "source_page": 1, "reason": "소방차 진입곤란 지정", "note": "지도상 미확인", "stroke_width_pt": 4.25, "georef_median_error_m": 2.62, "georef_p90_error_m": 4.4, "georef_inliers": 232, "sheet_count": 2}}, {"type": "Feature", "geometry": {"type": "LineString", "coordinates": [[127.1668625, 37.4448434], [127.1669832, 37.4448754], [127.1677986, 37.4450429]]}, "properties": {"id": "geumgwang1-impassable-005", "dong": "금광1동", "source_pdf": "금광1동.pdf", "source_page": 1, "reason": "소방차 진입곤란 지정", "note": "지도상 미확인", "stroke_width_pt": 4.25, "georef_median_error_m": 2.62, "georef_p90_error_m": 4.4, "georef_inliers": 232, "sheet_count": 2}}, {"type": "Feature", "geometry": {"type": "LineString", "coordinates": [[127.167504, 37.4436074], [127.1670573, 37.4435139]]}, "properties": {"id": "geumgwang1-impassable-007", "dong": "금광1동", "source_pdf": "금광1동.pdf", "source_page": 1, "reason": "소방차 진입곤란 지정", "note": "지도상 미확인", "stroke_width_pt": 4.25, "georef_median_error_m": 2.62, "georef_p90_error_m": 4.4, "georef_inliers": 232, "sheet_count": 2}}, {"type": "Feature", "geometry": {"type": "LineString", "coordinates": [[127.1676065, 37.4436326], [127.1677548, 37.4436724], [127.1680422, 37.4437337], [127.1688133, 37.4438968], [127.1688918, 37.4439153]]}, "properties": {"id": "geumgwang1-impassable-009", "dong": "금광1동", "source_pdf": "금광1동.pdf", "source_page": 1, "reason": "소방차 진입곤란 지정", "note": "지도상 미확인", "stroke_width_pt": 4.25, "georef_median_error_m": 2.62, "georef_p90_error_m": 4.4, "georef_inliers": 232, "sheet_count": 2}}, {"type": "Feature", "geometry": {"type": "LineString", "coordinates": [[127.1673638, 37.4455862], [127.1674991, 37.445448], [127.1675238, 37.4454215], [127.1676931, 37.4452407], [127.167852, 37.4450709], [127.1678653, 37.4450566], [127.1679955, 37.4449178]]}, "properties": {"id": "geumgwang1-impassable-010", "dong": "금광1동", "source_pdf": "금광1동.pdf", "source_page": 1, "reason": "소방차 진입곤란 지정", "note": "지도상 미확인", "stroke_width_pt": 4.25, "georef_median_error_m": 2.62, "georef_p90_error_m": 4.4, "georef_inliers": 232, "sheet_count": 2}}, {"type": "Feature", "geometry": {"type": "LineString", "coordinates": [[127.1690866, 37.4437821], [127.1690583, 37.4438151], [127.168957, 37.4439165], [127.1689442, 37.4439286], [127.1689186, 37.4439528], [127.1687916, 37.4440865], [127.1686496, 37.4442362], [127.1685242, 37.4443686]]}, "properties": {"id": "geumgwang1-impassable-011", "dong": "금광1동", "source_pdf": "금광1동.pdf", "source_page": 1, "reason": "소방차 진입곤란 지정", "note": "지도상 미확인", "stroke_width_pt": 4.25, "georef_median_error_m": 2.62, "georef_p90_error_m": 4.4, "georef_inliers": 232, "sheet_count": 2}}, {"type": "Feature", "geometry": {"type": "LineString", "coordinates": [[127.1680553, 37.4448602], [127.1681564, 37.444762], [127.1681885, 37.4447272], [127.1683377, 37.4445653], [127.1684033, 37.4444942], [127.1684403, 37.4444458]]}, "properties": {"id": "geumgwang1-impassable-012", "dong": "금광1동", "source_pdf": "금광1동.pdf", "source_page": 1, "reason": "소방차 진입곤란 지정", "note": "지도상 미확인", "stroke_width_pt": 4.25, "georef_median_error_m": 2.62, "georef_p90_error_m": 4.4, "georef_inliers": 232, "sheet_count": 2}}, {"type": "Feature", "geometry": {"type": "LineString", "coordinates": [[127.169259, 37.4437811], [127.1691135, 37.443751], [127.1690525, 37.4437384], [127.1687436, 37.4436744], [127.1686978, 37.4436649], [127.1684953, 37.4436212], [127.1681823, 37.4435534], [127.1681704, 37.4435508], [127.1679125, 37.4434944], [127.1677096, 37.44345], [127.1676528, 37.4434466], [127.1676153, 37.4434443], [127.1673397, 37.4433827], [127.1671509, 37.4433414]]}, "properties": {"id": "geumgwang1-impassable-015", "dong": "금광1동", "source_pdf": "금광1동.pdf", "source_page": 1, "reason": "소방차 진입곤란 지정", "note": "지도상 미확인", "stroke_width_pt": 4.25, "georef_median_error_m": 2.62, "georef_p90_error_m": 4.4, "georef_inliers": 232, "sheet_count": 2}}, {"type": "Feature", "geometry": {"type": "LineString", "coordinates": [[127.1671879, 37.4443407], [127.1678281, 37.4444583], [127.1682654, 37.4445487]]}, "properties": {"id": "geumgwang1-impassable-016", "dong": "금광1동", "source_pdf": "금광1동.pdf", "source_page": 1, "reason": "소방차 진입곤란 지정", "note": "지도상 미확인", "stroke_width_pt": 4.25, "georef_median_error_m": 2.62, "georef_p90_error_m": 4.4, "georef_inliers": 232, "sheet_count": 2}}, {"type": "Feature", "geometry": {"type": "LineString", "coordinates": [[127.1675142, 37.4438118], [127.1676397, 37.4438416], [127.168554, 37.4440361], [127.1687368, 37.4440751]]}, "properties": {"id": "geumgwang1-impassable-017", "dong": "금광1동", "source_pdf": "금광1동.pdf", "source_page": 1, "reason": "소방차 진입곤란 지정", "note": "지도상 미확인", "stroke_width_pt": 4.25, "georef_median_error_m": 2.62, "georef_p90_error_m": 4.4, "georef_inliers": 232, "sheet_count": 2}}, {"type": "Feature", "geometry": {"type": "LineString", "coordinates": [[127.1668631, 37.4450712], [127.1668699, 37.4450729], [127.1676314, 37.4452274]]}, "properties": {"id": "geumgwang1-impassable-026", "dong": "금광1동", "source_pdf": "금광1동.pdf", "source_page": 1, "reason": "소방차 진입곤란 지정", "note": "지도상 미확인", "stroke_width_pt": 4.25, "georef_median_error_m": 2.62, "georef_p90_error_m": 4.4, "georef_inliers": 232, "sheet_count": 2}}, {"type": "Feature", "geometry": {"type": "LineString", "coordinates": [[127.1681092, 37.4423454], [127.1679048, 37.4419852]]}, "properties": {"id": "geumgwang1-impassable-028", "dong": "금광1동", "source_pdf": "금광1동.pdf", "source_page": 1, "reason": "소방차 진입곤란 지정", "note": "지도상 미확인", "stroke_width_pt": 4.25, "georef_median_error_m": 2.62, "georef_p90_error_m": 4.4, "georef_inliers": 232, "sheet_count": 2}}, {"type": "Feature", "geometry": {"type": "LineString", "coordinates": [[127.1671985, 37.4441403], [127.1669735, 37.4440851], [127.1669714, 37.4440846], [127.1668387, 37.4440582]]}, "properties": {"id": "geumgwang1-impassable-029", "dong": "금광1동", "source_pdf": "금광1동.pdf", "source_page": 1, "reason": "소방차 진입곤란 지정", "note": "", "stroke_width_pt": 4.25, "georef_median_error_m": 2.62, "georef_p90_error_m": 4.4, "georef_inliers": 232, "sheet_count": 1}}, {"type": "Feature", "geometry": {"type": "LineString", "coordinates": [[127.168701, 37.4444546], [127.1684848, 37.4444098], [127.1684727, 37.4444072], [127.1673056, 37.4441601]]}, "properties": {"id": "geumgwang1-impassable-030", "dong": "금광1동", "source_pdf": "금광1동.pdf", "source_page": 1, "reason": "소방차 진입곤란 지정", "note": "지도상 미확인", "stroke_width_pt": 4.25, "georef_median_error_m": 2.62, "georef_p90_error_m": 4.4, "georef_inliers": 232, "sheet_count": 2}}, {"type": "Feature", "geometry": {"type": "LineString", "coordinates": [[127.1681676, 37.4435075], [127.1679831, 37.4431868]]}, "properties": {"id": "geumgwang1-impassable-031", "dong": "금광1동", "source_pdf": "금광1동.pdf", "source_page": 1, "reason": "소방차 진입곤란 지정", "note": "지도상 미확인", "stroke_width_pt": 4.25, "georef_median_error_m": 2.62, "georef_p90_error_m": 4.4, "georef_inliers": 232, "sheet_count": 2}}, {"type": "Feature", "geometry": {"type": "LineString", "coordinates": [[127.1670998, 37.4444881], [127.167238, 37.4445122], [127.1674939, 37.444576], [127.1681357, 37.4447007]]}, "properties": {"id": "geumgwang1-impassable-034", "dong": "금광1동", "source_pdf": "금광1동.pdf", "source_page": 1, "reason": "소방차 진입곤란 지정", "note": "지도상 미확인", "stroke_width_pt": 4.25, "georef_median_error_m": 2.62, "georef_p90_error_m": 4.4, "georef_inliers": 232, "sheet_count": 2}}, {"type": "Feature", "geometry": {"type": "LineString", "coordinates": [[127.1674093, 37.4437837], [127.1672617, 37.4437545], [127.166959, 37.4436838]]}, "properties": {"id": "geumgwang1-impassable-035", "dong": "금광1동", "source_pdf": "금광1동.pdf", "source_page": 1, "reason": "소방차 진입곤란 지정", "note": "", "stroke_width_pt": 4.25, "georef_median_error_m": 2.62, "georef_p90_error_m": 4.4, "georef_inliers": 232, "sheet_count": 1}}, {"type": "Feature", "geometry": {"type": "LineString", "coordinates": [[127.1673341, 37.443962], [127.16715, 37.4439237], [127.1668599, 37.4438604]]}, "properties": {"id": "geumgwang1-impassable-036", "dong": "금광1동", "source_pdf": "금광1동.pdf", "source_page": 1, "reason": "소방차 진입곤란 지정", "note": "", "stroke_width_pt": 4.25, "georef_median_error_m": 2.62, "georef_p90_error_m": 4.4, "georef_inliers": 232, "sheet_count": 1}}, {"type": "Feature", "geometry": {"type": "LineString", "coordinates": [[127.1673847, 37.4461074], [127.1670458, 37.4460364], [127.1670431, 37.4460358], [127.1668656, 37.4459978]]}, "properties": {"id": "geumgwang1-impassable-037", "dong": "금광1동", "source_pdf": "금광1동.pdf", "source_page": 1, "reason": "소방차 진입곤란 지정", "note": "", "stroke_width_pt": 4.25, "georef_median_error_m": 2.62, "georef_p90_error_m": 4.4, "georef_inliers": 232, "sheet_count": 1}}, {"type": "Feature", "geometry": {"type": "LineString", "coordinates": [[127.1669554, 37.4441216], [127.1668624, 37.4442641], [127.1668388, 37.4443038]]}, "properties": {"id": "geumgwang1-impassable-038", "dong": "금광1동", "source_pdf": "금광1동.pdf", "source_page": 1, "reason": "소방차 진입곤란 지정", "note": "", "stroke_width_pt": 4.25, "georef_median_error_m": 2.62, "georef_p90_error_m": 4.4, "georef_inliers": 232, "sheet_count": 1}}, {"type": "Feature", "geometry": {"type": "LineString", "coordinates": [[127.1682103, 37.4449587], [127.1680223, 37.4448943], [127.1680184, 37.444893], [127.1680161, 37.4448922], [127.166972, 37.4446828]]}, "properties": {"id": "geumgwang1-impassable-040", "dong": "금광1동", "source_pdf": "금광1동.pdf", "source_page": 1, "reason": "소방차 진입곤란 지정", "note": "지도상 미확인", "stroke_width_pt": 4.25, "georef_median_error_m": 2.62, "georef_p90_error_m": 4.4, "georef_inliers": 232, "sheet_count": 2}}, {"type": "Feature", "geometry": {"type": "LineString", "coordinates": [[127.1668637, 37.4452952], [127.1674653, 37.4454112]]}, "properties": {"id": "geumgwang1-impassable-043", "dong": "금광1동", "source_pdf": "금광1동.pdf", "source_page": 1, "reason": "소방차 진입곤란 지정", "note": "", "stroke_width_pt": 4.25, "georef_median_error_m": 2.62, "georef_p90_error_m": 4.4, "georef_inliers": 232, "sheet_count": 1}}, {"type": "Feature", "geometry": {"type": "LineString", "coordinates": [[127.1688571, 37.4433208], [127.1690437, 37.4432559]]}, "properties": {"id": "geumgwang1-impassable-045", "dong": "금광1동", "source_pdf": "금광1동.pdf", "source_page": 1, "reason": "소방차 진입곤란 지정", "note": "지도상 미확인", "stroke_width_pt": 4.25, "georef_median_error_m": 2.62, "georef_p90_error_m": 4.4, "georef_inliers": 232, "sheet_count": 2}}, {"type": "Feature", "geometry": {"type": "LineString", "coordinates": [[127.1649136, 37.4441878], [127.1655114, 37.444315]]}, "properties": {"id": "geumgwang1-impassable-076", "dong": "금광1동", "source_pdf": "금광1동.pdf", "source_page": 1, "reason": "소방차 진입곤란 지정", "note": "", "stroke_width_pt": 4.25, "georef_median_error_m": 2.62, "georef_p90_error_m": 4.4, "georef_inliers": 232, "sheet_count": 1}}, {"type": "Feature", "geometry": {"type": "LineString", "coordinates": [[127.1650965, 37.4438782], [127.1655963, 37.4439806], [127.1656317, 37.4439883]]}, "properties": {"id": "geumgwang1-impassable-077", "dong": "금광1동", "source_pdf": "금광1동.pdf", "source_page": 1, "reason": "소방차 진입곤란 지정", "note": "", "stroke_width_pt": 4.25, "georef_median_error_m": 2.62, "georef_p90_error_m": 4.4, "georef_inliers": 232, "sheet_count": 1}}, {"type": "Feature", "geometry": {"type": "LineString", "coordinates": [[127.1637019, 37.4431009], [127.1638462, 37.4428589], [127.1640508, 37.4425128]]}, "properties": {"id": "geumgwang1-impassable-078", "dong": "금광1동", "source_pdf": "금광1동.pdf", "source_page": 1, "reason": "소방차 진입곤란 지정", "note": "", "stroke_width_pt": 4.25, "georef_median_error_m": 2.62, "georef_p90_error_m": 4.4, "georef_inliers": 232, "sheet_count": 1}}, {"type": "Feature", "geometry": {"type": "LineString", "coordinates": [[127.160387, 37.4435124], [127.1601763, 37.4438669], [127.1600664, 37.4440479]]}, "properties": {"id": "geumgwang1-impassable-081", "dong": "금광1동", "source_pdf": "금광1동.pdf", "source_page": 1, "reason": "소방차 진입곤란 지정", "note": "", "stroke_width_pt": 4.25, "georef_median_error_m": 2.62, "georef_p90_error_m": 4.4, "georef_inliers": 232, "sheet_count": 1}}, {"type": "Feature", "geometry": {"type": "LineString", "coordinates": [[127.1647529, 37.4435045], [127.1648277, 37.4433799], [127.1651079, 37.4429212]]}, "properties": {"id": "geumgwang1-impassable-082", "dong": "금광1동", "source_pdf": "금광1동.pdf", "source_page": 1, "reason": "소방차 진입곤란 지정", "note": "", "stroke_width_pt": 4.25, "georef_median_error_m": 2.62, "georef_p90_error_m": 4.4, "georef_inliers": 232, "sheet_count": 1}}, {"type": "Feature", "geometry": {"type": "LineString", "coordinates": [[127.1600668, 37.4441937], [127.1602418, 37.4442505], [127.1604917, 37.4443315], [127.1605895, 37.4443632], [127.1606811, 37.4443916]]}, "properties": {"id": "geumgwang1-impassable-085", "dong": "금광1동", "source_pdf": "금광1동.pdf", "source_page": 1, "reason": "소방차 진입곤란 지정", "note": "", "stroke_width_pt": 4.25, "georef_median_error_m": 2.62, "georef_p90_error_m": 4.4, "georef_inliers": 232, "sheet_count": 1}}, {"type": "Feature", "geometry": {"type": "LineString", "coordinates": [[127.1649621, 37.443578], [127.1653156, 37.4429943]]}, "properties": {"id": "geumgwang1-impassable-086", "dong": "금광1동", "source_pdf": "금광1동.pdf", "source_page": 1, "reason": "소방차 진입곤란 지정", "note": "", "stroke_width_pt": 4.25, "georef_median_error_m": 2.62, "georef_p90_error_m": 4.4, "georef_inliers": 232, "sheet_count": 1}}, {"type": "Feature", "geometry": {"type": "LineString", "coordinates": [[127.1634901, 37.4430184], [127.1635897, 37.442856], [127.163842, 37.442439]]}, "properties": {"id": "geumgwang1-impassable-088", "dong": "금광1동", "source_pdf": "금광1동.pdf", "source_page": 1, "reason": "소방차 진입곤란 지정", "note": "", "stroke_width_pt": 4.25, "georef_median_error_m": 2.62, "georef_p90_error_m": 4.4, "georef_inliers": 232, "sheet_count": 1}}, {"type": "Feature", "geometry": {"type": "LineString", "coordinates": [[127.1617749, 37.4440342], [127.1614315, 37.4445972]]}, "properties": {"id": "geumgwang1-impassable-093", "dong": "금광1동", "source_pdf": "금광1동.pdf", "source_page": 1, "reason": "소방차 진입곤란 지정", "note": "", "stroke_width_pt": 4.25, "georef_median_error_m": 2.62, "georef_p90_error_m": 4.4, "georef_inliers": 232, "sheet_count": 1}}, {"type": "Feature", "geometry": {"type": "LineString", "coordinates": [[127.1639106, 37.4431793], [127.1639817, 37.4430642], [127.1642655, 37.4425967]]}, "properties": {"id": "geumgwang1-impassable-096", "dong": "금광1동", "source_pdf": "금광1동.pdf", "source_page": 1, "reason": "소방차 진입곤란 지정", "note": "", "stroke_width_pt": 4.25, "georef_median_error_m": 2.62, "georef_p90_error_m": 4.4, "georef_inliers": 232, "sheet_count": 1}}, {"type": "Feature", "geometry": {"type": "LineString", "coordinates": [[127.1645383, 37.443427], [127.1645617, 37.4433861], [127.1648908, 37.442833]]}, "properties": {"id": "geumgwang1-impassable-097", "dong": "금광1동", "source_pdf": "금광1동.pdf", "source_page": 1, "reason": "소방차 진입곤란 지정", "note": "", "stroke_width_pt": 4.25, "georef_median_error_m": 2.62, "georef_p90_error_m": 4.4, "georef_inliers": 232, "sheet_count": 1}}, {"type": "Feature", "geometry": {"type": "LineString", "coordinates": [[127.1604105, 37.4418456], [127.1604687, 37.4416]]}, "properties": {"id": "geumgwang1-impassable-100", "dong": "금광1동", "source_pdf": "금광1동.pdf", "source_page": 1, "reason": "소방차 진입곤란 지정", "note": "", "stroke_width_pt": 4.25, "georef_median_error_m": 2.62, "georef_p90_error_m": 4.4, "georef_inliers": 232, "sheet_count": 1}}, {"type": "Feature", "geometry": {"type": "LineString", "coordinates": [[127.1608633, 37.4436896], [127.1606554, 37.4440392], [127.1605108, 37.4442952]]}, "properties": {"id": "geumgwang1-impassable-101", "dong": "금광1동", "source_pdf": "금광1동.pdf", "source_page": 1, "reason": "소방차 진입곤란 지정", "note": "", "stroke_width_pt": 4.25, "georef_median_error_m": 2.62, "georef_p90_error_m": 4.4, "georef_inliers": 232, "sheet_count": 1}}, {"type": "Feature", "geometry": {"type": "LineString", "coordinates": [[127.1606214, 37.4435975], [127.1602649, 37.4442096]]}, "properties": {"id": "geumgwang1-impassable-102", "dong": "금광1동", "source_pdf": "금광1동.pdf", "source_page": 1, "reason": "소방차 진입곤란 지정", "note": "", "stroke_width_pt": 4.25, "georef_median_error_m": 2.62, "georef_p90_error_m": 4.4, "georef_inliers": 232, "sheet_count": 1}}, {"type": "Feature", "geometry": {"type": "LineString", "coordinates": [[127.1641212, 37.4432614], [127.16439, 37.4428135], [127.1644716, 37.4426786]]}, "properties": {"id": "geumgwang1-impassable-107", "dong": "금광1동", "source_pdf": "금광1동.pdf", "source_page": 1, "reason": "소방차 진입곤란 지정", "note": "", "stroke_width_pt": 4.25, "georef_median_error_m": 2.62, "georef_p90_error_m": 4.4, "georef_inliers": 232, "sheet_count": 1}}, {"type": "Feature", "geometry": {"type": "LineString", "coordinates": [[127.1650115, 37.44403], [127.1655123, 37.4441391], [127.1655719, 37.4441528]]}, "properties": {"id": "geumgwang1-impassable-109", "dong": "금광1동", "source_pdf": "금광1동.pdf", "source_page": 1, "reason": "소방차 진입곤란 지정", "note": "", "stroke_width_pt": 4.25, "georef_median_error_m": 2.62, "georef_p90_error_m": 4.4, "georef_inliers": 232, "sheet_count": 1}}, {"type": "Feature", "geometry": {"type": "LineString", "coordinates": [[127.1620995, 37.4420984], [127.1619801, 37.4420508]]}, "properties": {"id": "geumgwang1-impassable-113", "dong": "금광1동", "source_pdf": "금광1동.pdf", "source_page": 1, "reason": "소방차 진입곤란 지정", "note": "", "stroke_width_pt": 4.25, "georef_median_error_m": 2.62, "georef_p90_error_m": 4.4, "georef_inliers": 232, "sheet_count": 1}}, {"type": "Feature", "geometry": {"type": "LineString", "coordinates": [[127.1668597, 37.443861], [127.1668413, 37.4438569]]}, "properties": {"id": "geumgwang1-impassable-120", "dong": "금광1동", "source_pdf": "금광1동.pdf", "source_page": 1, "reason": "소방차 진입곤란 지정", "note": "", "stroke_width_pt": 4.25, "georef_median_error_m": 2.62, "georef_p90_error_m": 4.4, "georef_inliers": 232, "sheet_count": 1}}, {"type": "Feature", "geometry": {"type": "LineString", "coordinates": [[127.1664861, 37.4458824], [127.1665181, 37.4457856]]}, "properties": {"id": "geumgwang1-impassable-123", "dong": "금광1동", "source_pdf": "금광1동.pdf", "source_page": 1, "reason": "소방차 진입곤란 지정", "note": "", "stroke_width_pt": 4.25, "georef_median_error_m": 2.62, "georef_p90_error_m": 4.4, "georef_inliers": 232, "sheet_count": 1}}, {"type": "Feature", "geometry": {"type": "LineString", "coordinates": [[127.1648546, 37.442466], [127.1649668, 37.4425085], [127.1656679, 37.4427674]]}, "properties": {"id": "geumgwang1-impassable-125", "dong": "금광1동", "source_pdf": "금광1동.pdf", "source_page": 1, "reason": "소방차 진입곤란 지정", "note": "", "stroke_width_pt": 4.25, "georef_median_error_m": 2.62, "georef_p90_error_m": 4.4, "georef_inliers": 232, "sheet_count": 1}}, {"type": "Feature", "geometry": {"type": "LineString", "coordinates": [[127.164327, 37.4433449], [127.1646858, 37.4427521]]}, "properties": {"id": "geumgwang1-impassable-127", "dong": "금광1동", "source_pdf": "금광1동.pdf", "source_page": 1, "reason": "소방차 진입곤란 지정", "note": "", "stroke_width_pt": 4.25, "georef_median_error_m": 2.62, "georef_p90_error_m": 4.4, "georef_inliers": 232, "sheet_count": 1}}, {"type": "Feature", "geometry": {"type": "LineString", "coordinates": [[127.1633352, 37.4445585], [127.1636962, 37.4439729]]}, "properties": {"id": "geumgwang1-impassable-135", "dong": "금광1동", "source_pdf": "금광1동.pdf", "source_page": 1, "reason": "소방차 진입곤란 지정", "note": "", "stroke_width_pt": 4.25, "georef_median_error_m": 2.62, "georef_p90_error_m": 4.4, "georef_inliers": 232, "sheet_count": 1}}, {"type": "Feature", "geometry": {"type": "LineString", "coordinates": [[127.1631293, 37.4444773], [127.1634826, 37.4438945]]}, "properties": {"id": "geumgwang1-impassable-136", "dong": "금광1동", "source_pdf": "금광1동.pdf", "source_page": 1, "reason": "소방차 진입곤란 지정", "note": "", "stroke_width_pt": 4.25, "georef_median_error_m": 2.62, "georef_p90_error_m": 4.4, "georef_inliers": 232, "sheet_count": 1}}, {"type": "Feature", "geometry": {"type": "LineString", "coordinates": [[127.1629163, 37.4443943], [127.163266, 37.4438208]]}, "properties": {"id": "geumgwang1-impassable-137", "dong": "금광1동", "source_pdf": "금광1동.pdf", "source_page": 1, "reason": "소방차 진입곤란 지정", "note": "", "stroke_width_pt": 4.25, "georef_median_error_m": 2.62, "georef_p90_error_m": 4.4, "georef_inliers": 232, "sheet_count": 1}}, {"type": "Feature", "geometry": {"type": "LineString", "coordinates": [[127.1647156, 37.4435624], [127.1643559, 37.4441507]]}, "properties": {"id": "geumgwang1-impassable-138", "dong": "금광1동", "source_pdf": "금광1동.pdf", "source_page": 1, "reason": "소방차 진입곤란 지정", "note": "", "stroke_width_pt": 4.25, "georef_median_error_m": 2.62, "georef_p90_error_m": 4.4, "georef_inliers": 232, "sheet_count": 1}}, {"type": "Feature", "geometry": {"type": "LineString", "coordinates": [[127.164508, 37.4434841], [127.1641521, 37.4440696]]}, "properties": {"id": "geumgwang1-impassable-139", "dong": "금광1동", "source_pdf": "금광1동.pdf", "source_page": 1, "reason": "소방차 진입곤란 지정", "note": "", "stroke_width_pt": 4.25, "georef_median_error_m": 2.62, "georef_p90_error_m": 4.4, "georef_inliers": 232, "sheet_count": 1}}, {"type": "Feature", "geometry": {"type": "LineString", "coordinates": [[127.1642922, 37.443401], [127.1639426, 37.4439955]]}, "properties": {"id": "geumgwang1-impassable-140", "dong": "금광1동", "source_pdf": "금광1동.pdf", "source_page": 1, "reason": "소방차 진입곤란 지정", "note": "", "stroke_width_pt": 4.25, "georef_median_error_m": 2.62, "georef_p90_error_m": 4.4, "georef_inliers": 232, "sheet_count": 1}}, {"type": "Feature", "geometry": {"type": "LineString", "coordinates": [[127.1640846, 37.4433222], [127.1637308, 37.443912]]}, "properties": {"id": "geumgwang1-impassable-141", "dong": "금광1동", "source_pdf": "금광1동.pdf", "source_page": 1, "reason": "소방차 진입곤란 지정", "note": "", "stroke_width_pt": 4.25, "georef_median_error_m": 2.62, "georef_p90_error_m": 4.4, "georef_inliers": 232, "sheet_count": 1}}, {"type": "Feature", "geometry": {"type": "LineString", "coordinates": [[127.1638723, 37.443242], [127.1635116, 37.4438361]]}, "properties": {"id": "geumgwang1-impassable-142", "dong": "금광1동", "source_pdf": "금광1동.pdf", "source_page": 1, "reason": "소방차 진입곤란 지정", "note": "", "stroke_width_pt": 4.25, "georef_median_error_m": 2.62, "georef_p90_error_m": 4.4, "georef_inliers": 232, "sheet_count": 1}}, {"type": "Feature", "geometry": {"type": "LineString", "coordinates": [[127.1634536, 37.4430834], [127.1633528, 37.4432552], [127.1631077, 37.4436782]]}, "properties": {"id": "geumgwang1-impassable-143", "dong": "금광1동", "source_pdf": "금광1동.pdf", "source_page": 1, "reason": "소방차 진입곤란 지정", "note": "", "stroke_width_pt": 4.25, "georef_median_error_m": 2.62, "georef_p90_error_m": 4.4, "georef_inliers": 232, "sheet_count": 1}}, {"type": "Feature", "geometry": {"type": "LineString", "coordinates": [[127.16136, 37.4438834], [127.1610182, 37.444467]]}, "properties": {"id": "geumgwang1-impassable-144", "dong": "금광1동", "source_pdf": "금광1동.pdf", "source_page": 1, "reason": "소방차 진입곤란 지정", "note": "", "stroke_width_pt": 4.25, "georef_median_error_m": 2.62, "georef_p90_error_m": 4.4, "georef_inliers": 232, "sheet_count": 1}}, {"type": "Feature", "geometry": {"type": "LineString", "coordinates": [[127.1621232, 37.444081], [127.1624655, 37.4434994]]}, "properties": {"id": "geumgwang1-impassable-145", "dong": "금광1동", "source_pdf": "금광1동.pdf", "source_page": 1, "reason": "소방차 진입곤란 지정", "note": "", "stroke_width_pt": 4.25, "georef_median_error_m": 2.62, "georef_p90_error_m": 4.4, "georef_inliers": 232, "sheet_count": 1}}, {"type": "Feature", "geometry": {"type": "LineString", "coordinates": [[127.1618034, 37.4439601], [127.1621454, 37.4433811]]}, "properties": {"id": "geumgwang1-impassable-146", "dong": "금광1동", "source_pdf": "금광1동.pdf", "source_page": 1, "reason": "소방차 진입곤란 지정", "note": "", "stroke_width_pt": 4.25, "georef_median_error_m": 2.62, "georef_p90_error_m": 4.4, "georef_inliers": 232, "sheet_count": 1}}, {"type": "Feature", "geometry": {"type": "LineString", "coordinates": [[127.1614892, 37.4438474], [127.1618253, 37.443257]]}, "properties": {"id": "geumgwang1-impassable-147", "dong": "금광1동", "source_pdf": "금광1동.pdf", "source_page": 1, "reason": "소방차 진입곤란 지정", "note": "", "stroke_width_pt": 4.25, "georef_median_error_m": 2.62, "georef_p90_error_m": 4.4, "georef_inliers": 232, "sheet_count": 1}}, {"type": "Feature", "geometry": {"type": "LineString", "coordinates": [[127.1608282, 37.4435936], [127.1609651, 37.4433569], [127.1611709, 37.4430184]]}, "properties": {"id": "geumgwang1-impassable-148", "dong": "금광1동", "source_pdf": "금광1동.pdf", "source_page": 1, "reason": "소방차 진입곤란 지정", "note": "", "stroke_width_pt": 4.25, "georef_median_error_m": 2.62, "georef_p90_error_m": 4.4, "georef_inliers": 232, "sheet_count": 1}}, {"type": "Feature", "geometry": {"type": "LineString", "coordinates": [[127.162552, 37.4427378], [127.1623465, 37.4430748]]}, "properties": {"id": "geumgwang1-impassable-149", "dong": "금광1동", "source_pdf": "금광1동.pdf", "source_page": 1, "reason": "소방차 진입곤란 지정", "note": "", "stroke_width_pt": 4.25, "georef_median_error_m": 2.62, "georef_p90_error_m": 4.4, "georef_inliers": 232, "sheet_count": 1}}, {"type": "Feature", "geometry": {"type": "LineString", "coordinates": [[127.162353, 37.4426768], [127.1620105, 37.4432287]]}, "properties": {"id": "geumgwang1-impassable-150", "dong": "금광1동", "source_pdf": "금광1동.pdf", "source_page": 1, "reason": "소방차 진입곤란 지정", "note": "", "stroke_width_pt": 4.25, "georef_median_error_m": 2.62, "georef_p90_error_m": 4.4, "georef_inliers": 232, "sheet_count": 1}}, {"type": "Feature", "geometry": {"type": "LineString", "coordinates": [[127.163133, 37.4421863], [127.1628179, 37.4427176]]}, "properties": {"id": "geumgwang1-impassable-151", "dong": "금광1동", "source_pdf": "금광1동.pdf", "source_page": 1, "reason": "소방차 진입곤란 지정", "note": "", "stroke_width_pt": 4.25, "georef_median_error_m": 2.62, "georef_p90_error_m": 4.4, "georef_inliers": 232, "sheet_count": 1}}, {"type": "Feature", "geometry": {"type": "LineString", "coordinates": [[127.1627363, 37.4420342], [127.1624134, 37.4425795]]}, "properties": {"id": "geumgwang1-impassable-152", "dong": "금광1동", "source_pdf": "금광1동.pdf", "source_page": 1, "reason": "소방차 진입곤란 지정", "note": "", "stroke_width_pt": 4.25, "georef_median_error_m": 2.62, "georef_p90_error_m": 4.4, "georef_inliers": 232, "sheet_count": 1}}, {"type": "Feature", "geometry": {"type": "LineString", "coordinates": [[127.1668825, 37.444232], [127.1666155, 37.4446908], [127.1665923, 37.4447331]]}, "properties": {"id": "geumgwang1-impassable-158", "dong": "금광1동", "source_pdf": "금광1동.pdf", "source_page": 1, "reason": "소방차 진입곤란 지정", "note": "", "stroke_width_pt": 4.25, "georef_median_error_m": 2.62, "georef_p90_error_m": 4.4, "georef_inliers": 232, "sheet_count": 1}}, {"type": "Feature", "geometry": {"type": "LineString", "coordinates": [[127.1666935, 37.4440619], [127.1665093, 37.4443648], [127.1663495, 37.444638]]}, "properties": {"id": "geumgwang1-impassable-159", "dong": "금광1동", "source_pdf": "금광1동.pdf", "source_page": 1, "reason": "소방차 진입곤란 지정", "note": "", "stroke_width_pt": 4.25, "georef_median_error_m": 2.62, "georef_p90_error_m": 4.4, "georef_inliers": 232, "sheet_count": 1}}, {"type": "Feature", "geometry": {"type": "LineString", "coordinates": [[127.1661064, 37.4444417], [127.1655727, 37.4443292]]}, "properties": {"id": "geumgwang1-impassable-164", "dong": "금광1동", "source_pdf": "금광1동.pdf", "source_page": 1, "reason": "소방차 진입곤란 지정", "note": "", "stroke_width_pt": 4.25, "georef_median_error_m": 2.62, "georef_p90_error_m": 4.4, "georef_inliers": 232, "sheet_count": 1}}, {"type": "Feature", "geometry": {"type": "LineString", "coordinates": [[127.1661952, 37.4442849], [127.165631, 37.444165]]}, "properties": {"id": "geumgwang1-impassable-165", "dong": "금광1동", "source_pdf": "금광1동.pdf", "source_page": 1, "reason": "소방차 진입곤란 지정", "note": "", "stroke_width_pt": 4.25, "georef_median_error_m": 2.62, "georef_p90_error_m": 4.4, "georef_inliers": 232, "sheet_count": 1}}, {"type": "Feature", "geometry": {"type": "LineString", "coordinates": [[127.1662991, 37.4441314], [127.1656821, 37.4440004]]}, "properties": {"id": "geumgwang1-impassable-166", "dong": "금광1동", "source_pdf": "금광1동.pdf", "source_page": 1, "reason": "소방차 진입곤란 지정", "note": "", "stroke_width_pt": 4.25, "georef_median_error_m": 2.62, "georef_p90_error_m": 4.4, "georef_inliers": 232, "sheet_count": 1}}, {"type": "Feature", "geometry": {"type": "LineString", "coordinates": [[127.1636706, 37.4431608], [127.1633152, 37.4437472]]}, "properties": {"id": "geumgwang1-impassable-169", "dong": "금광1동", "source_pdf": "금광1동.pdf", "source_page": 1, "reason": "소방차 진입곤란 지정", "note": "", "stroke_width_pt": 4.25, "georef_median_error_m": 2.62, "georef_p90_error_m": 4.4, "georef_inliers": 232, "sheet_count": 1}}, {"type": "Feature", "geometry": {"type": "LineString", "coordinates": [[127.164922, 37.4436412], [127.1645617, 37.4442303]]}, "properties": {"id": "geumgwang1-impassable-170", "dong": "금광1동", "source_pdf": "금광1동.pdf", "source_page": 1, "reason": "소방차 진입곤란 지정", "note": "", "stroke_width_pt": 4.25, "georef_median_error_m": 2.62, "georef_p90_error_m": 4.4, "georef_inliers": 232, "sheet_count": 1}}, {"type": "Feature", "geometry": {"type": "LineString", "coordinates": [[127.1627052, 37.4443155], [127.1630618, 37.4437303]]}, "properties": {"id": "geumgwang1-impassable-171", "dong": "금광1동", "source_pdf": "금광1동.pdf", "source_page": 1, "reason": "소방차 진입곤란 지정", "note": "", "stroke_width_pt": 4.25, "georef_median_error_m": 2.62, "georef_p90_error_m": 4.4, "georef_inliers": 232, "sheet_count": 1}}, {"type": "Feature", "geometry": {"type": "LineString", "coordinates": [[127.1606289, 37.4419188], [127.1607511, 37.4417139]]}, "properties": {"id": "geumgwang1-impassable-177", "dong": "금광1동", "source_pdf": "금광1동.pdf", "source_page": 1, "reason": "소방차 진입곤란 지정", "note": "", "stroke_width_pt": 4.25, "georef_median_error_m": 2.62, "georef_p90_error_m": 4.4, "georef_inliers": 232, "sheet_count": 1}}, {"type": "Feature", "geometry": {"type": "LineString", "coordinates": [[127.162745, 37.4428259], [127.1625533, 37.4431388], [127.162409, 37.4433753]]}, "properties": {"id": "geumgwang1-impassable-178", "dong": "금광1동", "source_pdf": "금광1동.pdf", "source_page": 1, "reason": "소방차 진입곤란 지정", "note": "", "stroke_width_pt": 4.25, "georef_median_error_m": 2.62, "georef_p90_error_m": 4.4, "georef_inliers": 232, "sheet_count": 1}}, {"type": "Feature", "geometry": {"type": "LineString", "coordinates": [[127.1604944, 37.4434686], [127.1608481, 37.442888]]}, "properties": {"id": "geumgwang1-impassable-179", "dong": "금광1동", "source_pdf": "금광1동.pdf", "source_page": 1, "reason": "소방차 진입곤란 지정", "note": "", "stroke_width_pt": 4.25, "georef_median_error_m": 2.62, "georef_p90_error_m": 4.4, "georef_inliers": 232, "sheet_count": 1}}, {"type": "Feature", "geometry": {"type": "LineString", "coordinates": [[127.1615691, 37.4439583], [127.1612236, 37.4445306]]}, "properties": {"id": "geumgwang1-impassable-180", "dong": "금광1동", "source_pdf": "금광1동.pdf", "source_page": 1, "reason": "소방차 진입곤란 지정", "note": "", "stroke_width_pt": 4.25, "georef_median_error_m": 2.62, "georef_p90_error_m": 4.4, "georef_inliers": 232, "sheet_count": 1}}, {"type": "Feature", "geometry": {"type": "LineString", "coordinates": [[127.1657095, 37.443843], [127.1654988, 37.4444619]]}, "properties": {"id": "geumgwang1-impassable-192", "dong": "금광1동", "source_pdf": "금광1동.pdf", "source_page": 1, "reason": "소방차 진입곤란 지정", "note": "", "stroke_width_pt": 4.25, "georef_median_error_m": 2.62, "georef_p90_error_m": 4.4, "georef_inliers": 232, "sheet_count": 1}}, {"type": "Feature", "geometry": {"type": "LineString", "coordinates": [[127.1661153, 37.4445772], [127.1667942, 37.4448478]]}, "properties": {"id": "geumgwang1-impassable-195", "dong": "금광1동", "source_pdf": "금광1동.pdf", "source_page": 1, "reason": "소방차 진입곤란 지정", "note": "", "stroke_width_pt": 4.25, "georef_median_error_m": 2.62, "georef_p90_error_m": 4.4, "georef_inliers": 232, "sheet_count": 1}}, {"type": "Feature", "geometry": {"type": "LineString", "coordinates": [[127.1662177, 37.4453519], [127.1665554, 37.4447921]]}, "properties": {"id": "geumgwang1-impassable-196", "dong": "금광1동", "source_pdf": "금광1동.pdf", "source_page": 1, "reason": "소방차 진입곤란 지정", "note": "", "stroke_width_pt": 4.25, "georef_median_error_m": 2.62, "georef_p90_error_m": 4.4, "georef_inliers": 232, "sheet_count": 1}}, {"type": "Feature", "geometry": {"type": "LineString", "coordinates": [[127.1667597, 37.4450445], [127.1668629, 37.4450717]]}, "properties": {"id": "geumgwang1-impassable-197", "dong": "금광1동", "source_pdf": "금광1동.pdf", "source_page": 1, "reason": "소방차 진입곤란 지정", "note": "", "stroke_width_pt": 4.25, "georef_median_error_m": 2.62, "georef_p90_error_m": 4.4, "georef_inliers": 232, "sheet_count": 1}}, {"type": "Feature", "geometry": {"type": "LineString", "coordinates": [[127.165952, 37.4452981], [127.1662931, 37.4447306], [127.1663141, 37.4446961]]}, "properties": {"id": "geumgwang1-impassable-198", "dong": "금광1동", "source_pdf": "금광1동.pdf", "source_page": 1, "reason": "소방차 진입곤란 지정", "note": "", "stroke_width_pt": 4.25, "georef_median_error_m": 2.62, "georef_p90_error_m": 4.4, "georef_inliers": 232, "sheet_count": 1}}, {"type": "Feature", "geometry": {"type": "LineString", "coordinates": [[127.1666436, 37.4452471], [127.1667511, 37.4452742], [127.1668635, 37.4452958]]}, "properties": {"id": "geumgwang1-impassable-199", "dong": "금광1동", "source_pdf": "금광1동.pdf", "source_page": 1, "reason": "소방차 진입곤란 지정", "note": "", "stroke_width_pt": 4.25, "georef_median_error_m": 2.62, "georef_p90_error_m": 4.4, "georef_inliers": 232, "sheet_count": 1}}, {"type": "Feature", "geometry": {"type": "LineString", "coordinates": [[127.1668684, 37.4440625], [127.166768, 37.4440376]]}, "properties": {"id": "geumgwang1-impassable-201", "dong": "금광1동", "source_pdf": "금광1동.pdf", "source_page": 1, "reason": "소방차 진입곤란 지정", "note": "", "stroke_width_pt": 4.25, "georef_median_error_m": 2.62, "georef_p90_error_m": 4.4, "georef_inliers": 232, "sheet_count": 1}}, {"type": "Feature", "geometry": {"type": "LineString", "coordinates": [[127.1668944, 37.4448583], [127.1668739, 37.4448533]]}, "properties": {"id": "geumgwang1-impassable-202", "dong": "금광1동", "source_pdf": "금광1동.pdf", "source_page": 1, "reason": "소방차 진입곤란 지정", "note": "", "stroke_width_pt": 4.25, "georef_median_error_m": 2.62, "georef_p90_error_m": 4.4, "georef_inliers": 232, "sheet_count": 1}}, {"type": "Feature", "geometry": {"type": "LineString", "coordinates": [[127.1588932, 37.4441769], [127.1590746, 37.4438924], [127.1590843, 37.4438764], [127.1595009, 37.4431937]]}, "properties": {"id": "geumgwang1-impassable-218", "dong": "금광1동", "source_pdf": "금광1동.pdf", "source_page": 1, "reason": "소방차 진입곤란 지정", "note": "", "stroke_width_pt": 4.25, "georef_median_error_m": 2.62, "georef_p90_error_m": 4.4, "georef_inliers": 232, "sheet_count": 1}}, {"type": "Feature", "geometry": {"type": "LineString", "coordinates": [[127.1600671, 37.4440477], [127.1600136, 37.4441333]]}, "properties": {"id": "geumgwang1-impassable-219", "dong": "금광1동", "source_pdf": "금광1동.pdf", "source_page": 1, "reason": "소방차 진입곤란 지정", "note": "", "stroke_width_pt": 4.25, "georef_median_error_m": 2.62, "georef_p90_error_m": 4.4, "georef_inliers": 232, "sheet_count": 1}}, {"type": "Feature", "geometry": {"type": "LineString", "coordinates": [[127.1597856, 37.4440919], [127.1598708, 37.4441203], [127.1599933, 37.4441694], [127.159994, 37.4441697], [127.1600675, 37.4441936]]}, "properties": {"id": "geumgwang1-impassable-220", "dong": "금광1동", "source_pdf": "금광1동.pdf", "source_page": 1, "reason": "소방차 진입곤란 지정", "note": "", "stroke_width_pt": 4.25, "georef_median_error_m": 2.62, "georef_p90_error_m": 4.4, "georef_inliers": 232, "sheet_count": 1}}, {"type": "Feature", "geometry": {"type": "LineString", "coordinates": [[127.1583879, 37.4440168], [127.1585763, 37.4437307]]}, "properties": {"id": "geumgwang1-impassable-221", "dong": "금광1동", "source_pdf": "금광1동.pdf", "source_page": 1, "reason": "소방차 진입곤란 지정", "note": "", "stroke_width_pt": 4.25, "georef_median_error_m": 2.62, "georef_p90_error_m": 4.4, "georef_inliers": 232, "sheet_count": 1}}, {"type": "Feature", "geometry": {"type": "LineString", "coordinates": [[127.1592017, 37.4430692], [127.1589616, 37.4434679], [127.1588032, 37.4437312]]}, "properties": {"id": "geumgwang1-impassable-222", "dong": "금광1동", "source_pdf": "금광1동.pdf", "source_page": 1, "reason": "소방차 진입곤란 지정", "note": "", "stroke_width_pt": 4.25, "georef_median_error_m": 2.62, "georef_p90_error_m": 4.4, "georef_inliers": 232, "sheet_count": 1}}, {"type": "Feature", "geometry": {"type": "LineString", "coordinates": [[127.1584046, 37.4435926], [127.1585938, 37.4436938], [127.1585983, 37.4436955], [127.1587837, 37.4437647], [127.1587982, 37.4437701], [127.1592895, 37.4439556]]}, "properties": {"id": "geumgwang1-impassable-223", "dong": "금광1동", "source_pdf": "금광1동.pdf", "source_page": 1, "reason": "소방차 진입곤란 지정", "note": "", "stroke_width_pt": 4.25, "georef_median_error_m": 2.62, "georef_p90_error_m": 4.4, "georef_inliers": 232, "sheet_count": 1}}, {"type": "Feature", "geometry": {"type": "LineString", "coordinates": [[127.1599156, 37.4404894], [127.1600701, 37.4403768]]}, "properties": {"id": "geumgwang1-impassable-224", "dong": "금광1동", "source_pdf": "금광1동.pdf", "source_page": 1, "reason": "소방차 진입곤란 지정", "note": "", "stroke_width_pt": 4.25, "georef_median_error_m": 2.62, "georef_p90_error_m": 4.4, "georef_inliers": 232, "sheet_count": 1}}, {"type": "Feature", "geometry": {"type": "LineString", "coordinates": [[127.1610104, 37.4533417], [127.1616732, 37.4531478]]}, "properties": {"id": "geumgwang2-1-impassable-009", "dong": "금광2동1", "source_pdf": "금광2동1.pdf", "source_page": 1, "reason": "소방차 진입곤란 지정", "note": "", "stroke_width_pt": 4.25, "georef_median_error_m": 1.56, "georef_p90_error_m": 3.38, "georef_inliers": 198, "sheet_count": 1}}, {"type": "Feature", "geometry": {"type": "LineString", "coordinates": [[127.1609312, 37.4531547], [127.1615821, 37.4529628]]}, "properties": {"id": "geumgwang2-1-impassable-010", "dong": "금광2동1", "source_pdf": "금광2동1.pdf", "source_page": 1, "reason": "소방차 진입곤란 지정", "note": "", "stroke_width_pt": 4.25, "georef_median_error_m": 1.56, "georef_p90_error_m": 3.38, "georef_inliers": 198, "sheet_count": 1}}, {"type": "Feature", "geometry": {"type": "LineString", "coordinates": [[127.1607523, 37.4527714], [127.16142, 37.452576]]}, "properties": {"id": "geumgwang2-1-impassable-011", "dong": "금광2동1", "source_pdf": "금광2동1.pdf", "source_page": 1, "reason": "소방차 진입곤란 지정", "note": "", "stroke_width_pt": 4.25, "georef_median_error_m": 1.56, "georef_p90_error_m": 3.38, "georef_inliers": 198, "sheet_count": 1}}, {"type": "Feature", "geometry": {"type": "LineString", "coordinates": [[127.1606671, 37.4525964], [127.1613348, 37.452401]]}, "properties": {"id": "geumgwang2-1-impassable-013", "dong": "금광2동1", "source_pdf": "금광2동1.pdf", "source_page": 1, "reason": "소방차 진입곤란 지정", "note": "", "stroke_width_pt": 4.25, "georef_median_error_m": 1.56, "georef_p90_error_m": 3.38, "georef_inliers": 198, "sheet_count": 1}}, {"type": "Feature", "geometry": {"type": "LineString", "coordinates": [[127.1614448, 37.4523672], [127.1616657, 37.452302]]}, "properties": {"id": "geumgwang2-1-impassable-014", "dong": "금광2동1", "source_pdf": "금광2동1.pdf", "source_page": 1, "reason": "소방차 진입곤란 지정", "note": "", "stroke_width_pt": 4.25, "georef_median_error_m": 1.56, "georef_p90_error_m": 3.38, "georef_inliers": 198, "sheet_count": 1}}, {"type": "Feature", "geometry": {"type": "LineString", "coordinates": [[127.1604307, 37.452059], [127.1610984, 37.4518637]]}, "properties": {"id": "geumgwang2-1-impassable-015", "dong": "금광2동1", "source_pdf": "금광2동1.pdf", "source_page": 1, "reason": "소방차 진입곤란 지정", "note": "", "stroke_width_pt": 4.25, "georef_median_error_m": 1.56, "georef_p90_error_m": 3.38, "georef_inliers": 198, "sheet_count": 1}}, {"type": "Feature", "geometry": {"type": "LineString", "coordinates": [[127.1612085, 37.4518417], [127.1614293, 37.4517765]]}, "properties": {"id": "geumgwang2-1-impassable-016", "dong": "금광2동1", "source_pdf": "금광2동1.pdf", "source_page": 1, "reason": "소방차 진입곤란 지정", "note": "", "stroke_width_pt": 4.25, "georef_median_error_m": 1.56, "georef_p90_error_m": 3.38, "georef_inliers": 198, "sheet_count": 1}}, {"type": "Feature", "geometry": {"type": "LineString", "coordinates": [[127.1605784, 37.4524177], [127.1612461, 37.4522223]]}, "properties": {"id": "geumgwang2-1-impassable-017", "dong": "금광2동1", "source_pdf": "금광2동1.pdf", "source_page": 1, "reason": "소방차 진입곤란 지정", "note": "", "stroke_width_pt": 4.25, "georef_median_error_m": 1.56, "georef_p90_error_m": 3.38, "georef_inliers": 198, "sheet_count": 1}}, {"type": "Feature", "geometry": {"type": "LineString", "coordinates": [[127.1613562, 37.4521885], [127.1614726, 37.4521541], [127.1615945, 37.4521329]]}, "properties": {"id": "geumgwang2-1-impassable-018", "dong": "금광2동1", "source_pdf": "금광2동1.pdf", "source_page": 1, "reason": "소방차 진입곤란 지정", "note": "", "stroke_width_pt": 4.25, "georef_median_error_m": 1.56, "georef_p90_error_m": 3.38, "georef_inliers": 198, "sheet_count": 1}}, {"type": "Feature", "geometry": {"type": "LineString", "coordinates": [[127.1605002, 37.4522392], [127.1611679, 37.4520439]]}, "properties": {"id": "geumgwang2-1-impassable-019", "dong": "금광2동1", "source_pdf": "금광2동1.pdf", "source_page": 1, "reason": "소방차 진입곤란 지정", "note": "", "stroke_width_pt": 4.25, "georef_median_error_m": 1.56, "georef_p90_error_m": 3.38, "georef_inliers": 198, "sheet_count": 1}}, {"type": "Feature", "geometry": {"type": "LineString", "coordinates": [[127.1615169, 37.4519588], [127.1614005, 37.4519932], [127.1612786, 37.4520144]]}, "properties": {"id": "geumgwang2-1-impassable-020", "dong": "금광2동1", "source_pdf": "금광2동1.pdf", "source_page": 1, "reason": "소방차 진입곤란 지정", "note": "", "stroke_width_pt": 4.25, "georef_median_error_m": 1.56, "georef_p90_error_m": 3.38, "georef_inliers": 198, "sheet_count": 1}}, {"type": "Feature", "geometry": {"type": "LineString", "coordinates": [[127.1602823, 37.4516971], [127.160728, 37.4515646], [127.1608507, 37.4515366], [127.1609425, 37.4515091]]}, "properties": {"id": "geumgwang2-1-impassable-021", "dong": "금광2동1", "source_pdf": "금광2동1.pdf", "source_page": 1, "reason": "소방차 진입곤란 지정", "note": "", "stroke_width_pt": 4.25, "georef_median_error_m": 1.56, "georef_p90_error_m": 3.38, "georef_inliers": 198, "sheet_count": 1}}, {"type": "Feature", "geometry": {"type": "LineString", "coordinates": [[127.1601856, 37.4515232], [127.1605346, 37.4514176], [127.1606558, 37.451387], [127.1608613, 37.4513311]]}, "properties": {"id": "geumgwang2-1-impassable-023", "dong": "금광2동1", "source_pdf": "금광2동1.pdf", "source_page": 1, "reason": "소방차 진입곤란 지정", "note": "", "stroke_width_pt": 4.25, "georef_median_error_m": 1.56, "georef_p90_error_m": 3.38, "georef_inliers": 198, "sheet_count": 1}}, {"type": "Feature", "geometry": {"type": "LineString", "coordinates": [[127.1609828, 37.451301], [127.1611798, 37.4512461], [127.1616825, 37.4511065]]}, "properties": {"id": "geumgwang2-1-impassable-024", "dong": "금광2동1", "source_pdf": "금광2동1.pdf", "source_page": 1, "reason": "소방차 진입곤란 지정", "note": "", "stroke_width_pt": 4.25, "georef_median_error_m": 1.56, "georef_p90_error_m": 3.38, "georef_inliers": 198, "sheet_count": 1}}, {"type": "Feature", "geometry": {"type": "LineString", "coordinates": [[127.1601101, 37.4513444], [127.1603272, 37.4512811], [127.1604534, 37.4512483], [127.1607894, 37.4511542]]}, "properties": {"id": "geumgwang2-1-impassable-025", "dong": "금광2동1", "source_pdf": "금광2동1.pdf", "source_page": 1, "reason": "소방차 진입곤란 지정", "note": "", "stroke_width_pt": 4.25, "georef_median_error_m": 1.56, "georef_p90_error_m": 3.38, "georef_inliers": 198, "sheet_count": 1}}, {"type": "Feature", "geometry": {"type": "LineString", "coordinates": [[127.1609042, 37.4511184], [127.1616004, 37.4509258]]}, "properties": {"id": "geumgwang2-1-impassable-026", "dong": "금광2동1", "source_pdf": "금광2동1.pdf", "source_page": 1, "reason": "소방차 진입곤란 지정", "note": "", "stroke_width_pt": 4.25, "georef_median_error_m": 1.56, "georef_p90_error_m": 3.38, "georef_inliers": 198, "sheet_count": 1}}, {"type": "Feature", "geometry": {"type": "LineString", "coordinates": [[127.1600547, 37.4512203], [127.1602718, 37.4511569], [127.160398, 37.4511241], [127.160734, 37.4510301]]}, "properties": {"id": "geumgwang2-1-impassable-027", "dong": "금광2동1", "source_pdf": "금광2동1.pdf", "source_page": 1, "reason": "소방차 진입곤란 지정", "note": "", "stroke_width_pt": 4.25, "georef_median_error_m": 1.56, "georef_p90_error_m": 3.38, "georef_inliers": 198, "sheet_count": 1}}, {"type": "Feature", "geometry": {"type": "LineString", "coordinates": [[127.1608488, 37.4509943], [127.161545, 37.4508017]]}, "properties": {"id": "geumgwang2-1-impassable-028", "dong": "금광2동1", "source_pdf": "금광2동1.pdf", "source_page": 1, "reason": "소방차 진입곤란 지정", "note": "", "stroke_width_pt": 4.25, "georef_median_error_m": 1.56, "georef_p90_error_m": 3.38, "georef_inliers": 198, "sheet_count": 1}}, {"type": "Feature", "geometry": {"type": "LineString", "coordinates": [[127.1600165, 37.4511029], [127.1602337, 37.4510396], [127.1603599, 37.4510068], [127.1606958, 37.4509127]]}, "properties": {"id": "geumgwang2-1-impassable-029", "dong": "금광2동1", "source_pdf": "금광2동1.pdf", "source_page": 1, "reason": "소방차 진입곤란 지정", "note": "", "stroke_width_pt": 4.25, "georef_median_error_m": 1.56, "georef_p90_error_m": 3.38, "georef_inliers": 198, "sheet_count": 1}}, {"type": "Feature", "geometry": {"type": "LineString", "coordinates": [[127.1607983, 37.4508842], [127.1614889, 37.4506858]]}, "properties": {"id": "geumgwang2-1-impassable-030", "dong": "금광2동1", "source_pdf": "금광2동1.pdf", "source_page": 1, "reason": "소방차 진입곤란 지정", "note": "", "stroke_width_pt": 4.25, "georef_median_error_m": 1.56, "georef_p90_error_m": 3.38, "georef_inliers": 198, "sheet_count": 1}}, {"type": "Feature", "geometry": {"type": "LineString", "coordinates": [[127.1599528, 37.4509139], [127.16017, 37.4508505], [127.1602961, 37.4508177], [127.1606321, 37.4507237]]}, "properties": {"id": "geumgwang2-1-impassable-031", "dong": "금광2동1", "source_pdf": "금광2동1.pdf", "source_page": 1, "reason": "소방차 진입곤란 지정", "note": "", "stroke_width_pt": 4.25, "georef_median_error_m": 1.56, "georef_p90_error_m": 3.38, "georef_inliers": 198, "sheet_count": 1}}, {"type": "Feature", "geometry": {"type": "LineString", "coordinates": [[127.1607194, 37.4507023], [127.1614156, 37.4505097]]}, "properties": {"id": "geumgwang2-1-impassable-032", "dong": "금광2동1", "source_pdf": "금광2동1.pdf", "source_page": 1, "reason": "소방차 진입곤란 지정", "note": "", "stroke_width_pt": 4.25, "georef_median_error_m": 1.56, "georef_p90_error_m": 3.38, "georef_inliers": 198, "sheet_count": 1}}, {"type": "Feature", "geometry": {"type": "LineString", "coordinates": [[127.1608108, 37.4503415], [127.1607084, 37.4501052], [127.1607009, 37.4500835], [127.160692, 37.4500576], [127.1604695, 37.4495618], [127.1604621, 37.4495428], [127.1604505, 37.4495128], [127.1602331, 37.4490149], [127.1602257, 37.4489856], [127.1602193, 37.4489604], [127.1600555, 37.4485784]]}, "properties": {"id": "geumgwang2-1-impassable-033", "dong": "금광2동1", "source_pdf": "금광2동1.pdf", "source_page": 1, "reason": "소방차 진입곤란 지정", "note": "", "stroke_width_pt": 4.25, "georef_median_error_m": 1.56, "georef_p90_error_m": 3.38, "georef_inliers": 198, "sheet_count": 1}}, {"type": "Feature", "geometry": {"type": "LineString", "coordinates": [[127.1610669, 37.4502685], [127.1609636, 37.4500319], [127.1609531, 37.4500132], [127.1609405, 37.4499909], [127.1607621, 37.4495745], [127.1607299, 37.4494911], [127.1607213, 37.4494729], [127.1607112, 37.4494515], [127.1604797, 37.4489161], [127.1604695, 37.4488923], [127.1602509, 37.4483897], [127.1602446, 37.4483761], [127.1602375, 37.4483607], [127.1600834, 37.4480056]]}, "properties": {"id": "geumgwang2-1-impassable-034", "dong": "금광2동1", "source_pdf": "금광2동1.pdf", "source_page": 1, "reason": "소방차 진입곤란 지정", "note": "", "stroke_width_pt": 4.25, "georef_median_error_m": 1.56, "georef_p90_error_m": 3.38, "georef_inliers": 198, "sheet_count": 1}}, {"type": "Feature", "geometry": {"type": "LineString", "coordinates": [[127.161198, 37.4499446], [127.1604824, 37.4501408]]}, "properties": {"id": "geumgwang2-1-impassable-035", "dong": "금광2동1", "source_pdf": "금광2동1.pdf", "source_page": 1, "reason": "소방차 진입곤란 지정", "note": "", "stroke_width_pt": 4.25, "georef_median_error_m": 1.56, "georef_p90_error_m": 3.38, "georef_inliers": 198, "sheet_count": 1}}, {"type": "Feature", "geometry": {"type": "LineString", "coordinates": [[127.1602184, 37.4496086], [127.1609508, 37.4494101]]}, "properties": {"id": "geumgwang2-1-impassable-036", "dong": "금광2동1", "source_pdf": "금광2동1.pdf", "source_page": 1, "reason": "소방차 진입곤란 지정", "note": "", "stroke_width_pt": 4.25, "georef_median_error_m": 1.56, "georef_p90_error_m": 3.38, "georef_inliers": 198, "sheet_count": 1}}, {"type": "Feature", "geometry": {"type": "LineString", "coordinates": [[127.1604803, 37.4483152], [127.1600818, 37.4484191]]}, "properties": {"id": "geumgwang2-1-impassable-037", "dong": "금광2동1", "source_pdf": "금광2동1.pdf", "source_page": 1, "reason": "소방차 진입곤란 지정", "note": "", "stroke_width_pt": 4.25, "georef_median_error_m": 1.56, "georef_p90_error_m": 3.38, "georef_inliers": 198, "sheet_count": 1}}, {"type": "Feature", "geometry": {"type": "LineString", "coordinates": [[127.1606681, 37.4484418], [127.1613461, 37.448257]]}, "properties": {"id": "geumgwang2-1-impassable-038", "dong": "금광2동1", "source_pdf": "금광2동1.pdf", "source_page": 1, "reason": "소방차 진입곤란 지정", "note": "", "stroke_width_pt": 4.25, "georef_median_error_m": 1.56, "georef_p90_error_m": 3.38, "georef_inliers": 198, "sheet_count": 1}}, {"type": "Feature", "geometry": {"type": "LineString", "coordinates": [[127.1605343, 37.448092], [127.1609496, 37.4479809]]}, "properties": {"id": "geumgwang2-1-impassable-039", "dong": "금광2동1", "source_pdf": "금광2동1.pdf", "source_page": 1, "reason": "소방차 진입곤란 지정", "note": "", "stroke_width_pt": 4.25, "georef_median_error_m": 1.56, "georef_p90_error_m": 3.38, "georef_inliers": 198, "sheet_count": 1}}, {"type": "Feature", "geometry": {"type": "LineString", "coordinates": [[127.1622783, 37.4480037], [127.162243, 37.4481069], [127.1622288, 37.448142]]}, "properties": {"id": "geumgwang2-1-impassable-040", "dong": "금광2동1", "source_pdf": "금광2동1.pdf", "source_page": 1, "reason": "소방차 진입곤란 지정", "note": "", "stroke_width_pt": 4.25, "georef_median_error_m": 1.56, "georef_p90_error_m": 3.38, "georef_inliers": 198, "sheet_count": 1}}, {"type": "Feature", "geometry": {"type": "LineString", "coordinates": [[127.163305, 37.4480418], [127.1632137, 37.4483238]]}, "properties": {"id": "geumgwang2-1-impassable-041", "dong": "금광2동1", "source_pdf": "금광2동1.pdf", "source_page": 1, "reason": "소방차 진입곤란 지정", "note": "", "stroke_width_pt": 4.25, "georef_median_error_m": 1.56, "georef_p90_error_m": 3.38, "georef_inliers": 198, "sheet_count": 1}}, {"type": "Feature", "geometry": {"type": "LineString", "coordinates": [[127.1614332, 37.4480255], [127.162137, 37.4481728], [127.1621393, 37.4481733]]}, "properties": {"id": "geumgwang2-1-impassable-042", "dong": "금광2동1", "source_pdf": "금광2동1.pdf", "source_page": 1, "reason": "소방차 진입곤란 지정", "note": "", "stroke_width_pt": 4.25, "georef_median_error_m": 1.56, "georef_p90_error_m": 3.38, "georef_inliers": 198, "sheet_count": 1}}, {"type": "Feature", "geometry": {"type": "LineString", "coordinates": [[127.1620761, 37.448584], [127.1621958, 37.4482396]]}, "properties": {"id": "geumgwang2-1-impassable-043", "dong": "금광2동1", "source_pdf": "금광2동1.pdf", "source_page": 1, "reason": "소방차 진입곤란 지정", "note": "", "stroke_width_pt": 4.25, "georef_median_error_m": 1.56, "georef_p90_error_m": 3.38, "georef_inliers": 198, "sheet_count": 1}}, {"type": "Feature", "geometry": {"type": "LineString", "coordinates": [[127.1625915, 37.4486204], [127.1627116, 37.4482686]]}, "properties": {"id": "geumgwang2-1-impassable-044", "dong": "금광2동1", "source_pdf": "금광2동1.pdf", "source_page": 1, "reason": "소방차 진입곤란 지정", "note": "", "stroke_width_pt": 4.25, "georef_median_error_m": 1.56, "georef_p90_error_m": 3.38, "georef_inliers": 198, "sheet_count": 1}}, {"type": "Feature", "geometry": {"type": "LineString", "coordinates": [[127.1628053, 37.4480033], [127.1627244, 37.4482404]]}, "properties": {"id": "geumgwang2-1-impassable-045", "dong": "금광2동1", "source_pdf": "금광2동1.pdf", "source_page": 1, "reason": "소방차 진입곤란 지정", "note": "", "stroke_width_pt": 4.25, "georef_median_error_m": 1.56, "georef_p90_error_m": 3.38, "georef_inliers": 198, "sheet_count": 1}}, {"type": "Feature", "geometry": {"type": "LineString", "coordinates": [[127.1631015, 37.448663], [127.1632063, 37.4483492]]}, "properties": {"id": "geumgwang2-1-impassable-046", "dong": "금광2동1", "source_pdf": "금광2동1.pdf", "source_page": 1, "reason": "소방차 진입곤란 지정", "note": "", "stroke_width_pt": 4.25, "georef_median_error_m": 1.56, "georef_p90_error_m": 3.38, "georef_inliers": 198, "sheet_count": 1}}, {"type": "Feature", "geometry": {"type": "LineString", "coordinates": [[127.1638504, 37.4495051], [127.164039, 37.448948]]}, "properties": {"id": "geumgwang2-1-impassable-051", "dong": "금광2동1", "source_pdf": "금광2동1.pdf", "source_page": 1, "reason": "소방차 진입곤란 지정", "note": "", "stroke_width_pt": 4.25, "georef_median_error_m": 1.56, "georef_p90_error_m": 3.38, "georef_inliers": 198, "sheet_count": 2}}, {"type": "Feature", "geometry": {"type": "LineString", "coordinates": [[127.1642947, 37.4496098], [127.1644968, 37.4490353]]}, "properties": {"id": "geumgwang2-1-impassable-052", "dong": "금광2동1", "source_pdf": "금광2동1.pdf", "source_page": 1, "reason": "소방차 진입곤란 지정", "note": "", "stroke_width_pt": 4.25, "georef_median_error_m": 1.56, "georef_p90_error_m": 3.38, "georef_inliers": 198, "sheet_count": 2}}, {"type": "Feature", "geometry": {"type": "LineString", "coordinates": [[127.1654455, 37.4491201], [127.1656402, 37.448569]]}, "properties": {"id": "geumgwang2-1-impassable-056", "dong": "금광2동1", "source_pdf": "금광2동1.pdf", "source_page": 1, "reason": "소방차 진입곤란 지정", "note": "", "stroke_width_pt": 4.25, "georef_median_error_m": 1.56, "georef_p90_error_m": 3.38, "georef_inliers": 198, "sheet_count": 2}}, {"type": "Feature", "geometry": {"type": "LineString", "coordinates": [[127.16423, 37.4471108], [127.1648459, 37.4472437], [127.1648479, 37.4472454]]}, "properties": {"id": "geumgwang2-1-impassable-057", "dong": "금광2동1", "source_pdf": "금광2동1.pdf", "source_page": 1, "reason": "소방차 진입곤란 지정", "note": "", "stroke_width_pt": 4.25, "georef_median_error_m": 1.56, "georef_p90_error_m": 3.38, "georef_inliers": 198, "sheet_count": 3}}, {"type": "Feature", "geometry": {"type": "LineString", "coordinates": [[127.1654592, 37.4473751], [127.1648656, 37.4472486]]}, "properties": {"id": "geumgwang2-1-impassable-058", "dong": "금광2동1", "source_pdf": "금광2동1.pdf", "source_page": 1, "reason": "소방차 진입곤란 지정", "note": "", "stroke_width_pt": 4.25, "georef_median_error_m": 1.56, "georef_p90_error_m": 3.38, "georef_inliers": 198, "sheet_count": 3}}, {"type": "Feature", "geometry": {"type": "LineString", "coordinates": [[127.1656707, 37.4467817], [127.1644547, 37.4465158]]}, "properties": {"id": "geumgwang2-1-impassable-059", "dong": "금광2동1", "source_pdf": "금광2동1.pdf", "source_page": 1, "reason": "소방차 진입곤란 지정", "note": "", "stroke_width_pt": 4.25, "georef_median_error_m": 1.56, "georef_p90_error_m": 3.38, "georef_inliers": 198, "sheet_count": 3}}, {"type": "Feature", "geometry": {"type": "LineString", "coordinates": [[127.1626678, 37.4467372], [127.1628052, 37.4467842], [127.1631188, 37.4468892], [127.1633871, 37.4469777], [127.1636491, 37.4470695]]}, "properties": {"id": "geumgwang2-1-impassable-060", "dong": "금광2동1", "source_pdf": "금광2동1.pdf", "source_page": 1, "reason": "소방차 진입곤란 지정", "note": "", "stroke_width_pt": 4.25, "georef_median_error_m": 1.56, "georef_p90_error_m": 3.38, "georef_inliers": 198, "sheet_count": 2}}, {"type": "Feature", "geometry": {"type": "LineString", "coordinates": [[127.1612845, 37.446876], [127.161522, 37.4468918], [127.1615972, 37.4469104], [127.1618102, 37.4469214], [127.1619747, 37.4469462], [127.1619927, 37.4470743]]}, "properties": {"id": "geumgwang2-1-impassable-061", "dong": "금광2동1", "source_pdf": "금광2동1.pdf", "source_page": 1, "reason": "소방차 진입곤란 지정", "note": "", "stroke_width_pt": 4.25, "georef_median_error_m": 1.56, "georef_p90_error_m": 3.38, "georef_inliers": 198, "sheet_count": 2}}, {"type": "Feature", "geometry": {"type": "LineString", "coordinates": [[127.1613418, 37.4464201], [127.1617014, 37.4465455], [127.1618801, 37.4466095], [127.1619627, 37.4466415]]}, "properties": {"id": "geumgwang2-1-impassable-062", "dong": "금광2동1", "source_pdf": "금광2동1.pdf", "source_page": 1, "reason": "소방차 진입곤란 지정", "note": "", "stroke_width_pt": 4.25, "georef_median_error_m": 1.56, "georef_p90_error_m": 3.38, "georef_inliers": 198, "sheet_count": 2}}, {"type": "Feature", "geometry": {"type": "LineString", "coordinates": [[127.1600784, 37.445894], [127.1608474, 37.4456895]]}, "properties": {"id": "geumgwang2-1-impassable-063", "dong": "금광2동1", "source_pdf": "금광2동1.pdf", "source_page": 1, "reason": "소방차 진입곤란 지정", "note": "", "stroke_width_pt": 4.25, "georef_median_error_m": 1.56, "georef_p90_error_m": 3.38, "georef_inliers": 198, "sheet_count": 2}}, {"type": "Feature", "geometry": {"type": "LineString", "coordinates": [[127.160079, 37.4463124], [127.1609965, 37.4460753], [127.1614095, 37.4459537]]}, "properties": {"id": "geumgwang2-1-impassable-064", "dong": "금광2동1", "source_pdf": "금광2동1.pdf", "source_page": 1, "reason": "소방차 진입곤란 지정", "note": "", "stroke_width_pt": 4.25, "georef_median_error_m": 1.56, "georef_p90_error_m": 3.38, "georef_inliers": 198, "sheet_count": 2}}, {"type": "Feature", "geometry": {"type": "LineString", "coordinates": [[127.1600774, 37.4451856], [127.1602496, 37.4451671]]}, "properties": {"id": "geumgwang2-1-impassable-065", "dong": "금광2동1", "source_pdf": "금광2동1.pdf", "source_page": 1, "reason": "소방차 진입곤란 지정", "note": "", "stroke_width_pt": 4.25, "georef_median_error_m": 1.56, "georef_p90_error_m": 3.38, "georef_inliers": 198, "sheet_count": 2}}, {"type": "Feature", "geometry": {"type": "LineString", "coordinates": [[127.1604209, 37.4451794], [127.1607921, 37.4453042], [127.161001, 37.4453683]]}, "properties": {"id": "geumgwang2-1-impassable-066", "dong": "금광2동1", "source_pdf": "금광2동1.pdf", "source_page": 1, "reason": "소방차 진입곤란 지정", "note": "", "stroke_width_pt": 4.25, "georef_median_error_m": 1.56, "georef_p90_error_m": 3.38, "georef_inliers": 198, "sheet_count": 2}}, {"type": "Feature", "geometry": {"type": "LineString", "coordinates": [[127.1617628, 37.4456099], [127.1622918, 37.4457906], [127.1624033, 37.4458271]]}, "properties": {"id": "geumgwang2-1-impassable-067", "dong": "금광2동1", "source_pdf": "금광2동1.pdf", "source_page": 1, "reason": "소방차 진입곤란 지정", "note": "", "stroke_width_pt": 4.25, "georef_median_error_m": 1.56, "georef_p90_error_m": 3.38, "georef_inliers": 198, "sheet_count": 2}}, {"type": "Feature", "geometry": {"type": "LineString", "coordinates": [[127.1630786, 37.4460474], [127.1635272, 37.4461988], [127.1636617, 37.446246]]}, "properties": {"id": "geumgwang2-1-impassable-068", "dong": "금광2동1", "source_pdf": "금광2동1.pdf", "source_page": 1, "reason": "소방차 진입곤란 지정", "note": "", "stroke_width_pt": 4.25, "georef_median_error_m": 1.56, "georef_p90_error_m": 3.38, "georef_inliers": 198, "sheet_count": 2}}, {"type": "Feature", "geometry": {"type": "LineString", "coordinates": [[127.1643071, 37.4464689], [127.1636862, 37.4462546]]}, "properties": {"id": "geumgwang2-1-impassable-069", "dong": "금광2동1", "source_pdf": "금광2동1.pdf", "source_page": 1, "reason": "소방차 진입곤란 지정", "note": "", "stroke_width_pt": 4.25, "georef_median_error_m": 1.56, "georef_p90_error_m": 3.38, "georef_inliers": 198, "sheet_count": 3}}, {"type": "Feature", "geometry": {"type": "LineString", "coordinates": [[127.1626549, 37.446554], [127.1621598, 37.4463873]]}, "properties": {"id": "geumgwang2-1-impassable-070", "dong": "금광2동1", "source_pdf": "금광2동1.pdf", "source_page": 1, "reason": "소방차 진입곤란 지정", "note": "", "stroke_width_pt": 4.25, "georef_median_error_m": 1.56, "georef_p90_error_m": 3.38, "georef_inliers": 198, "sheet_count": 2}}, {"type": "Feature", "geometry": {"type": "LineString", "coordinates": [[127.1615955, 37.4455578], [127.161036, 37.445379]]}, "properties": {"id": "geumgwang2-1-impassable-071", "dong": "금광2동1", "source_pdf": "금광2동1.pdf", "source_page": 1, "reason": "소방차 진입곤란 지정", "note": "", "stroke_width_pt": 4.25, "georef_median_error_m": 1.56, "georef_p90_error_m": 3.38, "georef_inliers": 198, "sheet_count": 2}}, {"type": "Feature", "geometry": {"type": "LineString", "coordinates": [[127.1614701, 37.4461633], [127.1620482, 37.4463577]]}, "properties": {"id": "geumgwang2-1-impassable-072", "dong": "금광2동1", "source_pdf": "금광2동1.pdf", "source_page": 1, "reason": "소방차 진입곤란 지정", "note": "", "stroke_width_pt": 4.25, "georef_median_error_m": 1.56, "georef_p90_error_m": 3.38, "georef_inliers": 198, "sheet_count": 2}}, {"type": "Feature", "geometry": {"type": "LineString", "coordinates": [[127.1629338, 37.4460029], [127.1624252, 37.4458323]]}, "properties": {"id": "geumgwang2-1-impassable-073", "dong": "금광2동1", "source_pdf": "금광2동1.pdf", "source_page": 1, "reason": "소방차 진입곤란 지정", "note": "", "stroke_width_pt": 4.25, "georef_median_error_m": 1.56, "georef_p90_error_m": 3.38, "georef_inliers": 198, "sheet_count": 2}}, {"type": "Feature", "geometry": {"type": "LineString", "coordinates": [[127.1630808, 37.4469128], [127.1629361, 37.4471552]]}, "properties": {"id": "geumgwang2-1-impassable-074", "dong": "금광2동1", "source_pdf": "금광2동1.pdf", "source_page": 1, "reason": "소방차 진입곤란 지정", "note": "", "stroke_width_pt": 4.25, "georef_median_error_m": 1.56, "georef_p90_error_m": 3.38, "georef_inliers": 198, "sheet_count": 2}}, {"type": "Feature", "geometry": {"type": "LineString", "coordinates": [[127.1630936, 37.4472169], [127.1628, 37.4471206], [127.1627541, 37.4471396], [127.162584, 37.4474709], [127.1625363, 37.447487], [127.1618915, 37.4473493]]}, "properties": {"id": "geumgwang2-1-impassable-075", "dong": "금광2동1", "source_pdf": "금광2동1.pdf", "source_page": 1, "reason": "소방차 진입곤란 지정", "note": "", "stroke_width_pt": 4.25, "georef_median_error_m": 1.56, "georef_p90_error_m": 3.38, "georef_inliers": 198, "sheet_count": 2}}, {"type": "Feature", "geometry": {"type": "LineString", "coordinates": [[127.1626047, 37.4474634], [127.1627468, 37.4475135], [127.162693, 37.4476225]]}, "properties": {"id": "geumgwang2-1-impassable-076", "dong": "금광2동1", "source_pdf": "금광2동1.pdf", "source_page": 1, "reason": "소방차 진입곤란 지정", "note": "", "stroke_width_pt": 4.25, "georef_median_error_m": 1.56, "georef_p90_error_m": 3.38, "georef_inliers": 198, "sheet_count": 1}}, {"type": "Feature", "geometry": {"type": "LineString", "coordinates": [[127.1618377, 37.4476252], [127.1618779, 37.4473436], [127.1619752, 37.4471099], [127.162024, 37.4470955], [127.1621375, 37.4471074], [127.1625338, 37.446892], [127.1628218, 37.4463395]]}, "properties": {"id": "geumgwang2-1-impassable-077", "dong": "금광2동1", "source_pdf": "금광2동1.pdf", "source_page": 1, "reason": "소방차 진입곤란 지정", "note": "", "stroke_width_pt": 4.25, "georef_median_error_m": 1.56, "georef_p90_error_m": 3.38, "georef_inliers": 198, "sheet_count": 2}}, {"type": "Feature", "geometry": {"type": "LineString", "coordinates": [[127.1622222, 37.446152], [127.1618216, 37.4468975]]}, "properties": {"id": "geumgwang2-1-impassable-078", "dong": "금광2동1", "source_pdf": "금광2동1.pdf", "source_page": 1, "reason": "소방차 진입곤란 지정", "note": "", "stroke_width_pt": 4.25, "georef_median_error_m": 1.56, "georef_p90_error_m": 3.38, "georef_inliers": 198, "sheet_count": 2}}, {"type": "Feature", "geometry": {"type": "LineString", "coordinates": [[127.1602247, 37.4474149], [127.1610629, 37.4471954]]}, "properties": {"id": "geumgwang2-1-impassable-079", "dong": "금광2동1", "source_pdf": "금광2동1.pdf", "source_page": 1, "reason": "소방차 진입곤란 지정", "note": "", "stroke_width_pt": 4.25, "georef_median_error_m": 1.56, "georef_p90_error_m": 3.38, "georef_inliers": 198, "sheet_count": 1}}, {"type": "Feature", "geometry": {"type": "LineString", "coordinates": [[127.1608062, 37.4480212], [127.161192, 37.4479184]]}, "properties": {"id": "geumgwang2-1-impassable-080", "dong": "금광2동1", "source_pdf": "금광2동1.pdf", "source_page": 1, "reason": "소방차 진입곤란 지정", "note": "", "stroke_width_pt": 4.25, "georef_median_error_m": 1.56, "georef_p90_error_m": 3.38, "georef_inliers": 198, "sheet_count": 1}}, {"type": "Feature", "geometry": {"type": "LineString", "coordinates": [[127.1600801, 37.4471167], [127.1611042, 37.446827]]}, "properties": {"id": "geumgwang2-1-impassable-081", "dong": "금광2동1", "source_pdf": "금광2동1.pdf", "source_page": 1, "reason": "소방차 진입곤란 지정", "note": "", "stroke_width_pt": 4.25, "georef_median_error_m": 1.56, "georef_p90_error_m": 3.38, "georef_inliers": 198, "sheet_count": 2}}, {"type": "Feature", "geometry": {"type": "LineString", "coordinates": [[127.1614559, 37.4449528], [127.1615941, 37.4447219], [127.1616168, 37.4447076], [127.161642, 37.4446918], [127.1619894, 37.444093]]}, "properties": {"id": "geumgwang2-1-impassable-082", "dong": "금광2동1", "source_pdf": "금광2동1.pdf", "source_page": 1, "reason": "소방차 진입곤란 지정", "note": "", "stroke_width_pt": 4.25, "georef_median_error_m": 1.56, "georef_p90_error_m": 3.38, "georef_inliers": 198, "sheet_count": 2}}, {"type": "Feature", "geometry": {"type": "LineString", "coordinates": [[127.1622039, 37.4441785], [127.1618492, 37.4447577]]}, "properties": {"id": "geumgwang2-1-impassable-083", "dong": "금광2동1", "source_pdf": "금광2동1.pdf", "source_page": 1, "reason": "소방차 진입곤란 지정", "note": "", "stroke_width_pt": 4.25, "georef_median_error_m": 1.56, "georef_p90_error_m": 3.38, "georef_inliers": 198, "sheet_count": 2}}, {"type": "Feature", "geometry": {"type": "LineString", "coordinates": [[127.1647277, 37.4445084], [127.1653852, 37.4446467], [127.1654173, 37.4446537]]}, "properties": {"id": "geumgwang2-1-impassable-084", "dong": "금광2동1", "source_pdf": "금광2동1.pdf", "source_page": 1, "reason": "소방차 진입곤란 지정", "note": "", "stroke_width_pt": 4.25, "georef_median_error_m": 1.56, "georef_p90_error_m": 3.38, "georef_inliers": 198, "sheet_count": 2}}, {"type": "Feature", "geometry": {"type": "LineString", "coordinates": [[127.1645384, 37.4448199], [127.1646152, 37.444834], [127.165124, 37.4449396], [127.1651867, 37.4449604], [127.1653061, 37.4449871]]}, "properties": {"id": "geumgwang2-1-impassable-085", "dong": "금광2동1", "source_pdf": "금광2동1.pdf", "source_page": 1, "reason": "소방차 진입곤란 지정", "note": "", "stroke_width_pt": 4.25, "georef_median_error_m": 1.56, "georef_p90_error_m": 3.38, "georef_inliers": 198, "sheet_count": 2}}, {"type": "Feature", "geometry": {"type": "LineString", "coordinates": [[127.1642851, 37.4451635], [127.1643128, 37.4451713], [127.1646848, 37.4452481], [127.1647134, 37.4452548]]}, "properties": {"id": "geumgwang2-1-impassable-086", "dong": "금광2동1", "source_pdf": "금광2동1.pdf", "source_page": 1, "reason": "소방차 진입곤란 지정", "note": "", "stroke_width_pt": 4.25, "georef_median_error_m": 1.56, "georef_p90_error_m": 3.38, "georef_inliers": 198, "sheet_count": 2}}, {"type": "Feature", "geometry": {"type": "LineString", "coordinates": [[127.1641027, 37.4454802], [127.1641901, 37.4453285], [127.1642851, 37.4451635], [127.1643821, 37.444995], [127.164391, 37.4449803], [127.1644974, 37.4448053], [127.1645925, 37.4446487], [127.1646858, 37.4444952], [127.1647855, 37.4443311], [127.1647873, 37.4443283], [127.1647877, 37.4443276], [127.1648909, 37.4441607], [127.1649875, 37.4440045], [127.1650806, 37.4438537], [127.1651544, 37.443732]]}, "properties": {"id": "geumgwang2-1-impassable-087", "dong": "금광2동1", "source_pdf": "금광2동1.pdf", "source_page": 1, "reason": "소방차 진입곤란 지정", "note": "", "stroke_width_pt": 4.25, "georef_median_error_m": 1.56, "georef_p90_error_m": 3.38, "georef_inliers": 198, "sheet_count": 2}}, {"type": "Feature", "geometry": {"type": "LineString", "coordinates": [[127.1646368, 37.4446628], [127.1653657, 37.4448185]]}, "properties": {"id": "geumgwang2-1-impassable-088", "dong": "금광2동1", "source_pdf": "금광2동1.pdf", "source_page": 1, "reason": "소방차 진입곤란 지정", "note": "", "stroke_width_pt": 4.25, "georef_median_error_m": 1.56, "georef_p90_error_m": 3.38, "georef_inliers": 198, "sheet_count": 2}}, {"type": "Feature", "geometry": {"type": "LineString", "coordinates": [[127.1608353, 37.4444195], [127.1610114, 37.4444794], [127.1610123, 37.4444797], [127.1612119, 37.4445487], [127.1612173, 37.4445506], [127.1614164, 37.4446288], [127.1616168, 37.4447076], [127.1616328, 37.4447139], [127.1618316, 37.4447903], [127.1619874, 37.4448496]]}, "properties": {"id": "geumgwang2-1-impassable-089", "dong": "금광2동1", "source_pdf": "금광2동1.pdf", "source_page": 1, "reason": "소방차 진입곤란 지정", "note": "", "stroke_width_pt": 4.25, "georef_median_error_m": 1.56, "georef_p90_error_m": 3.38, "georef_inliers": 198, "sheet_count": 2}}, {"type": "Feature", "geometry": {"type": "LineString", "coordinates": [[127.1630772, 37.4454811], [127.1632157, 37.4451864], [127.1632158, 37.4451863], [127.1632167, 37.4451842], [127.1632233, 37.4451705], [127.1635423, 37.4446555], [127.1635443, 37.4446522], [127.1639197, 37.4440412], [127.1639214, 37.4440384]]}, "properties": {"id": "geumgwang2-1-impassable-090", "dong": "금광2동1", "source_pdf": "금광2동1.pdf", "source_page": 1, "reason": "소방차 진입곤란 지정", "note": "", "stroke_width_pt": 4.25, "georef_median_error_m": 1.56, "georef_p90_error_m": 3.38, "georef_inliers": 198, "sheet_count": 2}}, {"type": "Feature", "geometry": {"type": "LineString", "coordinates": [[127.1668811, 37.4459887], [127.1668525, 37.4459825], [127.1666439, 37.4459377], [127.1666416, 37.4459372], [127.1664893, 37.4459044], [127.1664084, 37.4458879], [127.1654797, 37.4456842]]}, "properties": {"id": "geumgwang2-1-impassable-091", "dong": "금광2동1", "source_pdf": "금광2동1.pdf", "source_page": 1, "reason": "소방차 진입곤란 지정", "note": "", "stroke_width_pt": 4.25, "georef_median_error_m": 1.56, "georef_p90_error_m": 3.38, "georef_inliers": 198, "sheet_count": 2}}, {"type": "Feature", "geometry": {"type": "LineString", "coordinates": [[127.1642269, 37.445341], [127.1643442, 37.4453705], [127.1644657, 37.4453984], [127.164497, 37.4454043]]}, "properties": {"id": "geumgwang2-1-impassable-092", "dong": "금광2동1", "source_pdf": "금광2동1.pdf", "source_page": 1, "reason": "소방차 진입곤란 지정", "note": "", "stroke_width_pt": 4.25, "georef_median_error_m": 1.56, "georef_p90_error_m": 3.38, "georef_inliers": 198, "sheet_count": 2}}, {"type": "Feature", "geometry": {"type": "LineString", "coordinates": [[127.1645838, 37.4459607], [127.1646801, 37.4456655]]}, "properties": {"id": "geumgwang2-1-impassable-093", "dong": "금광2동1", "source_pdf": "금광2동1.pdf", "source_page": 1, "reason": "소방차 진입곤란 지정", "note": "", "stroke_width_pt": 4.25, "georef_median_error_m": 1.56, "georef_p90_error_m": 3.38, "georef_inliers": 198, "sheet_count": 2}}, {"type": "Feature", "geometry": {"type": "LineString", "coordinates": [[127.1626842, 37.4443563], [127.1623708, 37.4448737]]}, "properties": {"id": "geumgwang2-1-impassable-094", "dong": "금광2동1", "source_pdf": "금광2동1.pdf", "source_page": 1, "reason": "소방차 진입곤란 지정", "note": "", "stroke_width_pt": 4.25, "georef_median_error_m": 1.56, "georef_p90_error_m": 3.38, "georef_inliers": 198, "sheet_count": 2}}, {"type": "Feature", "geometry": {"type": "LineString", "coordinates": [[127.1628945, 37.4444354], [127.1625963, 37.4449439]]}, "properties": {"id": "geumgwang2-1-impassable-095", "dong": "금광2동1", "source_pdf": "금광2동1.pdf", "source_page": 1, "reason": "소방차 진입곤란 지정", "note": "", "stroke_width_pt": 4.25, "georef_median_error_m": 1.56, "georef_p90_error_m": 3.38, "georef_inliers": 198, "sheet_count": 2}}, {"type": "Feature", "geometry": {"type": "LineString", "coordinates": [[127.1641873, 37.444866], [127.1645432, 37.444276]]}, "properties": {"id": "geumgwang2-1-impassable-096", "dong": "금광2동1", "source_pdf": "금광2동1.pdf", "source_page": 1, "reason": "소방차 진입곤란 지정", "note": "", "stroke_width_pt": 4.25, "georef_median_error_m": 1.56, "georef_p90_error_m": 3.38, "georef_inliers": 198, "sheet_count": 2}}, {"type": "Feature", "geometry": {"type": "LineString", "coordinates": [[127.1639819, 37.4447807], [127.1643371, 37.444197]]}, "properties": {"id": "geumgwang2-1-impassable-097", "dong": "금광2동1", "source_pdf": "금광2동1.pdf", "source_page": 1, "reason": "소방차 진입곤란 지정", "note": "", "stroke_width_pt": 4.25, "georef_median_error_m": 1.56, "georef_p90_error_m": 3.38, "georef_inliers": 198, "sheet_count": 2}}, {"type": "Feature", "geometry": {"type": "LineString", "coordinates": [[127.1637687, 37.4447026], [127.1641258, 37.4441238]]}, "properties": {"id": "geumgwang2-1-impassable-098", "dong": "금광2동1", "source_pdf": "금광2동1.pdf", "source_page": 1, "reason": "소방차 진입곤란 지정", "note": "", "stroke_width_pt": 4.25, "georef_median_error_m": 1.56, "georef_p90_error_m": 3.38, "georef_inliers": 198, "sheet_count": 2}}, {"type": "Feature", "geometry": {"type": "LineString", "coordinates": [[127.165418, 37.4455953], [127.1648236, 37.4454707], [127.1645682, 37.4454202]]}, "properties": {"id": "geumgwang2-1-impassable-099", "dong": "금광2동1", "source_pdf": "금광2동1.pdf", "source_page": 1, "reason": "소방차 진입곤란 지정", "note": "", "stroke_width_pt": 4.25, "georef_median_error_m": 1.56, "georef_p90_error_m": 3.38, "georef_inliers": 198, "sheet_count": 2}}, {"type": "Feature", "geometry": {"type": "LineString", "coordinates": [[127.1655047, 37.4454397], [127.1647631, 37.4452709], [127.1647157, 37.4452549], [127.1647134, 37.4452548]]}, "properties": {"id": "geumgwang2-1-impassable-100", "dong": "금광2동1", "source_pdf": "금광2동1.pdf", "source_page": 1, "reason": "소방차 진입곤란 지정", "note": "", "stroke_width_pt": 4.25, "georef_median_error_m": 1.56, "georef_p90_error_m": 3.38, "georef_inliers": 198, "sheet_count": 2}}, {"type": "Feature", "geometry": {"type": "LineString", "coordinates": [[127.1658229, 37.4449189], [127.1654285, 37.4448324], [127.1654262, 37.444832]]}, "properties": {"id": "geumgwang2-1-impassable-101", "dong": "금광2동1", "source_pdf": "금광2동1.pdf", "source_page": 1, "reason": "소방차 진입곤란 지정", "note": "", "stroke_width_pt": 4.25, "georef_median_error_m": 1.56, "georef_p90_error_m": 3.38, "georef_inliers": 198, "sheet_count": 2}}, {"type": "Feature", "geometry": {"type": "LineString", "coordinates": [[127.1659154, 37.4447653], [127.1654897, 37.4446684]]}, "properties": {"id": "geumgwang2-1-impassable-102", "dong": "금광2동1", "source_pdf": "금광2동1.pdf", "source_page": 1, "reason": "소방차 진입곤란 지정", "note": "", "stroke_width_pt": 4.25, "georef_median_error_m": 1.56, "georef_p90_error_m": 3.38, "georef_inliers": 198, "sheet_count": 2}}, {"type": "Feature", "geometry": {"type": "LineString", "coordinates": [[127.1657227, 37.4450775], [127.1656527, 37.4450622], [127.1653689, 37.4450007]]}, "properties": {"id": "geumgwang2-1-impassable-103", "dong": "금광2동1", "source_pdf": "금광2동1.pdf", "source_page": 1, "reason": "소방차 진입곤란 지정", "note": "", "stroke_width_pt": 4.25, "georef_median_error_m": 1.56, "georef_p90_error_m": 3.38, "georef_inliers": 198, "sheet_count": 2}}, {"type": "Feature", "geometry": {"type": "LineString", "coordinates": [[127.1621782, 37.4448373], [127.1623585, 37.4448982], [127.1625805, 37.4449705], [127.1625879, 37.4449729], [127.1627899, 37.4450416], [127.1630077, 37.4451157], [127.1631608, 37.4451664]]}, "properties": {"id": "geumgwang2-1-impassable-104", "dong": "금광2동1", "source_pdf": "금광2동1.pdf", "source_page": 1, "reason": "소방차 진입곤란 지정", "note": "", "stroke_width_pt": 4.25, "georef_median_error_m": 1.56, "georef_p90_error_m": 3.38, "georef_inliers": 198, "sheet_count": 2}}, {"type": "Feature", "geometry": {"type": "LineString", "coordinates": [[127.1631048, 37.4445158], [127.1628097, 37.4450099]]}, "properties": {"id": "geumgwang2-1-impassable-105", "dong": "금광2동1", "source_pdf": "금광2동1.pdf", "source_page": 1, "reason": "소방차 진입곤란 지정", "note": "", "stroke_width_pt": 4.25, "georef_median_error_m": 1.56, "georef_p90_error_m": 3.38, "georef_inliers": 198, "sheet_count": 2}}, {"type": "Feature", "geometry": {"type": "LineString", "coordinates": [[127.1633176, 37.4446014], [127.1630231, 37.4450881]]}, "properties": {"id": "geumgwang2-1-impassable-106", "dong": "금광2동1", "source_pdf": "금광2동1.pdf", "source_page": 1, "reason": "소방차 진입곤란 지정", "note": "", "stroke_width_pt": 4.25, "georef_median_error_m": 1.56, "georef_p90_error_m": 3.38, "georef_inliers": 198, "sheet_count": 2}}, {"type": "Feature", "geometry": {"type": "LineString", "coordinates": [[127.1637395, 37.4447648], [127.1634674, 37.4452318]]}, "properties": {"id": "geumgwang2-1-impassable-107", "dong": "금광2동1", "source_pdf": "금광2동1.pdf", "source_page": 1, "reason": "소방차 진입곤란 지정", "note": "", "stroke_width_pt": 4.25, "georef_median_error_m": 1.56, "georef_p90_error_m": 3.38, "georef_inliers": 198, "sheet_count": 2}}, {"type": "Feature", "geometry": {"type": "LineString", "coordinates": [[127.1639592, 37.444847], [127.1636929, 37.445302]]}, "properties": {"id": "geumgwang2-1-impassable-108", "dong": "금광2동1", "source_pdf": "금광2동1.pdf", "source_page": 1, "reason": "소방차 진입곤란 지정", "note": "", "stroke_width_pt": 4.25, "georef_median_error_m": 1.56, "georef_p90_error_m": 3.38, "georef_inliers": 198, "sheet_count": 2}}, {"type": "Feature", "geometry": {"type": "LineString", "coordinates": [[127.1632578, 37.4452001], [127.1634489, 37.4452614], [127.1636757, 37.4453344], [127.1638801, 37.4454002], [127.1638864, 37.4454025], [127.1640393, 37.4454585]]}, "properties": {"id": "geumgwang2-1-impassable-109", "dong": "금광2동1", "source_pdf": "금광2동1.pdf", "source_page": 1, "reason": "소방차 진입곤란 지정", "note": "", "stroke_width_pt": 4.25, "georef_median_error_m": 1.56, "georef_p90_error_m": 3.38, "georef_inliers": 198, "sheet_count": 2}}, {"type": "Feature", "geometry": {"type": "LineString", "coordinates": [[127.1641652, 37.4449215], [127.1639026, 37.4453731]]}, "properties": {"id": "geumgwang2-1-impassable-110", "dong": "금광2동1", "source_pdf": "금광2동1.pdf", "source_page": 1, "reason": "소방차 진입곤란 지정", "note": "", "stroke_width_pt": 4.25, "georef_median_error_m": 1.56, "georef_p90_error_m": 3.38, "georef_inliers": 198, "sheet_count": 2}}, {"type": "Feature", "geometry": {"type": "LineString", "coordinates": [[127.1641554, 37.4455139], [127.1643796, 37.4455656], [127.1643973, 37.4455688]]}, "properties": {"id": "geumgwang2-1-impassable-111", "dong": "금광2동1", "source_pdf": "금광2동1.pdf", "source_page": 1, "reason": "소방차 진입곤란 지정", "note": "", "stroke_width_pt": 4.25, "georef_median_error_m": 1.56, "georef_p90_error_m": 3.38, "georef_inliers": 198, "sheet_count": 2}}, {"type": "Feature", "geometry": {"type": "LineString", "coordinates": [[127.165291, 37.445755], [127.1646931, 37.4456295], [127.1646925, 37.4456294], [127.1644254, 37.4455745]]}, "properties": {"id": "geumgwang2-1-impassable-112", "dong": "금광2동1", "source_pdf": "금광2동1.pdf", "source_page": 1, "reason": "소방차 진입곤란 지정", "note": "", "stroke_width_pt": 4.25, "georef_median_error_m": 1.56, "georef_p90_error_m": 3.38, "georef_inliers": 198, "sheet_count": 2}}, {"type": "Feature", "geometry": {"type": "LineString", "coordinates": [[127.1654895, 37.444523], [127.165334, 37.4449922], [127.1652864, 37.4451347]]}, "properties": {"id": "geumgwang2-1-impassable-113", "dong": "금광2동1", "source_pdf": "금광2동1.pdf", "source_page": 1, "reason": "소방차 진입곤란 지정", "note": "", "stroke_width_pt": 4.25, "georef_median_error_m": 1.56, "georef_p90_error_m": 3.38, "georef_inliers": 198, "sheet_count": 2}}, {"type": "Feature", "geometry": {"type": "LineString", "coordinates": [[127.1648465, 37.4451362], [127.1644401, 37.4454817], [127.1644034, 37.4455444]]}, "properties": {"id": "geumgwang2-1-impassable-114", "dong": "금광2동1", "source_pdf": "금광2동1.pdf", "source_page": 1, "reason": "소방차 진입곤란 지정", "note": "", "stroke_width_pt": 4.25, "georef_median_error_m": 1.56, "georef_p90_error_m": 3.38, "georef_inliers": 198, "sheet_count": 2}}, {"type": "Feature", "geometry": {"type": "LineString", "coordinates": [[127.165355, 37.4457768], [127.166044, 37.4446508]]}, "properties": {"id": "geumgwang2-1-impassable-115", "dong": "금광2동1", "source_pdf": "금광2동1.pdf", "source_page": 1, "reason": "소방차 진입곤란 지정", "note": "", "stroke_width_pt": 4.25, "georef_median_error_m": 1.56, "georef_p90_error_m": 3.38, "georef_inliers": 198, "sheet_count": 2}}, {"type": "Feature", "geometry": {"type": "LineString", "coordinates": [[127.1623281, 37.4478579], [127.1622741, 37.4480144]]}, "properties": {"id": "geumgwang2-1-impassable-116", "dong": "금광2동1", "source_pdf": "금광2동1.pdf", "source_page": 1, "reason": "소방차 진입곤란 지정", "note": "", "stroke_width_pt": 4.25, "georef_median_error_m": 1.56, "georef_p90_error_m": 3.38, "georef_inliers": 198, "sheet_count": 1}}, {"type": "Feature", "geometry": {"type": "LineString", "coordinates": [[127.1628188, 37.4479602], [127.1627994, 37.4480165]]}, "properties": {"id": "geumgwang2-1-impassable-117", "dong": "금광2동1", "source_pdf": "금광2동1.pdf", "source_page": 1, "reason": "소방차 진입곤란 지정", "note": "", "stroke_width_pt": 4.25, "georef_median_error_m": 1.56, "georef_p90_error_m": 3.38, "georef_inliers": 198, "sheet_count": 1}}, {"type": "Feature", "geometry": {"type": "LineString", "coordinates": [[127.1600909, 37.4480198], [127.1600599, 37.4479536]]}, "properties": {"id": "geumgwang2-1-impassable-118", "dong": "금광2동1", "source_pdf": "금광2동1.pdf", "source_page": 1, "reason": "소방차 진입곤란 지정", "note": "", "stroke_width_pt": 4.25, "georef_median_error_m": 1.56, "georef_p90_error_m": 3.38, "georef_inliers": 198, "sheet_count": 1}}, {"type": "Feature", "geometry": {"type": "LineString", "coordinates": [[127.160594, 37.444687], [127.1607731, 37.4443987], [127.1615199, 37.4431177]]}, "properties": {"id": "geumgwang2-1-impassable-119", "dong": "금광2동1", "source_pdf": "금광2동1.pdf", "source_page": 1, "reason": "소방차 진입곤란 지정", "note": "", "stroke_width_pt": 4.25, "georef_median_error_m": 1.56, "georef_p90_error_m": 3.38, "georef_inliers": 198, "sheet_count": 2}}, {"type": "Feature", "geometry": {"type": "LineString", "coordinates": [[127.1584502, 37.4454795], [127.1591401, 37.4452969]]}, "properties": {"id": "geumgwang2-1-impassable-120", "dong": "금광2동1", "source_pdf": "금광2동1.pdf", "source_page": 1, "reason": "소방차 진입곤란 지정", "note": "", "stroke_width_pt": 4.25, "georef_median_error_m": 1.56, "georef_p90_error_m": 3.38, "georef_inliers": 198, "sheet_count": 2}}, {"type": "Feature", "geometry": {"type": "LineString", "coordinates": [[127.1576464, 37.4451408], [127.1577943, 37.4454984]]}, "properties": {"id": "geumgwang2-1-impassable-121", "dong": "금광2동1", "source_pdf": "금광2동1.pdf", "source_page": 1, "reason": "소방차 진입곤란 지정", "note": "", "stroke_width_pt": 4.25, "georef_median_error_m": 1.56, "georef_p90_error_m": 3.38, "georef_inliers": 198, "sheet_count": 2}}, {"type": "Feature", "geometry": {"type": "LineString", "coordinates": [[127.1587264, 37.4472047], [127.1590776, 37.4480067]]}, "properties": {"id": "geumgwang2-1-impassable-122", "dong": "금광2동1", "source_pdf": "금광2동1.pdf", "source_page": 1, "reason": "소방차 진입곤란 지정", "note": "", "stroke_width_pt": 4.25, "georef_median_error_m": 1.56, "georef_p90_error_m": 3.38, "georef_inliers": 198, "sheet_count": 1}}, {"type": "Feature", "geometry": {"type": "LineString", "coordinates": [[127.1576708, 37.4455771], [127.1578107, 37.445537], [127.1578173, 37.4455351], [127.158068, 37.4454613], [127.1582836, 37.4453976]]}, "properties": {"id": "geumgwang2-1-impassable-123", "dong": "금광2동1", "source_pdf": "금광2동1.pdf", "source_page": 1, "reason": "소방차 진입곤란 지정", "note": "", "stroke_width_pt": 4.25, "georef_median_error_m": 1.56, "georef_p90_error_m": 3.38, "georef_inliers": 198, "sheet_count": 2}}, {"type": "Feature", "geometry": {"type": "LineString", "coordinates": [[127.1578374, 37.4455834], [127.1580016, 37.445959]]}, "properties": {"id": "geumgwang2-1-impassable-124", "dong": "금광2동1", "source_pdf": "금광2동1.pdf", "source_page": 1, "reason": "소방차 진입곤란 지정", "note": "", "stroke_width_pt": 4.25, "georef_median_error_m": 1.56, "georef_p90_error_m": 3.38, "georef_inliers": 198, "sheet_count": 2}}, {"type": "Feature", "geometry": {"type": "LineString", "coordinates": [[127.1598051, 37.448006], [127.1597786, 37.447949]]}, "properties": {"id": "geumgwang2-1-impassable-125", "dong": "금광2동1", "source_pdf": "금광2동1.pdf", "source_page": 1, "reason": "소방차 진입곤란 지정", "note": "", "stroke_width_pt": 4.25, "georef_median_error_m": 1.56, "georef_p90_error_m": 3.38, "georef_inliers": 198, "sheet_count": 1}}, {"type": "Feature", "geometry": {"type": "LineString", "coordinates": [[127.1600819, 37.4480008], [127.1600298, 37.4478781]]}, "properties": {"id": "geumgwang2-1-impassable-126", "dong": "금광2동1", "source_pdf": "금광2동1.pdf", "source_page": 1, "reason": "소방차 진입곤란 지정", "note": "", "stroke_width_pt": 4.25, "georef_median_error_m": 1.56, "georef_p90_error_m": 3.38, "georef_inliers": 198, "sheet_count": 1}}, {"type": "Feature", "geometry": {"type": "LineString", "coordinates": [[127.1596353, 37.4460149], [127.1599066, 37.4459393], [127.1600791, 37.4458938]]}, "properties": {"id": "geumgwang2-1-impassable-127", "dong": "금광2동1", "source_pdf": "금광2동1.pdf", "source_page": 1, "reason": "소방차 진입곤란 지정", "note": "", "stroke_width_pt": 4.25, "georef_median_error_m": 1.56, "georef_p90_error_m": 3.38, "georef_inliers": 198, "sheet_count": 2}}, {"type": "Feature", "geometry": {"type": "LineString", "coordinates": [[127.1580869, 37.4455035], [127.1582624, 37.4458845]]}, "properties": {"id": "geumgwang2-1-impassable-128", "dong": "금광2동1", "source_pdf": "금광2동1.pdf", "source_page": 1, "reason": "소방차 진입곤란 지정", "note": "", "stroke_width_pt": 4.25, "georef_median_error_m": 1.56, "georef_p90_error_m": 3.38, "georef_inliers": 198, "sheet_count": 2}}, {"type": "Feature", "geometry": {"type": "LineString", "coordinates": [[127.1597776, 37.4463896], [127.1600399, 37.4463225], [127.1600796, 37.4463122]]}, "properties": {"id": "geumgwang2-1-impassable-129", "dong": "금광2동1", "source_pdf": "금광2동1.pdf", "source_page": 1, "reason": "소방차 진입곤란 지정", "note": "", "stroke_width_pt": 4.25, "georef_median_error_m": 1.56, "georef_p90_error_m": 3.38, "georef_inliers": 198, "sheet_count": 2}}, {"type": "Feature", "geometry": {"type": "LineString", "coordinates": [[127.1580924, 37.4466545], [127.1582875, 37.446596], [127.1582878, 37.446596], [127.1582887, 37.4465957], [127.1585371, 37.4465253], [127.1585382, 37.446525], [127.1585393, 37.4465247], [127.158808, 37.4464485], [127.1588085, 37.4464483], [127.1591634, 37.4463508], [127.1592186, 37.4463358], [127.1592192, 37.4463357], [127.1592541, 37.4463262], [127.1595582, 37.4462416]]}, "properties": {"id": "geumgwang2-1-impassable-130", "dong": "금광2동1", "source_pdf": "금광2동1.pdf", "source_page": 1, "reason": "소방차 진입곤란 지정", "note": "", "stroke_width_pt": 4.25, "georef_median_error_m": 1.56, "georef_p90_error_m": 3.38, "georef_inliers": 198, "sheet_count": 2}}, {"type": "Feature", "geometry": {"type": "LineString", "coordinates": [[127.1583111, 37.4459991], [127.1585218, 37.4464847]]}, "properties": {"id": "geumgwang2-1-impassable-131", "dong": "금광2동1", "source_pdf": "금광2동1.pdf", "source_page": 1, "reason": "소방차 진입곤란 지정", "note": "", "stroke_width_pt": 4.25, "georef_median_error_m": 1.56, "georef_p90_error_m": 3.38, "georef_inliers": 198, "sheet_count": 2}}, {"type": "Feature", "geometry": {"type": "LineString", "coordinates": [[127.1580518, 37.4460707], [127.1582468, 37.446491], [127.158277, 37.4465625]]}, "properties": {"id": "geumgwang2-1-impassable-132", "dong": "금광2동1", "source_pdf": "금광2동1.pdf", "source_page": 1, "reason": "소방차 진입곤란 지정", "note": "", "stroke_width_pt": 4.25, "georef_median_error_m": 1.56, "georef_p90_error_m": 3.38, "georef_inliers": 198, "sheet_count": 2}}, {"type": "Feature", "geometry": {"type": "LineString", "coordinates": [[127.1592382, 37.4463834], [127.1593498, 37.4466503], [127.1594387, 37.4468648]]}, "properties": {"id": "geumgwang2-1-impassable-133", "dong": "금광2동1", "source_pdf": "금광2동1.pdf", "source_page": 1, "reason": "소방차 진입곤란 지정", "note": "", "stroke_width_pt": 4.25, "georef_median_error_m": 1.56, "georef_p90_error_m": 3.38, "georef_inliers": 198, "sheet_count": 2}}, {"type": "Feature", "geometry": {"type": "LineString", "coordinates": [[127.1583078, 37.4466434], [127.1584165, 37.4468983], [127.1585139, 37.4471219]]}, "properties": {"id": "geumgwang2-1-impassable-134", "dong": "금광2동1", "source_pdf": "금광2동1.pdf", "source_page": 1, "reason": "소방차 진입곤란 지정", "note": "", "stroke_width_pt": 4.25, "georef_median_error_m": 1.56, "georef_p90_error_m": 3.38, "georef_inliers": 198, "sheet_count": 1}}, {"type": "Feature", "geometry": {"type": "LineString", "coordinates": [[127.1585621, 37.4465758], [127.1586977, 37.4468955], [127.15877, 37.4470564]]}, "properties": {"id": "geumgwang2-1-impassable-135", "dong": "금광2동1", "source_pdf": "금광2동1.pdf", "source_page": 1, "reason": "소방차 진입곤란 지정", "note": "", "stroke_width_pt": 4.25, "georef_median_error_m": 1.56, "georef_p90_error_m": 3.38, "georef_inliers": 198, "sheet_count": 1}}, {"type": "Feature", "geometry": {"type": "LineString", "coordinates": [[127.1592868, 37.4452697], [127.1598503, 37.4452105], [127.1600781, 37.4451854]]}, "properties": {"id": "geumgwang2-1-impassable-136", "dong": "금광2동1", "source_pdf": "금광2동1.pdf", "source_page": 1, "reason": "소방차 진입곤란 지정", "note": "", "stroke_width_pt": 4.25, "georef_median_error_m": 1.56, "georef_p90_error_m": 3.38, "georef_inliers": 198, "sheet_count": 2}}, {"type": "Feature", "geometry": {"type": "LineString", "coordinates": [[127.1589884, 37.445825], [127.1592041, 37.4463029]]}, "properties": {"id": "geumgwang2-1-impassable-137", "dong": "금광2동1", "source_pdf": "금광2동1.pdf", "source_page": 1, "reason": "소방차 진입곤란 지정", "note": "", "stroke_width_pt": 4.25, "georef_median_error_m": 1.56, "georef_p90_error_m": 3.38, "georef_inliers": 198, "sheet_count": 2}}, {"type": "Feature", "geometry": {"type": "LineString", "coordinates": [[127.1598674, 37.4478223], [127.1596464, 37.4473378]]}, "properties": {"id": "geumgwang2-1-impassable-138", "dong": "금광2동1", "source_pdf": "금광2동1.pdf", "source_page": 1, "reason": "소방차 진입곤란 지정", "note": "", "stroke_width_pt": 4.25, "georef_median_error_m": 1.56, "georef_p90_error_m": 3.38, "georef_inliers": 198, "sheet_count": 1}}, {"type": "Feature", "geometry": {"type": "LineString", "coordinates": [[127.1590774, 37.448006], [127.1590921, 37.4480398]]}, "properties": {"id": "geumgwang2-1-impassable-139", "dong": "금광2동1", "source_pdf": "금광2동1.pdf", "source_page": 1, "reason": "소방차 진입곤란 지정", "note": "", "stroke_width_pt": 4.25, "georef_median_error_m": 1.56, "georef_p90_error_m": 3.38, "georef_inliers": 198, "sheet_count": 1}}, {"type": "Feature", "geometry": {"type": "LineString", "coordinates": [[127.1589636, 37.4481758], [127.1591606, 37.4486359]]}, "properties": {"id": "geumgwang2-1-impassable-140", "dong": "금광2동1", "source_pdf": "금광2동1.pdf", "source_page": 1, "reason": "소방차 진입곤란 지정", "note": "", "stroke_width_pt": 4.25, "georef_median_error_m": 1.56, "georef_p90_error_m": 3.38, "georef_inliers": 198, "sheet_count": 1}}, {"type": "Feature", "geometry": {"type": "LineString", "coordinates": [[127.1601061, 37.4486903], [127.1599945, 37.4484419], [127.1598048, 37.4480054]]}, "properties": {"id": "geumgwang2-1-impassable-141", "dong": "금광2동1", "source_pdf": "금광2동1.pdf", "source_page": 1, "reason": "소방차 진입곤란 지정", "note": "", "stroke_width_pt": 4.25, "georef_median_error_m": 1.56, "georef_p90_error_m": 3.38, "georef_inliers": 198, "sheet_count": 1}}, {"type": "Feature", "geometry": {"type": "LineString", "coordinates": [[127.1597659, 37.4485023], [127.1599945, 37.4484419], [127.1600822, 37.4484187]]}, "properties": {"id": "geumgwang2-1-impassable-142", "dong": "금광2동1", "source_pdf": "금광2동1.pdf", "source_page": 1, "reason": "소방차 진입곤란 지정", "note": "", "stroke_width_pt": 4.25, "georef_median_error_m": 1.56, "georef_p90_error_m": 3.38, "georef_inliers": 198, "sheet_count": 1}}, {"type": "Feature", "geometry": {"type": "LineString", "coordinates": [[127.158947, 37.4487257], [127.1591697, 37.4486661], [127.159173, 37.4486652], [127.1591734, 37.4486651], [127.159429, 37.4485959], [127.1594301, 37.4485956], [127.1596675, 37.4485314]]}, "properties": {"id": "geumgwang2-1-impassable-143", "dong": "금광2동1", "source_pdf": "금광2동1.pdf", "source_page": 1, "reason": "소방차 진입곤란 지정", "note": "", "stroke_width_pt": 4.25, "georef_median_error_m": 1.56, "georef_p90_error_m": 3.38, "georef_inliers": 198, "sheet_count": 1}}, {"type": "Feature", "geometry": {"type": "LineString", "coordinates": [[127.1594455, 37.4486351], [127.1596472, 37.4490946]]}, "properties": {"id": "geumgwang2-1-impassable-144", "dong": "금광2동1", "source_pdf": "금광2동1.pdf", "source_page": 1, "reason": "소방차 진입곤란 지정", "note": "", "stroke_width_pt": 4.25, "georef_median_error_m": 1.56, "georef_p90_error_m": 3.38, "georef_inliers": 198, "sheet_count": 1}}, {"type": "Feature", "geometry": {"type": "LineString", "coordinates": [[127.1591888, 37.4487108], [127.1593627, 37.4490988], [127.1593853, 37.4491583]]}, "properties": {"id": "geumgwang2-1-impassable-145", "dong": "금광2동1", "source_pdf": "금광2동1.pdf", "source_page": 1, "reason": "소방차 진입곤란 지정", "note": "", "stroke_width_pt": 4.25, "georef_median_error_m": 1.56, "georef_p90_error_m": 3.38, "georef_inliers": 198, "sheet_count": 1}}, {"type": "Feature", "geometry": {"type": "LineString", "coordinates": [[127.1596914, 37.4491941], [127.1598003, 37.4494439], [127.1599002, 37.4496738]]}, "properties": {"id": "geumgwang2-1-impassable-146", "dong": "금광2동1", "source_pdf": "금광2동1.pdf", "source_page": 1, "reason": "소방차 진입곤란 지정", "note": "", "stroke_width_pt": 4.25, "georef_median_error_m": 1.56, "georef_p90_error_m": 3.38, "georef_inliers": 198, "sheet_count": 1}}, {"type": "Feature", "geometry": {"type": "LineString", "coordinates": [[127.1592097, 37.448118], [127.1594158, 37.4485675]]}, "properties": {"id": "geumgwang2-1-impassable-147", "dong": "금광2동1", "source_pdf": "금광2동1.pdf", "source_page": 1, "reason": "소방차 진입곤란 지정", "note": "", "stroke_width_pt": 4.25, "georef_median_error_m": 1.56, "georef_p90_error_m": 3.38, "georef_inliers": 198, "sheet_count": 1}}, {"type": "Feature", "geometry": {"type": "LineString", "coordinates": [[127.1594285, 37.4492558], [127.1595302, 37.4494891], [127.1596312, 37.4497256]]}, "properties": {"id": "geumgwang2-1-impassable-148", "dong": "금광2동1", "source_pdf": "금광2동1.pdf", "source_page": 1, "reason": "소방차 진입곤란 지정", "note": "", "stroke_width_pt": 4.25, "georef_median_error_m": 1.56, "georef_p90_error_m": 3.38, "georef_inliers": 198, "sheet_count": 1}}, {"type": "Feature", "geometry": {"type": "LineString", "coordinates": [[127.1600986, 37.4508736], [127.1599106, 37.4509271]]}, "properties": {"id": "geumgwang2-1-impassable-149", "dong": "금광2동1", "source_pdf": "금광2동1.pdf", "source_page": 1, "reason": "소방차 진입곤란 지정", "note": "", "stroke_width_pt": 4.25, "georef_median_error_m": 1.56, "georef_p90_error_m": 3.38, "georef_inliers": 198, "sheet_count": 1}}, {"type": "Feature", "geometry": {"type": "LineString", "coordinates": [[127.1599844, 37.4511056], [127.16009, 37.451074]]}, "properties": {"id": "geumgwang2-1-impassable-150", "dong": "금광2동1", "source_pdf": "금광2동1.pdf", "source_page": 1, "reason": "소방차 진입곤란 지정", "note": "", "stroke_width_pt": 4.25, "georef_median_error_m": 1.56, "georef_p90_error_m": 3.38, "georef_inliers": 198, "sheet_count": 1}}, {"type": "Feature", "geometry": {"type": "LineString", "coordinates": [[127.1600342, 37.4512248], [127.1600902, 37.4512083]]}, "properties": {"id": "geumgwang2-1-impassable-151", "dong": "금광2동1", "source_pdf": "금광2동1.pdf", "source_page": 1, "reason": "소방차 진입곤란 지정", "note": "", "stroke_width_pt": 4.25, "georef_median_error_m": 1.56, "georef_p90_error_m": 3.38, "georef_inliers": 198, "sheet_count": 1}}, {"type": "Feature", "geometry": {"type": "LineString", "coordinates": [[127.1719681, 37.4485818], [127.1719998, 37.4484425], [127.172059, 37.4481406]]}, "properties": {"id": "geumgwang2-2-impassable-015", "dong": "금광2동2", "source_pdf": "금광2동2.pdf", "source_page": 1, "reason": "소방차 진입곤란 지정", "note": "", "stroke_width_pt": 4.25, "georef_median_error_m": 2.33, "georef_p90_error_m": 4.88, "georef_inliers": 423, "sheet_count": 1}}, {"type": "Feature", "geometry": {"type": "LineString", "coordinates": [[127.172481, 37.4480144], [127.1724098, 37.448232], [127.1723909, 37.4482907], [127.1723886, 37.448301]]}, "properties": {"id": "geumgwang2-2-impassable-016", "dong": "금광2동2", "source_pdf": "금광2동2.pdf", "source_page": 1, "reason": "소방차 진입곤란 지정", "note": "", "stroke_width_pt": 4.25, "georef_median_error_m": 2.33, "georef_p90_error_m": 4.88, "georef_inliers": 423, "sheet_count": 1}}, {"type": "Feature", "geometry": {"type": "LineString", "coordinates": [[127.1727661, 37.4480143], [127.1727485, 37.4481445], [127.1727411, 37.4481758], [127.172674, 37.4483684]]}, "properties": {"id": "geumgwang2-2-impassable-017", "dong": "금광2동2", "source_pdf": "금광2동2.pdf", "source_page": 1, "reason": "소방차 진입곤란 지정", "note": "", "stroke_width_pt": 4.25, "georef_median_error_m": 2.33, "georef_p90_error_m": 4.88, "georef_inliers": 423, "sheet_count": 1}}, {"type": "Feature", "geometry": {"type": "LineString", "coordinates": [[127.1730581, 37.4485194], [127.1729843, 37.4485041], [127.1726553, 37.44843], [127.1726518, 37.4484293], [127.1723631, 37.4483737], [127.1722588, 37.4483537]]}, "properties": {"id": "geumgwang2-2-impassable-018", "dong": "금광2동2", "source_pdf": "금광2동2.pdf", "source_page": 1, "reason": "소방차 진입곤란 지정", "note": "", "stroke_width_pt": 4.25, "georef_median_error_m": 2.33, "georef_p90_error_m": 4.88, "georef_inliers": 423, "sheet_count": 1}}, {"type": "Feature", "geometry": {"type": "LineString", "coordinates": [[127.1715715, 37.4482823], [127.1716335, 37.4480436]]}, "properties": {"id": "geumgwang2-2-impassable-019", "dong": "금광2동2", "source_pdf": "금광2동2.pdf", "source_page": 1, "reason": "소방차 진입곤란 지정", "note": "", "stroke_width_pt": 4.25, "georef_median_error_m": 2.33, "georef_p90_error_m": 4.88, "georef_inliers": 423, "sheet_count": 1}}, {"type": "Feature", "geometry": {"type": "LineString", "coordinates": [[127.1730746, 37.4489135], [127.1721583, 37.4487156]]}, "properties": {"id": "geumgwang2-2-impassable-020", "dong": "금광2동2", "source_pdf": "금광2동2.pdf", "source_page": 1, "reason": "소방차 진입곤란 지정", "note": "", "stroke_width_pt": 4.25, "georef_median_error_m": 2.33, "georef_p90_error_m": 4.88, "georef_inliers": 423, "sheet_count": 1}}, {"type": "Feature", "geometry": {"type": "LineString", "coordinates": [[127.1722459, 37.4489537], [127.1723113, 37.4487723]]}, "properties": {"id": "geumgwang2-2-impassable-021", "dong": "금광2동2", "source_pdf": "금광2동2.pdf", "source_page": 1, "reason": "소방차 진입곤란 지정", "note": "", "stroke_width_pt": 4.25, "georef_median_error_m": 2.33, "georef_p90_error_m": 4.88, "georef_inliers": 423, "sheet_count": 1}}, {"type": "Feature", "geometry": {"type": "LineString", "coordinates": [[127.1656614, 37.4484674], [127.1658219, 37.448013]]}, "properties": {"id": "geumgwang2-2-impassable-036", "dong": "금광2동2", "source_pdf": "금광2동2.pdf", "source_page": 1, "reason": "소방차 진입곤란 지정", "note": "", "stroke_width_pt": 4.25, "georef_median_error_m": 2.33, "georef_p90_error_m": 4.88, "georef_inliers": 423, "sheet_count": 1}}, {"type": "Feature", "geometry": {"type": "LineString", "coordinates": [[127.1658733, 37.4492422], [127.1660661, 37.44868]]}, "properties": {"id": "geumgwang2-2-impassable-037", "dong": "금광2동2", "source_pdf": "금광2동2.pdf", "source_page": 1, "reason": "소방차 진입곤란 지정", "note": "", "stroke_width_pt": 4.25, "georef_median_error_m": 2.33, "georef_p90_error_m": 4.88, "georef_inliers": 423, "sheet_count": 1}}, {"type": "Feature", "geometry": {"type": "LineString", "coordinates": [[127.1661023, 37.448575], [127.1662945, 37.448019]]}, "properties": {"id": "geumgwang2-2-impassable-038", "dong": "금광2동2", "source_pdf": "금광2동2.pdf", "source_page": 1, "reason": "소방차 진입곤란 지정", "note": "", "stroke_width_pt": 4.25, "georef_median_error_m": 2.33, "georef_p90_error_m": 4.88, "georef_inliers": 423, "sheet_count": 2}}, {"type": "Feature", "geometry": {"type": "LineString", "coordinates": [[127.1725115, 37.4479239], [127.172481, 37.4480147]]}, "properties": {"id": "geumgwang2-2-impassable-049", "dong": "금광2동2", "source_pdf": "금광2동2.pdf", "source_page": 1, "reason": "소방차 진입곤란 지정", "note": "", "stroke_width_pt": 4.25, "georef_median_error_m": 2.33, "georef_p90_error_m": 4.88, "georef_inliers": 423, "sheet_count": 1}}, {"type": "Feature", "geometry": {"type": "LineString", "coordinates": [[127.1727705, 37.4479801], [127.1727661, 37.4480146]]}, "properties": {"id": "geumgwang2-2-impassable-050", "dong": "금광2동2", "source_pdf": "금광2동2.pdf", "source_page": 1, "reason": "소방차 진입곤란 지정", "note": "", "stroke_width_pt": 4.25, "georef_median_error_m": 2.33, "georef_p90_error_m": 4.88, "georef_inliers": 423, "sheet_count": 1}}, {"type": "Feature", "geometry": {"type": "LineString", "coordinates": [[127.1710914, 37.4476174], [127.1709484, 37.4480155]]}, "properties": {"id": "geumgwang2-2-impassable-051", "dong": "금광2동2", "source_pdf": "금광2동2.pdf", "source_page": 1, "reason": "소방차 진입곤란 지정", "note": "", "stroke_width_pt": 4.25, "georef_median_error_m": 2.33, "georef_p90_error_m": 4.88, "georef_inliers": 423, "sheet_count": 1}}, {"type": "Feature", "geometry": {"type": "LineString", "coordinates": [[127.1713855, 37.4476788], [127.1713096, 37.4478831]]}, "properties": {"id": "geumgwang2-2-impassable-052", "dong": "금광2동2", "source_pdf": "금광2동2.pdf", "source_page": 1, "reason": "소방차 진입곤란 지정", "note": "", "stroke_width_pt": 4.25, "georef_median_error_m": 2.33, "georef_p90_error_m": 4.88, "georef_inliers": 423, "sheet_count": 1}}, {"type": "Feature", "geometry": {"type": "LineString", "coordinates": [[127.172235, 37.4478645], [127.1721911, 37.4479986]]}, "properties": {"id": "geumgwang2-2-impassable-053", "dong": "금광2동2", "source_pdf": "금광2동2.pdf", "source_page": 1, "reason": "소방차 진입곤란 지정", "note": "", "stroke_width_pt": 4.25, "georef_median_error_m": 2.33, "georef_p90_error_m": 4.88, "georef_inliers": 423, "sheet_count": 1}}, {"type": "Feature", "geometry": {"type": "LineString", "coordinates": [[127.1707419, 37.4475398], [127.1707285, 37.4476431]]}, "properties": {"id": "geumgwang2-2-impassable-054", "dong": "금광2동2", "source_pdf": "금광2동2.pdf", "source_page": 1, "reason": "소방차 진입곤란 지정", "note": "", "stroke_width_pt": 4.25, "georef_median_error_m": 2.33, "georef_p90_error_m": 4.88, "georef_inliers": 423, "sheet_count": 1}}, {"type": "Feature", "geometry": {"type": "LineString", "coordinates": [[127.1716695, 37.4477429], [127.171621, 37.447875]]}, "properties": {"id": "geumgwang2-2-impassable-055", "dong": "금광2동2", "source_pdf": "금광2동2.pdf", "source_page": 1, "reason": "소방차 진입곤란 지정", "note": "", "stroke_width_pt": 4.25, "georef_median_error_m": 2.33, "georef_p90_error_m": 4.88, "georef_inliers": 423, "sheet_count": 1}}, {"type": "Feature", "geometry": {"type": "LineString", "coordinates": [[127.1686462, 37.4471507], [127.1685883, 37.4473144]]}, "properties": {"id": "geumgwang2-2-impassable-056", "dong": "금광2동2", "source_pdf": "금광2동2.pdf", "source_page": 1, "reason": "소방차 진입곤란 지정", "note": "", "stroke_width_pt": 4.25, "georef_median_error_m": 2.33, "georef_p90_error_m": 4.88, "georef_inliers": 423, "sheet_count": 2}}, {"type": "Feature", "geometry": {"type": "LineString", "coordinates": [[127.1670486, 37.4470982], [127.1668644, 37.4470579]]}, "properties": {"id": "geumgwang2-2-impassable-057", "dong": "금광2동2", "source_pdf": "금광2동2.pdf", "source_page": 1, "reason": "소방차 진입곤란 지정", "note": "", "stroke_width_pt": 4.25, "georef_median_error_m": 2.33, "georef_p90_error_m": 4.88, "georef_inliers": 423, "sheet_count": 2}}, {"type": "Feature", "geometry": {"type": "LineString", "coordinates": [[127.1680371, 37.4462961], [127.1679952, 37.4464233]]}, "properties": {"id": "geumgwang2-2-impassable-058", "dong": "금광2동2", "source_pdf": "금광2동2.pdf", "source_page": 1, "reason": "소방차 진입곤란 지정", "note": "지도상 미확인", "stroke_width_pt": 4.25, "georef_median_error_m": 2.33, "georef_p90_error_m": 4.88, "georef_inliers": 423, "sheet_count": 3}}, {"type": "Feature", "geometry": {"type": "LineString", "coordinates": [[127.1685971, 37.4464217], [127.1685636, 37.4465157], [127.1686876, 37.4465427]]}, "properties": {"id": "geumgwang2-2-impassable-059", "dong": "금광2동2", "source_pdf": "금광2동2.pdf", "source_page": 1, "reason": "소방차 진입곤란 지정", "note": "지도상 미확인", "stroke_width_pt": 4.25, "georef_median_error_m": 2.33, "georef_p90_error_m": 4.88, "georef_inliers": 423, "sheet_count": 3}}, {"type": "Feature", "geometry": {"type": "LineString", "coordinates": [[127.1660082, 37.4472527], [127.165825, 37.4477908]]}, "properties": {"id": "geumgwang2-2-impassable-060", "dong": "금광2동2", "source_pdf": "금광2동2.pdf", "source_page": 1, "reason": "소방차 진입곤란 지정", "note": "", "stroke_width_pt": 4.25, "georef_median_error_m": 2.33, "georef_p90_error_m": 4.88, "georef_inliers": 423, "sheet_count": 2}}, {"type": "Feature", "geometry": {"type": "LineString", "coordinates": [[127.1665081, 37.4467223], [127.1664288, 37.4469646], [127.1664251, 37.4469755], [127.1663499, 37.4471882]]}, "properties": {"id": "geumgwang2-2-impassable-063", "dong": "금광2동2", "source_pdf": "금광2동2.pdf", "source_page": 1, "reason": "소방차 진입곤란 지정", "note": "", "stroke_width_pt": 4.25, "georef_median_error_m": 2.33, "georef_p90_error_m": 4.88, "georef_inliers": 423, "sheet_count": 2}}, {"type": "Feature", "geometry": {"type": "LineString", "coordinates": [[127.1663884, 37.4473342], [127.1662055, 37.4478687]]}, "properties": {"id": "geumgwang2-2-impassable-064", "dong": "금광2동2", "source_pdf": "금광2동2.pdf", "source_page": 1, "reason": "소방차 진입곤란 지정", "note": "", "stroke_width_pt": 4.25, "georef_median_error_m": 2.33, "georef_p90_error_m": 4.88, "georef_inliers": 423, "sheet_count": 2}}, {"type": "Feature", "geometry": {"type": "LineString", "coordinates": [[127.1665744, 37.4479659], [127.166767, 37.4474214]]}, "properties": {"id": "geumgwang2-2-impassable-065", "dong": "금광2동2", "source_pdf": "금광2동2.pdf", "source_page": 1, "reason": "소방차 진입곤란 지정", "note": "", "stroke_width_pt": 4.25, "georef_median_error_m": 2.33, "georef_p90_error_m": 4.88, "georef_inliers": 423, "sheet_count": 2}}, {"type": "Feature", "geometry": {"type": "LineString", "coordinates": [[127.1668642, 37.4470584], [127.165799, 37.4468303]]}, "properties": {"id": "geumgwang2-2-impassable-066", "dong": "금광2동2", "source_pdf": "금광2동2.pdf", "source_page": 1, "reason": "소방차 진입곤란 지정", "note": "", "stroke_width_pt": 4.25, "georef_median_error_m": 2.33, "georef_p90_error_m": 4.88, "georef_inliers": 423, "sheet_count": 2}}, {"type": "Feature", "geometry": {"type": "LineString", "coordinates": [[127.1658196, 37.4480185], [127.1658515, 37.4479248]]}, "properties": {"id": "geumgwang2-2-impassable-068", "dong": "금광2동2", "source_pdf": "금광2동2.pdf", "source_page": 1, "reason": "소방차 진입곤란 지정", "note": "", "stroke_width_pt": 4.25, "georef_median_error_m": 2.33, "georef_p90_error_m": 4.88, "georef_inliers": 423, "sheet_count": 2}}, {"type": "Feature", "geometry": {"type": "LineString", "coordinates": [[127.1661501, 37.4463281], [127.1661918, 37.4462087]]}, "properties": {"id": "geumgwang2-2-impassable-070", "dong": "금광2동2", "source_pdf": "금광2동2.pdf", "source_page": 1, "reason": "소방차 진입곤란 지정", "note": "", "stroke_width_pt": 4.25, "georef_median_error_m": 2.33, "georef_p90_error_m": 4.88, "georef_inliers": 423, "sheet_count": 2}}, {"type": "Feature", "geometry": {"type": "LineString", "coordinates": [[127.1537223, 37.4365058], [127.1537339, 37.4369111], [127.1537325, 37.43691]]}, "properties": {"id": "sangdaewon1-1-impassable-109", "dong": "상대원1동1", "source_pdf": "상대원1동1.pdf", "source_page": 1, "reason": "소방차 진입곤란 지정", "note": "", "stroke_width_pt": 4.25, "georef_median_error_m": 1.85, "georef_p90_error_m": 3.47, "georef_inliers": 414, "sheet_count": 1}}, {"type": "Feature", "geometry": {"type": "LineString", "coordinates": [[127.1656232, 37.439859], [127.1657134, 37.439698], [127.1657158, 37.4396938], [127.1658219, 37.4395043], [127.1658231, 37.4395022], [127.1659489, 37.4392777]]}, "properties": {"id": "sangdaewon1-1-impassable-227", "dong": "상대원1동1", "source_pdf": "상대원1동1.pdf", "source_page": 1, "reason": "소방차 진입곤란 지정", "note": "", "stroke_width_pt": 4.25, "georef_median_error_m": 1.85, "georef_p90_error_m": 3.47, "georef_inliers": 414, "sheet_count": 1}}, {"type": "Feature", "geometry": {"type": "LineString", "coordinates": [[127.1637957, 37.4348646], [127.1637547, 37.4349297], [127.163759, 37.4351121]]}, "properties": {"id": "sangdaewon1-1-impassable-253", "dong": "상대원1동1", "source_pdf": "상대원1동1.pdf", "source_page": 1, "reason": "소방차 진입곤란 지정", "note": "", "stroke_width_pt": 4.25, "georef_median_error_m": 1.85, "georef_p90_error_m": 3.47, "georef_inliers": 414, "sheet_count": 1}}, {"type": "Feature", "geometry": {"type": "LineString", "coordinates": [[127.1641709, 37.4345415], [127.1639789, 37.4345418]]}, "properties": {"id": "sangdaewon1-1-impassable-254", "dong": "상대원1동1", "source_pdf": "상대원1동1.pdf", "source_page": 1, "reason": "소방차 진입곤란 지정", "note": "", "stroke_width_pt": 4.25, "georef_median_error_m": 1.85, "georef_p90_error_m": 3.47, "georef_inliers": 414, "sheet_count": 1}}, {"type": "Feature", "geometry": {"type": "LineString", "coordinates": [[127.1651687, 37.4344477], [127.1653059, 37.434447]]}, "properties": {"id": "sangdaewon1-1-impassable-257", "dong": "상대원1동1", "source_pdf": "상대원1동1.pdf", "source_page": 1, "reason": "소방차 진입곤란 지정", "note": "", "stroke_width_pt": 4.25, "georef_median_error_m": 1.85, "georef_p90_error_m": 3.47, "georef_inliers": 414, "sheet_count": 1}}, {"type": "Feature", "geometry": {"type": "LineString", "coordinates": [[127.1653687, 37.4344533], [127.1654818, 37.4344488]]}, "properties": {"id": "sangdaewon1-1-impassable-258", "dong": "상대원1동1", "source_pdf": "상대원1동1.pdf", "source_page": 1, "reason": "소방차 진입곤란 지정", "note": "", "stroke_width_pt": 4.25, "georef_median_error_m": 1.85, "georef_p90_error_m": 3.47, "georef_inliers": 414, "sheet_count": 1}}, {"type": "Feature", "geometry": {"type": "LineString", "coordinates": [[127.1658907, 37.4337056], [127.1657933, 37.4337132]]}, "properties": {"id": "sangdaewon1-1-impassable-259", "dong": "상대원1동1", "source_pdf": "상대원1동1.pdf", "source_page": 1, "reason": "소방차 진입곤란 지정", "note": "", "stroke_width_pt": 4.25, "georef_median_error_m": 1.85, "georef_p90_error_m": 3.47, "georef_inliers": 414, "sheet_count": 1}}, {"type": "Feature", "geometry": {"type": "LineString", "coordinates": [[127.1653013, 37.4337861], [127.1651993, 37.4337873]]}, "properties": {"id": "sangdaewon1-1-impassable-260", "dong": "상대원1동1", "source_pdf": "상대원1동1.pdf", "source_page": 1, "reason": "소방차 진입곤란 지정", "note": "", "stroke_width_pt": 4.25, "georef_median_error_m": 1.85, "georef_p90_error_m": 3.47, "georef_inliers": 414, "sheet_count": 1}}, {"type": "Feature", "geometry": {"type": "LineString", "coordinates": [[127.165283, 37.4335865], [127.1651918, 37.4335878]]}, "properties": {"id": "sangdaewon1-1-impassable-261", "dong": "상대원1동1", "source_pdf": "상대원1동1.pdf", "source_page": 1, "reason": "소방차 진입곤란 지정", "note": "", "stroke_width_pt": 4.25, "georef_median_error_m": 1.85, "georef_p90_error_m": 3.47, "georef_inliers": 414, "sheet_count": 1}}, {"type": "Feature", "geometry": {"type": "LineString", "coordinates": [[127.1603247, 37.4347384], [127.1603149, 37.4346305]]}, "properties": {"id": "sangdaewon1-1-impassable-285", "dong": "상대원1동1", "source_pdf": "상대원1동1.pdf", "source_page": 1, "reason": "소방차 진입곤란 지정", "note": "", "stroke_width_pt": 4.25, "georef_median_error_m": 1.85, "georef_p90_error_m": 3.47, "georef_inliers": 414, "sheet_count": 1}}, {"type": "Feature", "geometry": {"type": "LineString", "coordinates": [[127.1621833, 37.4341866], [127.1621622, 37.4336964]]}, "properties": {"id": "sangdaewon1-1-impassable-288", "dong": "상대원1동1", "source_pdf": "상대원1동1.pdf", "source_page": 1, "reason": "소방차 진입곤란 지정", "note": "", "stroke_width_pt": 4.25, "georef_median_error_m": 1.85, "georef_p90_error_m": 3.47, "georef_inliers": 414, "sheet_count": 1}}, {"type": "Feature", "geometry": {"type": "LineString", "coordinates": [[127.1623629, 37.4336793], [127.1623758, 37.4341835]]}, "properties": {"id": "sangdaewon1-1-impassable-289", "dong": "상대원1동1", "source_pdf": "상대원1동1.pdf", "source_page": 1, "reason": "소방차 진입곤란 지정", "note": "", "stroke_width_pt": 4.25, "georef_median_error_m": 1.85, "georef_p90_error_m": 3.47, "georef_inliers": 414, "sheet_count": 1}}, {"type": "Feature", "geometry": {"type": "LineString", "coordinates": [[127.1668429, 37.4400805], [127.167069, 37.4397121]]}, "properties": {"id": "sangdaewon1-1-impassable-290", "dong": "상대원1동1", "source_pdf": "상대원1동1.pdf", "source_page": 1, "reason": "소방차 진입곤란 지정", "note": "", "stroke_width_pt": 4.25, "georef_median_error_m": 1.85, "georef_p90_error_m": 3.47, "georef_inliers": 414, "sheet_count": 1}}, {"type": "Feature", "geometry": {"type": "LineString", "coordinates": [[127.153268, 37.4380009], [127.1530434, 37.4380038], [127.1530426, 37.4380038], [127.1528339, 37.4380062], [127.1528324, 37.4380063]]}, "properties": {"id": "sangdaewon2-impassable-001", "dong": "상대원2동전체", "source_pdf": "상대원2동전체.pdf", "source_page": 1, "reason": "소방차 진입곤란 지정", "note": "", "stroke_width_pt": 4.25, "georef_median_error_m": 1.84, "georef_p90_error_m": 3.65, "georef_inliers": 270, "sheet_count": 1}}, {"type": "Feature", "geometry": {"type": "LineString", "coordinates": [[127.1532642, 37.4362526], [127.1532276, 37.436253], [127.1532234, 37.4362532], [127.1531509, 37.4362553], [127.1530783, 37.4362543], [127.1530178, 37.4362672], [127.1530029, 37.4362744], [127.1529842, 37.4362833], [127.1529507, 37.4363026], [127.1528674, 37.4363545]]}, "properties": {"id": "sangdaewon2-impassable-002", "dong": "상대원2동전체", "source_pdf": "상대원2동전체.pdf", "source_page": 1, "reason": "소방차 진입곤란 지정", "note": "", "stroke_width_pt": 4.25, "georef_median_error_m": 1.84, "georef_p90_error_m": 3.65, "georef_inliers": 270, "sheet_count": 1}}, {"type": "Feature", "geometry": {"type": "LineString", "coordinates": [[127.1527992, 37.4380651], [127.152808, 37.4380799], [127.1528432, 37.4381363], [127.1528699, 37.4381737], [127.1529144, 37.4382251], [127.1529664, 37.4382895], [127.1530123, 37.438352], [127.1530496, 37.4383943], [127.1530514, 37.4383964], [127.1531083, 37.4384626], [127.1531217, 37.4384986], [127.1531351, 37.438543], [127.1531414, 37.438567], [127.1531477, 37.4386016]]}, "properties": {"id": "sangdaewon2-impassable-003", "dong": "상대원2동전체", "source_pdf": "상대원2동전체.pdf", "source_page": 1, "reason": "소방차 진입곤란 지정", "note": "", "stroke_width_pt": 4.25, "georef_median_error_m": 1.84, "georef_p90_error_m": 3.65, "georef_inliers": 270, "sheet_count": 1}}, {"type": "Feature", "geometry": {"type": "LineString", "coordinates": [[127.1530277, 37.437412], [127.1530422, 37.4379636]]}, "properties": {"id": "sangdaewon2-impassable-004", "dong": "상대원2동전체", "source_pdf": "상대원2동전체.pdf", "source_page": 1, "reason": "소방차 진입곤란 지정", "note": "", "stroke_width_pt": 4.25, "georef_median_error_m": 1.84, "georef_p90_error_m": 3.65, "georef_inliers": 270, "sheet_count": 1}}, {"type": "Feature", "geometry": {"type": "LineString", "coordinates": [[127.1528525, 37.43637], [127.1528163, 37.4365268], [127.1528043, 37.4365958], [127.1528045, 37.4367217], [127.1528071, 37.4368194], [127.1528049, 37.4368212]]}, "properties": {"id": "sangdaewon2-impassable-005", "dong": "상대원2동전체", "source_pdf": "상대원2동전체.pdf", "source_page": 1, "reason": "소방차 진입곤란 지정", "note": "", "stroke_width_pt": 4.25, "georef_median_error_m": 1.84, "georef_p90_error_m": 3.65, "georef_inliers": 270, "sheet_count": 1}}, {"type": "Feature", "geometry": {"type": "LineString", "coordinates": [[127.1529906, 37.4363094], [127.1530087, 37.4365739], [127.1530159, 37.4368353]]}, "properties": {"id": "sangdaewon2-impassable-006", "dong": "상대원2동전체", "source_pdf": "상대원2동전체.pdf", "source_page": 1, "reason": "소방차 진입곤란 지정", "note": "", "stroke_width_pt": 4.25, "georef_median_error_m": 1.84, "georef_p90_error_m": 3.65, "georef_inliers": 270, "sheet_count": 1}}, {"type": "Feature", "geometry": {"type": "LineString", "coordinates": [[127.1532248, 37.4363022], [127.1532418, 37.4368316]]}, "properties": {"id": "sangdaewon2-impassable-007", "dong": "상대원2동전체", "source_pdf": "상대원2동전체.pdf", "source_page": 1, "reason": "소방차 진입곤란 지정", "note": "", "stroke_width_pt": 4.25, "georef_median_error_m": 1.84, "georef_p90_error_m": 3.65, "georef_inliers": 270, "sheet_count": 1}}, {"type": "Feature", "geometry": {"type": "LineString", "coordinates": [[127.1527664, 37.437378], [127.1527586, 37.4375263], [127.1527609, 37.437651], [127.152766, 37.4378258], [127.1527728, 37.437955]]}, "properties": {"id": "sangdaewon2-impassable-008", "dong": "상대원2동전체", "source_pdf": "상대원2동전체.pdf", "source_page": 1, "reason": "소방차 진입곤란 지정", "note": "", "stroke_width_pt": 4.25, "georef_median_error_m": 1.84, "georef_p90_error_m": 3.65, "georef_inliers": 270, "sheet_count": 1}}, {"type": "Feature", "geometry": {"type": "LineString", "coordinates": [[127.1532558, 37.4373064], [127.1532442, 37.4368888]]}, "properties": {"id": "sangdaewon2-impassable-009", "dong": "상대원2동전체", "source_pdf": "상대원2동전체.pdf", "source_page": 1, "reason": "소방차 진입곤란 지정", "note": "", "stroke_width_pt": 4.25, "georef_median_error_m": 1.84, "georef_p90_error_m": 3.65, "georef_inliers": 270, "sheet_count": 1}}, {"type": "Feature", "geometry": {"type": "LineString", "coordinates": [[127.1530235, 37.4373263], [127.153019, 37.4368901]]}, "properties": {"id": "sangdaewon2-impassable-010", "dong": "상대원2동전체", "source_pdf": "상대원2동전체.pdf", "source_page": 1, "reason": "소방차 진입곤란 지정", "note": "", "stroke_width_pt": 4.25, "georef_median_error_m": 1.84, "georef_p90_error_m": 3.65, "georef_inliers": 270, "sheet_count": 1}}, {"type": "Feature", "geometry": {"type": "LineString", "coordinates": [[127.1527893, 37.4373622], [127.1527989, 37.4368989]]}, "properties": {"id": "sangdaewon2-impassable-011", "dong": "상대원2동전체", "source_pdf": "상대원2동전체.pdf", "source_page": 1, "reason": "소방차 진입곤란 지정", "note": "", "stroke_width_pt": 4.25, "georef_median_error_m": 1.84, "georef_p90_error_m": 3.65, "georef_inliers": 270, "sheet_count": 1}}, {"type": "Feature", "geometry": {"type": "LineString", "coordinates": [[127.1530439, 37.4380555], [127.1530475, 37.438337]]}, "properties": {"id": "sangdaewon2-impassable-012", "dong": "상대원2동전체", "source_pdf": "상대원2동전체.pdf", "source_page": 1, "reason": "소방차 진입곤란 지정", "note": "", "stroke_width_pt": 4.25, "georef_median_error_m": 1.84, "georef_p90_error_m": 3.65, "georef_inliers": 270, "sheet_count": 1}}, {"type": "Feature", "geometry": {"type": "LineString", "coordinates": [[127.1532656, 37.4368648], [127.1524447, 37.4368699]]}, "properties": {"id": "sangdaewon2-impassable-013", "dong": "상대원2동전체", "source_pdf": "상대원2동전체.pdf", "source_page": 1, "reason": "소방차 진입곤란 지정", "note": "", "stroke_width_pt": 4.25, "georef_median_error_m": 1.84, "georef_p90_error_m": 3.65, "georef_inliers": 270, "sheet_count": 1}}, {"type": "Feature", "geometry": {"type": "LineString", "coordinates": [[127.1524911, 37.4368491], [127.1525767, 37.4366552], [127.1527625, 37.4365788]]}, "properties": {"id": "sangdaewon2-impassable-014", "dong": "상대원2동전체", "source_pdf": "상대원2동전체.pdf", "source_page": 1, "reason": "소방차 진입곤란 지정", "note": "", "stroke_width_pt": 4.25, "georef_median_error_m": 1.84, "georef_p90_error_m": 3.65, "georef_inliers": 270, "sheet_count": 1}}, {"type": "Feature", "geometry": {"type": "LineString", "coordinates": [[127.1532561, 37.4374179], [127.1532674, 37.4377018]]}, "properties": {"id": "sangdaewon2-impassable-015", "dong": "상대원2동전체", "source_pdf": "상대원2동전체.pdf", "source_page": 1, "reason": "소방차 진입곤란 지정", "note": "", "stroke_width_pt": 4.25, "georef_median_error_m": 1.84, "georef_p90_error_m": 3.65, "georef_inliers": 270, "sheet_count": 1}}, {"type": "Feature", "geometry": {"type": "LineString", "coordinates": [[127.1570608, 37.4403611], [127.1570635, 37.4403606], [127.1570984, 37.4403551], [127.1571142, 37.4403537], [127.1572239, 37.4403436], [127.1573996, 37.4403445], [127.1574134, 37.4403445], [127.157561, 37.4403537], [127.1576105, 37.4403603]]}, "properties": {"id": "sangdaewon2-impassable-027", "dong": "상대원2동전체", "source_pdf": "상대원2동전체.pdf", "source_page": 1, "reason": "소방차 진입곤란 지정", "note": "", "stroke_width_pt": 4.25, "georef_median_error_m": 1.84, "georef_p90_error_m": 3.65, "georef_inliers": 270, "sheet_count": 1}}, {"type": "Feature", "geometry": {"type": "LineString", "coordinates": [[127.1580348, 37.4330671], [127.1580504, 37.4338014], [127.1580533, 37.4339721], [127.1580562, 37.4341397], [127.1580601, 37.4342634]]}, "properties": {"id": "sangdaewon2-impassable-031", "dong": "상대원2동전체", "source_pdf": "상대원2동전체.pdf", "source_page": 1, "reason": "소방차 진입곤란 지정", "note": "", "stroke_width_pt": 4.25, "georef_median_error_m": 1.84, "georef_p90_error_m": 3.65, "georef_inliers": 270, "sheet_count": 2}}, {"type": "Feature", "geometry": {"type": "LineString", "coordinates": [[127.1579934, 37.4339718], [127.1572069, 37.433981], [127.1564691, 37.4339902]]}, "properties": {"id": "sangdaewon2-impassable-032", "dong": "상대원2동전체", "source_pdf": "상대원2동전체.pdf", "source_page": 1, "reason": "소방차 진입곤란 지정", "note": "", "stroke_width_pt": 4.25, "georef_median_error_m": 1.84, "georef_p90_error_m": 3.65, "georef_inliers": 270, "sheet_count": 2}}, {"type": "Feature", "geometry": {"type": "LineString", "coordinates": [[127.1544255, 37.4357458], [127.154419, 37.4358281], [127.1543842, 37.4359009], [127.1543683, 37.4359237], [127.1543319, 37.4359759], [127.1542594, 37.4360658], [127.1542433, 37.4360862], [127.1542281, 37.4360957], [127.1541936, 37.4361173], [127.154105, 37.4361655], [127.1540297, 37.4361892], [127.1539316, 37.4362117], [127.1537918, 37.4362419], [127.1536533, 37.4362506], [127.15346, 37.4362501], [127.1534112, 37.4362499], [127.1532649, 37.4362518]]}, "properties": {"id": "sangdaewon2-impassable-036", "dong": "상대원2동전체", "source_pdf": "상대원2동전체.pdf", "source_page": 1, "reason": "소방차 진입곤란 지정", "note": "", "stroke_width_pt": 4.25, "georef_median_error_m": 1.84, "georef_p90_error_m": 3.65, "georef_inliers": 270, "sheet_count": 2}}, {"type": "Feature", "geometry": {"type": "LineString", "coordinates": [[127.1579817, 37.4356905], [127.1575418, 37.4356988], [127.1575268, 37.435699], [127.1572879, 37.4357029], [127.1572622, 37.4357033], [127.157019, 37.4357073], [127.1570044, 37.4357075], [127.1569643, 37.4357082], [127.1567485, 37.4357114], [127.1567395, 37.4357115], [127.1564541, 37.4357159], [127.1564523, 37.4357159], [127.1562076, 37.4357196], [127.1562009, 37.4357197], [127.1559891, 37.4357229], [127.1559849, 37.435723], [127.1559725, 37.4357231], [127.1557701, 37.4357261], [127.1557413, 37.4357265], [127.1555426, 37.4357294], [127.1555168, 37.4357298], [127.155302, 37.435733], [127.1552915, 37.4357331], [127.1550654, 37.4357364], [127.1550636, 37.4357364], [127.1548372, 37.4357398], [127.154825, 37.4357399], [127.1545821, 37.4357435], [127.1544255, 37.4357458]]}, "properties": {"id": "sangdaewon2-impassable-037", "dong": "상대원2동전체", "source_pdf": "상대원2동전체.pdf", "source_page": 1, "reason": "소방차 진입곤란 지정", "note": "", "stroke_width_pt": 4.25, "georef_median_error_m": 1.84, "georef_p90_error_m": 3.65, "georef_inliers": 270, "sheet_count": 2}}, {"type": "Feature", "geometry": {"type": "LineString", "coordinates": [[127.1579931, 37.4341416], [127.1564224, 37.4341578], [127.1564212, 37.4341578], [127.1563873, 37.4341271], [127.1560349, 37.4341286]]}, "properties": {"id": "sangdaewon2-impassable-038", "dong": "상대원2동전체", "source_pdf": "상대원2동전체.pdf", "source_page": 1, "reason": "소방차 진입곤란 지정", "note": "", "stroke_width_pt": 4.25, "georef_median_error_m": 1.84, "georef_p90_error_m": 3.65, "georef_inliers": 270, "sheet_count": 2}}, {"type": "Feature", "geometry": {"type": "LineString", "coordinates": [[127.1579922, 37.4338019], [127.1573404, 37.4338086], [127.1570619, 37.4338129], [127.1568622, 37.4338171], [127.156552, 37.4338236]]}, "properties": {"id": "sangdaewon2-impassable-039", "dong": "상대원2동전체", "source_pdf": "상대원2동전체.pdf", "source_page": 1, "reason": "소방차 진입곤란 지정", "note": "", "stroke_width_pt": 4.25, "georef_median_error_m": 1.84, "georef_p90_error_m": 3.65, "georef_inliers": 270, "sheet_count": 2}}, {"type": "Feature", "geometry": {"type": "LineString", "coordinates": [[127.1564392, 37.435085], [127.1564531, 37.4356596]]}, "properties": {"id": "sangdaewon2-impassable-040", "dong": "상대원2동전체", "source_pdf": "상대원2동전체.pdf", "source_page": 1, "reason": "소방차 진입곤란 지정", "note": "", "stroke_width_pt": 4.25, "georef_median_error_m": 1.84, "georef_p90_error_m": 3.65, "georef_inliers": 270, "sheet_count": 2}}, {"type": "Feature", "geometry": {"type": "LineString", "coordinates": [[127.15726, 37.435073], [127.1572859, 37.4356507]]}, "properties": {"id": "sangdaewon2-impassable-041", "dong": "상대원2동전체", "source_pdf": "상대원2동전체.pdf", "source_page": 1, "reason": "소방차 진입곤란 지정", "note": "", "stroke_width_pt": 4.25, "georef_median_error_m": 1.84, "georef_p90_error_m": 3.65, "georef_inliers": 270, "sheet_count": 2}}, {"type": "Feature", "geometry": {"type": "LineString", "coordinates": [[127.1567253, 37.4350744], [127.1567456, 37.4356603]]}, "properties": {"id": "sangdaewon2-impassable-042", "dong": "상대원2동전체", "source_pdf": "상대원2동전체.pdf", "source_page": 1, "reason": "소방차 진입곤란 지정", "note": "", "stroke_width_pt": 4.25, "georef_median_error_m": 1.84, "georef_p90_error_m": 3.65, "georef_inliers": 270, "sheet_count": 2}}, {"type": "Feature", "geometry": {"type": "LineString", "coordinates": [[127.1561993, 37.435089], [127.1562022, 37.4356698]]}, "properties": {"id": "sangdaewon2-impassable-043", "dong": "상대원2동전체", "source_pdf": "상대원2동전체.pdf", "source_page": 1, "reason": "소방차 진입곤란 지정", "note": "", "stroke_width_pt": 4.25, "georef_median_error_m": 1.84, "georef_p90_error_m": 3.65, "georef_inliers": 270, "sheet_count": 2}}, {"type": "Feature", "geometry": {"type": "LineString", "coordinates": [[127.155974, 37.4350937], [127.1559824, 37.4356623]]}, "properties": {"id": "sangdaewon2-impassable-044", "dong": "상대원2동전체", "source_pdf": "상대원2동전체.pdf", "source_page": 1, "reason": "소방차 진입곤란 지정", "note": "", "stroke_width_pt": 4.25, "georef_median_error_m": 1.84, "georef_p90_error_m": 3.65, "georef_inliers": 270, "sheet_count": 2}}, {"type": "Feature", "geometry": {"type": "LineString", "coordinates": [[127.1557555, 37.4350912], [127.1557685, 37.4356611]]}, "properties": {"id": "sangdaewon2-impassable-045", "dong": "상대원2동전체", "source_pdf": "상대원2동전체.pdf", "source_page": 1, "reason": "소방차 진입곤란 지정", "note": "", "stroke_width_pt": 4.25, "georef_median_error_m": 1.84, "georef_p90_error_m": 3.65, "georef_inliers": 270, "sheet_count": 2}}, {"type": "Feature", "geometry": {"type": "LineString", "coordinates": [[127.1555262, 37.4350938], [127.1555397, 37.4356697]]}, "properties": {"id": "sangdaewon2-impassable-046", "dong": "상대원2동전체", "source_pdf": "상대원2동전체.pdf", "source_page": 1, "reason": "소방차 진입곤란 지정", "note": "", "stroke_width_pt": 4.25, "georef_median_error_m": 1.84, "georef_p90_error_m": 3.65, "georef_inliers": 270, "sheet_count": 2}}, {"type": "Feature", "geometry": {"type": "LineString", "coordinates": [[127.1552811, 37.4351063], [127.1553012, 37.4356819]]}, "properties": {"id": "sangdaewon2-impassable-047", "dong": "상대원2동전체", "source_pdf": "상대원2동전체.pdf", "source_page": 1, "reason": "소방차 진입곤란 지정", "note": "", "stroke_width_pt": 4.25, "georef_median_error_m": 1.84, "georef_p90_error_m": 3.65, "georef_inliers": 270, "sheet_count": 2}}, {"type": "Feature", "geometry": {"type": "LineString", "coordinates": [[127.1548258, 37.4351008], [127.154837, 37.4356872]]}, "properties": {"id": "sangdaewon2-impassable-048", "dong": "상대원2동전체", "source_pdf": "상대원2동전체.pdf", "source_page": 1, "reason": "소방차 진입곤란 지정", "note": "", "stroke_width_pt": 4.25, "georef_median_error_m": 1.84, "georef_p90_error_m": 3.65, "georef_inliers": 270, "sheet_count": 2}}, {"type": "Feature", "geometry": {"type": "LineString", "coordinates": [[127.1578847, 37.4343643], [127.1578908, 37.4345341], [127.157907, 37.4349565]]}, "properties": {"id": "sangdaewon2-impassable-049", "dong": "상대원2동전체", "source_pdf": "상대원2동전체.pdf", "source_page": 1, "reason": "소방차 진입곤란 지정", "note": "", "stroke_width_pt": 4.25, "georef_median_error_m": 1.84, "georef_p90_error_m": 3.65, "georef_inliers": 270, "sheet_count": 2}}, {"type": "Feature", "geometry": {"type": "LineString", "coordinates": [[127.1576355, 37.4343657], [127.1576545, 37.434973]]}, "properties": {"id": "sangdaewon2-impassable-050", "dong": "상대원2동전체", "source_pdf": "상대원2동전체.pdf", "source_page": 1, "reason": "소방차 진입곤란 지정", "note": "", "stroke_width_pt": 4.25, "georef_median_error_m": 1.84, "georef_p90_error_m": 3.65, "georef_inliers": 270, "sheet_count": 2}}, {"type": "Feature", "geometry": {"type": "LineString", "coordinates": [[127.1573876, 37.434364], [127.1574024, 37.4349775]]}, "properties": {"id": "sangdaewon2-impassable-051", "dong": "상대원2동전체", "source_pdf": "상대원2동전체.pdf", "source_page": 1, "reason": "소방차 진입곤란 지정", "note": "", "stroke_width_pt": 4.25, "georef_median_error_m": 1.84, "georef_p90_error_m": 3.65, "georef_inliers": 270, "sheet_count": 2}}, {"type": "Feature", "geometry": {"type": "LineString", "coordinates": [[127.1571562, 37.4343663], [127.1571666, 37.4349684]]}, "properties": {"id": "sangdaewon2-impassable-052", "dong": "상대원2동전체", "source_pdf": "상대원2동전체.pdf", "source_page": 1, "reason": "소방차 진입곤란 지정", "note": "", "stroke_width_pt": 4.25, "georef_median_error_m": 1.84, "georef_p90_error_m": 3.65, "georef_inliers": 270, "sheet_count": 2}}, {"type": "Feature", "geometry": {"type": "LineString", "coordinates": [[127.156919, 37.4343703], [127.1569225, 37.4349753]]}, "properties": {"id": "sangdaewon2-impassable-053", "dong": "상대원2동전체", "source_pdf": "상대원2동전체.pdf", "source_page": 1, "reason": "소방차 진입곤란 지정", "note": "", "stroke_width_pt": 4.25, "georef_median_error_m": 1.84, "georef_p90_error_m": 3.65, "georef_inliers": 270, "sheet_count": 2}}, {"type": "Feature", "geometry": {"type": "LineString", "coordinates": [[127.1566777, 37.4343853], [127.1566885, 37.4349763]]}, "properties": {"id": "sangdaewon2-impassable-054", "dong": "상대원2동전체", "source_pdf": "상대원2동전체.pdf", "source_page": 1, "reason": "소방차 진입곤란 지정", "note": "", "stroke_width_pt": 4.25, "georef_median_error_m": 1.84, "georef_p90_error_m": 3.65, "georef_inliers": 270, "sheet_count": 2}}, {"type": "Feature", "geometry": {"type": "LineString", "coordinates": [[127.1564266, 37.4343866], [127.1564371, 37.4349701]]}, "properties": {"id": "sangdaewon2-impassable-055", "dong": "상대원2동전체", "source_pdf": "상대원2동전체.pdf", "source_page": 1, "reason": "소방차 진입곤란 지정", "note": "", "stroke_width_pt": 4.25, "georef_median_error_m": 1.84, "georef_p90_error_m": 3.65, "georef_inliers": 270, "sheet_count": 2}}, {"type": "Feature", "geometry": {"type": "LineString", "coordinates": [[127.1561818, 37.4343776], [127.1561967, 37.4349736]]}, "properties": {"id": "sangdaewon2-impassable-056", "dong": "상대원2동전체", "source_pdf": "상대원2동전체.pdf", "source_page": 1, "reason": "소방차 진입곤란 지정", "note": "", "stroke_width_pt": 4.25, "georef_median_error_m": 1.84, "georef_p90_error_m": 3.65, "georef_inliers": 270, "sheet_count": 2}}, {"type": "Feature", "geometry": {"type": "LineString", "coordinates": [[127.1559563, 37.4343812], [127.1559696, 37.4349899]]}, "properties": {"id": "sangdaewon2-impassable-057", "dong": "상대원2동전체", "source_pdf": "상대원2동전체.pdf", "source_page": 1, "reason": "소방차 진입곤란 지정", "note": "", "stroke_width_pt": 4.25, "georef_median_error_m": 1.84, "georef_p90_error_m": 3.65, "georef_inliers": 270, "sheet_count": 2}}, {"type": "Feature", "geometry": {"type": "LineString", "coordinates": [[127.1557551, 37.4350057], [127.1557444, 37.4346636], [127.1557425, 37.4345869], [127.1557218, 37.4343936]]}, "properties": {"id": "sangdaewon2-impassable-058", "dong": "상대원2동전체", "source_pdf": "상대원2동전체.pdf", "source_page": 1, "reason": "소방차 진입곤란 지정", "note": "", "stroke_width_pt": 4.25, "georef_median_error_m": 1.84, "georef_p90_error_m": 3.65, "georef_inliers": 270, "sheet_count": 2}}, {"type": "Feature", "geometry": {"type": "LineString", "coordinates": [[127.1555235, 37.4349948], [127.1555116, 37.4344706]]}, "properties": {"id": "sangdaewon2-impassable-059", "dong": "상대원2동전체", "source_pdf": "상대원2동전체.pdf", "source_page": 1, "reason": "소방차 진입곤란 지정", "note": "", "stroke_width_pt": 4.25, "georef_median_error_m": 1.84, "georef_p90_error_m": 3.65, "georef_inliers": 270, "sheet_count": 2}}, {"type": "Feature", "geometry": {"type": "LineString", "coordinates": [[127.1552783, 37.4350042], [127.1552658, 37.4345747]]}, "properties": {"id": "sangdaewon2-impassable-060", "dong": "상대원2동전체", "source_pdf": "상대원2동전체.pdf", "source_page": 1, "reason": "소방차 진입곤란 지정", "note": "", "stroke_width_pt": 4.25, "georef_median_error_m": 1.84, "georef_p90_error_m": 3.65, "georef_inliers": 270, "sheet_count": 2}}, {"type": "Feature", "geometry": {"type": "LineString", "coordinates": [[127.1550474, 37.4350238], [127.1550394, 37.434885]]}, "properties": {"id": "sangdaewon2-impassable-061", "dong": "상대원2동전체", "source_pdf": "상대원2동전체.pdf", "source_page": 1, "reason": "소방차 진입곤란 지정", "note": "", "stroke_width_pt": 4.25, "georef_median_error_m": 1.84, "georef_p90_error_m": 3.65, "georef_inliers": 270, "sheet_count": 2}}, {"type": "Feature", "geometry": {"type": "LineString", "coordinates": [[127.1572633, 37.4357444], [127.157277, 37.4363434]]}, "properties": {"id": "sangdaewon2-impassable-062", "dong": "상대원2동전체", "source_pdf": "상대원2동전체.pdf", "source_page": 1, "reason": "소방차 진입곤란 지정", "note": "", "stroke_width_pt": 4.25, "georef_median_error_m": 1.84, "georef_p90_error_m": 3.65, "georef_inliers": 270, "sheet_count": 2}}, {"type": "Feature", "geometry": {"type": "LineString", "coordinates": [[127.1570052, 37.4357515], [127.157015, 37.4363444]]}, "properties": {"id": "sangdaewon2-impassable-063", "dong": "상대원2동전체", "source_pdf": "상대원2동전체.pdf", "source_page": 1, "reason": "소방차 진입곤란 지정", "note": "", "stroke_width_pt": 4.25, "georef_median_error_m": 1.84, "georef_p90_error_m": 3.65, "georef_inliers": 270, "sheet_count": 2}}, {"type": "Feature", "geometry": {"type": "LineString", "coordinates": [[127.1564527, 37.4357687], [127.1564671, 37.4363495]]}, "properties": {"id": "sangdaewon2-impassable-064", "dong": "상대원2동전체", "source_pdf": "상대원2동전체.pdf", "source_page": 1, "reason": "소방차 진입곤란 지정", "note": "", "stroke_width_pt": 4.25, "georef_median_error_m": 1.84, "georef_p90_error_m": 3.65, "georef_inliers": 270, "sheet_count": 2}}, {"type": "Feature", "geometry": {"type": "LineString", "coordinates": [[127.1567413, 37.4357585], [127.1567537, 37.436339]]}, "properties": {"id": "sangdaewon2-impassable-065", "dong": "상대원2동전체", "source_pdf": "상대원2동전체.pdf", "source_page": 1, "reason": "소방차 진입곤란 지정", "note": "", "stroke_width_pt": 4.25, "georef_median_error_m": 1.84, "georef_p90_error_m": 3.65, "georef_inliers": 270, "sheet_count": 2}}, {"type": "Feature", "geometry": {"type": "LineString", "coordinates": [[127.1562082, 37.4357623], [127.1562119, 37.4358173], [127.156229, 37.436352]]}, "properties": {"id": "sangdaewon2-impassable-066", "dong": "상대원2동전체", "source_pdf": "상대원2동전체.pdf", "source_page": 1, "reason": "소방차 진입곤란 지정", "note": "", "stroke_width_pt": 4.25, "georef_median_error_m": 1.84, "georef_p90_error_m": 3.65, "georef_inliers": 270, "sheet_count": 2}}, {"type": "Feature", "geometry": {"type": "LineString", "coordinates": [[127.1559735, 37.4357652], [127.1559912, 37.4363365]]}, "properties": {"id": "sangdaewon2-impassable-067", "dong": "상대원2동전체", "source_pdf": "상대원2동전체.pdf", "source_page": 1, "reason": "소방차 진입곤란 지정", "note": "", "stroke_width_pt": 4.25, "georef_median_error_m": 1.84, "georef_p90_error_m": 3.65, "georef_inliers": 270, "sheet_count": 2}}, {"type": "Feature", "geometry": {"type": "LineString", "coordinates": [[127.1557419, 37.4357647], [127.1557667, 37.4363498]]}, "properties": {"id": "sangdaewon2-impassable-068", "dong": "상대원2동전체", "source_pdf": "상대원2동전체.pdf", "source_page": 1, "reason": "소방차 진입곤란 지정", "note": "", "stroke_width_pt": 4.25, "georef_median_error_m": 1.84, "georef_p90_error_m": 3.65, "georef_inliers": 270, "sheet_count": 2}}, {"type": "Feature", "geometry": {"type": "LineString", "coordinates": [[127.1555179, 37.4357767], [127.1555414, 37.4363611]]}, "properties": {"id": "sangdaewon2-impassable-069", "dong": "상대원2동전체", "source_pdf": "상대원2동전체.pdf", "source_page": 1, "reason": "소방차 진입곤란 지정", "note": "", "stroke_width_pt": 4.25, "georef_median_error_m": 1.84, "georef_p90_error_m": 3.65, "georef_inliers": 270, "sheet_count": 2}}, {"type": "Feature", "geometry": {"type": "LineString", "coordinates": [[127.1550654, 37.4357779], [127.1550924, 37.4363676]]}, "properties": {"id": "sangdaewon2-impassable-070", "dong": "상대원2동전체", "source_pdf": "상대원2동전체.pdf", "source_page": 1, "reason": "소방차 진입곤란 지정", "note": "", "stroke_width_pt": 4.25, "georef_median_error_m": 1.84, "georef_p90_error_m": 3.65, "georef_inliers": 270, "sheet_count": 2}}, {"type": "Feature", "geometry": {"type": "LineString", "coordinates": [[127.157293, 37.4368493], [127.157302, 37.4372554]]}, "properties": {"id": "sangdaewon2-impassable-072", "dong": "상대원2동전체", "source_pdf": "상대원2동전체.pdf", "source_page": 1, "reason": "소방차 진입곤란 지정", "note": "", "stroke_width_pt": 4.25, "georef_median_error_m": 1.84, "georef_p90_error_m": 3.65, "georef_inliers": 270, "sheet_count": 2}}, {"type": "Feature", "geometry": {"type": "LineString", "coordinates": [[127.1567649, 37.4368595], [127.1567735, 37.4372613]]}, "properties": {"id": "sangdaewon2-impassable-073", "dong": "상대원2동전체", "source_pdf": "상대원2동전체.pdf", "source_page": 1, "reason": "소방차 진입곤란 지정", "note": "", "stroke_width_pt": 4.25, "georef_median_error_m": 1.84, "georef_p90_error_m": 3.65, "georef_inliers": 270, "sheet_count": 2}}, {"type": "Feature", "geometry": {"type": "LineString", "coordinates": [[127.1575495, 37.4364226], [127.1575652, 37.4367821]]}, "properties": {"id": "sangdaewon2-impassable-074", "dong": "상대원2동전체", "source_pdf": "상대원2동전체.pdf", "source_page": 1, "reason": "소방차 진입곤란 지정", "note": "", "stroke_width_pt": 4.25, "georef_median_error_m": 1.84, "georef_p90_error_m": 3.65, "georef_inliers": 270, "sheet_count": 2}}, {"type": "Feature", "geometry": {"type": "LineString", "coordinates": [[127.1572794, 37.4364312], [127.1572894, 37.4367583]]}, "properties": {"id": "sangdaewon2-impassable-075", "dong": "상대원2동전체", "source_pdf": "상대원2동전체.pdf", "source_page": 1, "reason": "소방차 진입곤란 지정", "note": "", "stroke_width_pt": 4.25, "georef_median_error_m": 1.84, "georef_p90_error_m": 3.65, "georef_inliers": 270, "sheet_count": 2}}, {"type": "Feature", "geometry": {"type": "LineString", "coordinates": [[127.1570202, 37.4364372], [127.1570286, 37.4367921]]}, "properties": {"id": "sangdaewon2-impassable-076", "dong": "상대원2동전체", "source_pdf": "상대원2동전체.pdf", "source_page": 1, "reason": "소방차 진입곤란 지정", "note": "", "stroke_width_pt": 4.25, "georef_median_error_m": 1.84, "georef_p90_error_m": 3.65, "georef_inliers": 270, "sheet_count": 2}}, {"type": "Feature", "geometry": {"type": "LineString", "coordinates": [[127.1567553, 37.4364387], [127.1567648, 37.436796]]}, "properties": {"id": "sangdaewon2-impassable-077", "dong": "상대원2동전체", "source_pdf": "상대원2동전체.pdf", "source_page": 1, "reason": "소방차 진입곤란 지정", "note": "", "stroke_width_pt": 4.25, "georef_median_error_m": 1.84, "georef_p90_error_m": 3.65, "georef_inliers": 270, "sheet_count": 2}}, {"type": "Feature", "geometry": {"type": "LineString", "coordinates": [[127.1543912, 37.4364729], [127.1544051, 37.4368834]]}, "properties": {"id": "sangdaewon2-impassable-078", "dong": "상대원2동전체", "source_pdf": "상대원2동전체.pdf", "source_page": 1, "reason": "소방차 진입곤란 지정", "note": "", "stroke_width_pt": 4.25, "georef_median_error_m": 1.84, "georef_p90_error_m": 3.65, "georef_inliers": 270, "sheet_count": 2}}, {"type": "Feature", "geometry": {"type": "LineString", "coordinates": [[127.154167, 37.4364774], [127.1541799, 37.4368891]]}, "properties": {"id": "sangdaewon2-impassable-079", "dong": "상대원2동전체", "source_pdf": "상대원2동전체.pdf", "source_page": 1, "reason": "소방차 진입곤란 지정", "note": "", "stroke_width_pt": 4.25, "georef_median_error_m": 1.84, "georef_p90_error_m": 3.65, "georef_inliers": 270, "sheet_count": 2}}, {"type": "Feature", "geometry": {"type": "LineString", "coordinates": [[127.1539512, 37.4364843], [127.153959, 37.4368919]]}, "properties": {"id": "sangdaewon2-impassable-080", "dong": "상대원2동전체", "source_pdf": "상대원2동전체.pdf", "source_page": 1, "reason": "소방차 진입곤란 지정", "note": "", "stroke_width_pt": 4.25, "georef_median_error_m": 1.84, "georef_p90_error_m": 3.65, "georef_inliers": 270, "sheet_count": 2}}, {"type": "Feature", "geometry": {"type": "LineString", "coordinates": [[127.157372, 37.4373645], [127.1573794, 37.4376606]]}, "properties": {"id": "sangdaewon2-impassable-082", "dong": "상대원2동전체", "source_pdf": "상대원2동전체.pdf", "source_page": 1, "reason": "소방차 진입곤란 지정", "note": "", "stroke_width_pt": 4.25, "georef_median_error_m": 1.84, "georef_p90_error_m": 3.65, "georef_inliers": 270, "sheet_count": 2}}, {"type": "Feature", "geometry": {"type": "LineString", "coordinates": [[127.1570817, 37.4373705], [127.157087, 37.437653]]}, "properties": {"id": "sangdaewon2-impassable-083", "dong": "상대원2동전체", "source_pdf": "상대원2동전체.pdf", "source_page": 1, "reason": "소방차 진입곤란 지정", "note": "", "stroke_width_pt": 4.25, "georef_median_error_m": 1.84, "georef_p90_error_m": 3.65, "georef_inliers": 270, "sheet_count": 2}}, {"type": "Feature", "geometry": {"type": "LineString", "coordinates": [[127.154868, 37.437402], [127.1548835, 37.4379207]]}, "properties": {"id": "sangdaewon2-impassable-084", "dong": "상대원2동전체", "source_pdf": "상대원2동전체.pdf", "source_page": 1, "reason": "소방차 진입곤란 지정", "note": "", "stroke_width_pt": 4.25, "georef_median_error_m": 1.84, "georef_p90_error_m": 3.65, "georef_inliers": 270, "sheet_count": 2}}, {"type": "Feature", "geometry": {"type": "LineString", "coordinates": [[127.1546433, 37.4374018], [127.1546509, 37.4379235]]}, "properties": {"id": "sangdaewon2-impassable-085", "dong": "상대원2동전체", "source_pdf": "상대원2동전체.pdf", "source_page": 1, "reason": "소방차 진입곤란 지정", "note": "", "stroke_width_pt": 4.25, "georef_median_error_m": 1.84, "georef_p90_error_m": 3.65, "georef_inliers": 270, "sheet_count": 2}}, {"type": "Feature", "geometry": {"type": "LineString", "coordinates": [[127.1544195, 37.4374045], [127.1544298, 37.4379287]]}, "properties": {"id": "sangdaewon2-impassable-086", "dong": "상대원2동전체", "source_pdf": "상대원2동전체.pdf", "source_page": 1, "reason": "소방차 진입곤란 지정", "note": "", "stroke_width_pt": 4.25, "georef_median_error_m": 1.84, "georef_p90_error_m": 3.65, "georef_inliers": 270, "sheet_count": 2}}, {"type": "Feature", "geometry": {"type": "LineString", "coordinates": [[127.1541886, 37.4374022], [127.1542044, 37.4379453]]}, "properties": {"id": "sangdaewon2-impassable-087", "dong": "상대원2동전체", "source_pdf": "상대원2동전체.pdf", "source_page": 1, "reason": "소방차 진입곤란 지정", "note": "", "stroke_width_pt": 4.25, "georef_median_error_m": 1.84, "georef_p90_error_m": 3.65, "georef_inliers": 270, "sheet_count": 2}}, {"type": "Feature", "geometry": {"type": "LineString", "coordinates": [[127.1539719, 37.437411], [127.1539817, 37.4379546]]}, "properties": {"id": "sangdaewon2-impassable-088", "dong": "상대원2동전체", "source_pdf": "상대원2동전체.pdf", "source_page": 1, "reason": "소방차 진입곤란 지정", "note": "", "stroke_width_pt": 4.25, "georef_median_error_m": 1.84, "georef_p90_error_m": 3.65, "georef_inliers": 270, "sheet_count": 2}}, {"type": "Feature", "geometry": {"type": "LineString", "coordinates": [[127.1532678, 37.4376307], [127.1532804, 37.4379483]]}, "properties": {"id": "sangdaewon2-impassable-089", "dong": "상대원2동전체", "source_pdf": "상대원2동전체.pdf", "source_page": 1, "reason": "소방차 진입곤란 지정", "note": "", "stroke_width_pt": 4.25, "georef_median_error_m": 1.84, "georef_p90_error_m": 3.65, "georef_inliers": 270, "sheet_count": 2}}, {"type": "Feature", "geometry": {"type": "LineString", "coordinates": [[127.1532833, 37.4379999], [127.1532773, 37.4380936], [127.1532897, 37.4381736], [127.1532965, 37.4385959]]}, "properties": {"id": "sangdaewon2-impassable-090", "dong": "상대원2동전체", "source_pdf": "상대원2동전체.pdf", "source_page": 1, "reason": "소방차 진입곤란 지정", "note": "", "stroke_width_pt": 4.25, "georef_median_error_m": 1.84, "georef_p90_error_m": 3.65, "georef_inliers": 270, "sheet_count": 2}}, {"type": "Feature", "geometry": {"type": "LineString", "coordinates": [[127.1535318, 37.4380495], [127.1535386, 37.4385898]]}, "properties": {"id": "sangdaewon2-impassable-091", "dong": "상대원2동전체", "source_pdf": "상대원2동전체.pdf", "source_page": 1, "reason": "소방차 진입곤란 지정", "note": "", "stroke_width_pt": 4.25, "georef_median_error_m": 1.84, "georef_p90_error_m": 3.65, "georef_inliers": 270, "sheet_count": 2}}, {"type": "Feature", "geometry": {"type": "LineString", "coordinates": [[127.1539858, 37.4380405], [127.1539995, 37.4385623]]}, "properties": {"id": "sangdaewon2-impassable-092", "dong": "상대원2동전체", "source_pdf": "상대원2동전체.pdf", "source_page": 1, "reason": "소방차 진입곤란 지정", "note": "", "stroke_width_pt": 4.25, "georef_median_error_m": 1.84, "georef_p90_error_m": 3.65, "georef_inliers": 270, "sheet_count": 2}}, {"type": "Feature", "geometry": {"type": "LineString", "coordinates": [[127.1542052, 37.4380359], [127.154209, 37.4385731]]}, "properties": {"id": "sangdaewon2-impassable-093", "dong": "상대원2동전체", "source_pdf": "상대원2동전체.pdf", "source_page": 1, "reason": "소방차 진입곤란 지정", "note": "", "stroke_width_pt": 4.25, "georef_median_error_m": 1.84, "georef_p90_error_m": 3.65, "georef_inliers": 270, "sheet_count": 2}}, {"type": "Feature", "geometry": {"type": "LineString", "coordinates": [[127.1544323, 37.4380334], [127.1544417, 37.4385783]]}, "properties": {"id": "sangdaewon2-impassable-094", "dong": "상대원2동전체", "source_pdf": "상대원2동전체.pdf", "source_page": 1, "reason": "소방차 진입곤란 지정", "note": "", "stroke_width_pt": 4.25, "georef_median_error_m": 1.84, "georef_p90_error_m": 3.65, "georef_inliers": 270, "sheet_count": 2}}, {"type": "Feature", "geometry": {"type": "LineString", "coordinates": [[127.1546534, 37.4380294], [127.1546617, 37.4385833]]}, "properties": {"id": "sangdaewon2-impassable-095", "dong": "상대원2동전체", "source_pdf": "상대원2동전체.pdf", "source_page": 1, "reason": "소방차 진입곤란 지정", "note": "", "stroke_width_pt": 4.25, "georef_median_error_m": 1.84, "georef_p90_error_m": 3.65, "georef_inliers": 270, "sheet_count": 2}}, {"type": "Feature", "geometry": {"type": "LineString", "coordinates": [[127.154886, 37.4380291], [127.1548996, 37.438568]]}, "properties": {"id": "sangdaewon2-impassable-096", "dong": "상대원2동전체", "source_pdf": "상대원2동전체.pdf", "source_page": 1, "reason": "소방차 진입곤란 지정", "note": "", "stroke_width_pt": 4.25, "georef_median_error_m": 1.84, "georef_p90_error_m": 3.65, "georef_inliers": 270, "sheet_count": 2}}, {"type": "Feature", "geometry": {"type": "LineString", "coordinates": [[127.1551359, 37.4380123], [127.1551409, 37.4380658], [127.1551459, 37.4385667]]}, "properties": {"id": "sangdaewon2-impassable-097", "dong": "상대원2동전체", "source_pdf": "상대원2동전체.pdf", "source_page": 1, "reason": "소방차 진입곤란 지정", "note": "", "stroke_width_pt": 4.25, "georef_median_error_m": 1.84, "georef_p90_error_m": 3.65, "georef_inliers": 270, "sheet_count": 2}}, {"type": "Feature", "geometry": {"type": "LineString", "coordinates": [[127.1553555, 37.4380288], [127.1553703, 37.4385646]]}, "properties": {"id": "sangdaewon2-impassable-098", "dong": "상대원2동전체", "source_pdf": "상대원2동전체.pdf", "source_page": 1, "reason": "소방차 진입곤란 지정", "note": "", "stroke_width_pt": 4.25, "georef_median_error_m": 1.84, "georef_p90_error_m": 3.65, "georef_inliers": 270, "sheet_count": 2}}, {"type": "Feature", "geometry": {"type": "LineString", "coordinates": [[127.1556036, 37.4380136], [127.1556111, 37.4385619]]}, "properties": {"id": "sangdaewon2-impassable-099", "dong": "상대원2동전체", "source_pdf": "상대원2동전체.pdf", "source_page": 1, "reason": "소방차 진입곤란 지정", "note": "", "stroke_width_pt": 4.25, "georef_median_error_m": 1.84, "georef_p90_error_m": 3.65, "georef_inliers": 270, "sheet_count": 2}}, {"type": "Feature", "geometry": {"type": "LineString", "coordinates": [[127.1558332, 37.4380119], [127.1558408, 37.4383456], [127.1558405, 37.4384514], [127.1558399, 37.4385533]]}, "properties": {"id": "sangdaewon2-impassable-100", "dong": "상대원2동전체", "source_pdf": "상대원2동전체.pdf", "source_page": 1, "reason": "소방차 진입곤란 지정", "note": "", "stroke_width_pt": 4.25, "georef_median_error_m": 1.84, "georef_p90_error_m": 3.65, "georef_inliers": 270, "sheet_count": 2}}, {"type": "Feature", "geometry": {"type": "LineString", "coordinates": [[127.1562724, 37.4380046], [127.156286, 37.438557]]}, "properties": {"id": "sangdaewon2-impassable-101", "dong": "상대원2동전체", "source_pdf": "상대원2동전체.pdf", "source_page": 1, "reason": "소방차 진입곤란 지정", "note": "", "stroke_width_pt": 4.25, "georef_median_error_m": 1.84, "georef_p90_error_m": 3.65, "georef_inliers": 270, "sheet_count": 2}}, {"type": "Feature", "geometry": {"type": "LineString", "coordinates": [[127.1568116, 37.4379894], [127.1568211, 37.438522]]}, "properties": {"id": "sangdaewon2-impassable-102", "dong": "상대원2동전체", "source_pdf": "상대원2동전체.pdf", "source_page": 1, "reason": "소방차 진입곤란 지정", "note": "", "stroke_width_pt": 4.25, "georef_median_error_m": 1.84, "georef_p90_error_m": 3.65, "georef_inliers": 270, "sheet_count": 2}}, {"type": "Feature", "geometry": {"type": "LineString", "coordinates": [[127.1568245, 37.4386388], [127.1568352, 37.4391869]]}, "properties": {"id": "sangdaewon2-impassable-109", "dong": "상대원2동전체", "source_pdf": "상대원2동전체.pdf", "source_page": 1, "reason": "소방차 진입곤란 지정", "note": "", "stroke_width_pt": 4.25, "georef_median_error_m": 1.84, "georef_p90_error_m": 3.65, "georef_inliers": 270, "sheet_count": 2}}, {"type": "Feature", "geometry": {"type": "LineString", "coordinates": [[127.1562856, 37.4386433], [127.1562984, 37.4391946]]}, "properties": {"id": "sangdaewon2-impassable-110", "dong": "상대원2동전체", "source_pdf": "상대원2동전체.pdf", "source_page": 1, "reason": "소방차 진입곤란 지정", "note": "", "stroke_width_pt": 4.25, "georef_median_error_m": 1.84, "georef_p90_error_m": 3.65, "georef_inliers": 270, "sheet_count": 2}}, {"type": "Feature", "geometry": {"type": "LineString", "coordinates": [[127.1558461, 37.4386585], [127.1558459, 37.4391923]]}, "properties": {"id": "sangdaewon2-impassable-111", "dong": "상대원2동전체", "source_pdf": "상대원2동전체.pdf", "source_page": 1, "reason": "소방차 진입곤란 지정", "note": "", "stroke_width_pt": 4.25, "georef_median_error_m": 1.84, "georef_p90_error_m": 3.65, "georef_inliers": 270, "sheet_count": 2}}, {"type": "Feature", "geometry": {"type": "LineString", "coordinates": [[127.1556091, 37.4386627], [127.1556183, 37.4391919]]}, "properties": {"id": "sangdaewon2-impassable-112", "dong": "상대원2동전체", "source_pdf": "상대원2동전체.pdf", "source_page": 1, "reason": "소방차 진입곤란 지정", "note": "", "stroke_width_pt": 4.25, "georef_median_error_m": 1.84, "georef_p90_error_m": 3.65, "georef_inliers": 270, "sheet_count": 2}}, {"type": "Feature", "geometry": {"type": "LineString", "coordinates": [[127.1553735, 37.4386649], [127.1553879, 37.4391798]]}, "properties": {"id": "sangdaewon2-impassable-113", "dong": "상대원2동전체", "source_pdf": "상대원2동전체.pdf", "source_page": 1, "reason": "소방차 진입곤란 지정", "note": "", "stroke_width_pt": 4.25, "georef_median_error_m": 1.84, "georef_p90_error_m": 3.65, "georef_inliers": 270, "sheet_count": 2}}, {"type": "Feature", "geometry": {"type": "LineString", "coordinates": [[127.1551471, 37.4386643], [127.1551557, 37.4391816]]}, "properties": {"id": "sangdaewon2-impassable-114", "dong": "상대원2동전체", "source_pdf": "상대원2동전체.pdf", "source_page": 1, "reason": "소방차 진입곤란 지정", "note": "", "stroke_width_pt": 4.25, "georef_median_error_m": 1.84, "georef_p90_error_m": 3.65, "georef_inliers": 270, "sheet_count": 2}}, {"type": "Feature", "geometry": {"type": "LineString", "coordinates": [[127.1553119, 37.4374011], [127.1553253, 37.4379208]]}, "properties": {"id": "sangdaewon2-impassable-118", "dong": "상대원2동전체", "source_pdf": "상대원2동전체.pdf", "source_page": 1, "reason": "소방차 진입곤란 지정", "note": "", "stroke_width_pt": 4.25, "georef_median_error_m": 1.84, "georef_p90_error_m": 3.65, "georef_inliers": 270, "sheet_count": 2}}, {"type": "Feature", "geometry": {"type": "LineString", "coordinates": [[127.1555178, 37.4373884], [127.1555273, 37.4379175]]}, "properties": {"id": "sangdaewon2-impassable-119", "dong": "상대원2동전체", "source_pdf": "상대원2동전체.pdf", "source_page": 1, "reason": "소방차 진입곤란 지정", "note": "", "stroke_width_pt": 4.25, "georef_median_error_m": 1.84, "georef_p90_error_m": 3.65, "georef_inliers": 270, "sheet_count": 2}}, {"type": "Feature", "geometry": {"type": "LineString", "coordinates": [[127.1557307, 37.4373821], [127.1557343, 37.4379113]]}, "properties": {"id": "sangdaewon2-impassable-120", "dong": "상대원2동전체", "source_pdf": "상대원2동전체.pdf", "source_page": 1, "reason": "소방차 진입곤란 지정", "note": "", "stroke_width_pt": 4.25, "georef_median_error_m": 1.84, "georef_p90_error_m": 3.65, "georef_inliers": 270, "sheet_count": 2}}, {"type": "Feature", "geometry": {"type": "LineString", "coordinates": [[127.1559317, 37.4373762], [127.1559329, 37.4374401], [127.1559451, 37.4375784], [127.1559475, 37.4379011]]}, "properties": {"id": "sangdaewon2-impassable-121", "dong": "상대원2동전체", "source_pdf": "상대원2동전체.pdf", "source_page": 1, "reason": "소방차 진입곤란 지정", "note": "", "stroke_width_pt": 4.25, "georef_median_error_m": 1.84, "georef_p90_error_m": 3.65, "georef_inliers": 270, "sheet_count": 2}}, {"type": "Feature", "geometry": {"type": "LineString", "coordinates": [[127.1536983, 37.4362762], [127.1537281, 37.4369034], [127.1537267, 37.4369023]]}, "properties": {"id": "sangdaewon2-impassable-125", "dong": "상대원2동전체", "source_pdf": "상대원2동전체.pdf", "source_page": 1, "reason": "소방차 진입곤란 지정", "note": "", "stroke_width_pt": 4.25, "georef_median_error_m": 1.84, "georef_p90_error_m": 3.65, "georef_inliers": 270, "sheet_count": 1}}, {"type": "Feature", "geometry": {"type": "LineString", "coordinates": [[127.1534578, 37.4362911], [127.1534603, 37.4363727], [127.1534753, 37.4368052], [127.1534753, 37.4368069]]}, "properties": {"id": "sangdaewon2-impassable-126", "dong": "상대원2동전체", "source_pdf": "상대원2동전체.pdf", "source_page": 1, "reason": "소방차 진입곤란 지정", "note": "", "stroke_width_pt": 4.25, "georef_median_error_m": 1.84, "georef_p90_error_m": 3.65, "georef_inliers": 270, "sheet_count": 2}}, {"type": "Feature", "geometry": {"type": "LineString", "coordinates": [[127.1542281, 37.4360957], [127.154778, 37.4360847]]}, "properties": {"id": "sangdaewon2-impassable-127", "dong": "상대원2동전체", "source_pdf": "상대원2동전체.pdf", "source_page": 1, "reason": "소방차 진입곤란 지정", "note": "", "stroke_width_pt": 4.25, "georef_median_error_m": 1.84, "georef_p90_error_m": 3.65, "georef_inliers": 270, "sheet_count": 2}}, {"type": "Feature", "geometry": {"type": "LineString", "coordinates": [[127.1543683, 37.4359237], [127.154766, 37.4359198]]}, "properties": {"id": "sangdaewon2-impassable-128", "dong": "상대원2동전체", "source_pdf": "상대원2동전체.pdf", "source_page": 1, "reason": "소방차 진입곤란 지정", "note": "", "stroke_width_pt": 4.25, "georef_median_error_m": 1.84, "georef_p90_error_m": 3.65, "georef_inliers": 270, "sheet_count": 2}}, {"type": "Feature", "geometry": {"type": "LineString", "coordinates": [[127.1541687, 37.436403], [127.1541592, 37.4362531], [127.1547681, 37.4362534]]}, "properties": {"id": "sangdaewon2-impassable-129", "dong": "상대원2동전체", "source_pdf": "상대원2동전체.pdf", "source_page": 1, "reason": "소방차 진입곤란 지정", "note": "", "stroke_width_pt": 4.25, "georef_median_error_m": 1.84, "georef_p90_error_m": 3.65, "georef_inliers": 270, "sheet_count": 2}}, {"type": "Feature", "geometry": {"type": "LineString", "coordinates": [[127.1537549, 37.4380486], [127.1537684, 37.4385794]]}, "properties": {"id": "sangdaewon2-impassable-130", "dong": "상대원2동전체", "source_pdf": "상대원2동전체.pdf", "source_page": 1, "reason": "소방차 진입곤란 지정", "note": "", "stroke_width_pt": 4.25, "georef_median_error_m": 1.84, "georef_p90_error_m": 3.65, "georef_inliers": 270, "sheet_count": 2}}, {"type": "Feature", "geometry": {"type": "LineString", "coordinates": [[127.1561637, 37.4373737], [127.1561637, 37.43752], [127.1561639, 37.4375757], [127.1561657, 37.4377699]]}, "properties": {"id": "sangdaewon2-impassable-131", "dong": "상대원2동전체", "source_pdf": "상대원2동전체.pdf", "source_page": 1, "reason": "소방차 진입곤란 지정", "note": "", "stroke_width_pt": 4.25, "georef_median_error_m": 1.84, "georef_p90_error_m": 3.65, "georef_inliers": 270, "sheet_count": 2}}, {"type": "Feature", "geometry": {"type": "LineString", "coordinates": [[127.15652, 37.4378931], [127.1565163, 37.4377915], [127.1561964, 37.4377978]]}, "properties": {"id": "sangdaewon2-impassable-132", "dong": "상대원2동전체", "source_pdf": "상대원2동전체.pdf", "source_page": 1, "reason": "소방차 진입곤란 지정", "note": "", "stroke_width_pt": 4.25, "georef_median_error_m": 1.84, "georef_p90_error_m": 3.65, "georef_inliers": 270, "sheet_count": 2}}, {"type": "Feature", "geometry": {"type": "LineString", "coordinates": [[127.1565118, 37.4373863], [127.1565166, 37.4375712], [127.1561983, 37.4375754]]}, "properties": {"id": "sangdaewon2-impassable-133", "dong": "상대원2동전체", "source_pdf": "상대원2동전체.pdf", "source_page": 1, "reason": "소방차 진입곤란 지정", "note": "", "stroke_width_pt": 4.25, "georef_median_error_m": 1.84, "georef_p90_error_m": 3.65, "georef_inliers": 270, "sheet_count": 2}}, {"type": "Feature", "geometry": {"type": "LineString", "coordinates": [[127.15654, 37.4392987], [127.1565455, 37.4397235]]}, "properties": {"id": "sangdaewon2-impassable-136", "dong": "상대원2동전체", "source_pdf": "상대원2동전체.pdf", "source_page": 1, "reason": "소방차 진입곤란 지정", "note": "", "stroke_width_pt": 4.25, "georef_median_error_m": 1.84, "georef_p90_error_m": 3.65, "georef_inliers": 270, "sheet_count": 2}}, {"type": "Feature", "geometry": {"type": "LineString", "coordinates": [[127.1549032, 37.4386807], [127.1549141, 37.4391785]]}, "properties": {"id": "sangdaewon2-impassable-137", "dong": "상대원2동전체", "source_pdf": "상대원2동전체.pdf", "source_page": 1, "reason": "소방차 진입곤란 지정", "note": "", "stroke_width_pt": 4.25, "georef_median_error_m": 1.84, "georef_p90_error_m": 3.65, "georef_inliers": 270, "sheet_count": 2}}, {"type": "Feature", "geometry": {"type": "LineString", "coordinates": [[127.1570884, 37.4377272], [127.1570935, 37.4379064]]}, "properties": {"id": "sangdaewon2-impassable-139", "dong": "상대원2동전체", "source_pdf": "상대원2동전체.pdf", "source_page": 1, "reason": "소방차 진입곤란 지정", "note": "", "stroke_width_pt": 4.25, "georef_median_error_m": 1.84, "georef_p90_error_m": 3.65, "georef_inliers": 270, "sheet_count": 2}}, {"type": "Feature", "geometry": {"type": "LineString", "coordinates": [[127.1568051, 37.4377073], [127.1568091, 37.4379049]]}, "properties": {"id": "sangdaewon2-impassable-140", "dong": "상대원2동전체", "source_pdf": "상대원2동전체.pdf", "source_page": 1, "reason": "소방차 진입곤란 지정", "note": "", "stroke_width_pt": 4.25, "georef_median_error_m": 1.84, "georef_p90_error_m": 3.65, "georef_inliers": 270, "sheet_count": 2}}, {"type": "Feature", "geometry": {"type": "LineString", "coordinates": [[127.1564773, 37.4368578], [127.1564837, 37.4372714]]}, "properties": {"id": "sangdaewon2-impassable-141", "dong": "상대원2동전체", "source_pdf": "상대원2동전체.pdf", "source_page": 1, "reason": "소방차 진입곤란 지정", "note": "", "stroke_width_pt": 4.25, "georef_median_error_m": 1.84, "georef_p90_error_m": 3.65, "georef_inliers": 270, "sheet_count": 2}}, {"type": "Feature", "geometry": {"type": "LineString", "coordinates": [[127.1564684, 37.4364465], [127.1564772, 37.4367988]]}, "properties": {"id": "sangdaewon2-impassable-142", "dong": "상대원2동전체", "source_pdf": "상대원2동전체.pdf", "source_page": 1, "reason": "소방차 진입곤란 지정", "note": "", "stroke_width_pt": 4.25, "georef_median_error_m": 1.84, "georef_p90_error_m": 3.65, "georef_inliers": 270, "sheet_count": 2}}, {"type": "Feature", "geometry": {"type": "LineString", "coordinates": [[127.1575413, 37.4356406], [127.1575443, 37.4353975]]}, "properties": {"id": "sangdaewon2-impassable-143", "dong": "상대원2동전체", "source_pdf": "상대원2동전체.pdf", "source_page": 1, "reason": "소방차 진입곤란 지정", "note": "", "stroke_width_pt": 4.25, "georef_median_error_m": 1.84, "georef_p90_error_m": 3.65, "georef_inliers": 270, "sheet_count": 2}}, {"type": "Feature", "geometry": {"type": "LineString", "coordinates": [[127.1546547, 37.4350953], [127.1546396, 37.4351225], [127.1546145, 37.4351894], [127.1545978, 37.4352451], [127.1545886, 37.4353052], [127.15459, 37.4355012], [127.1545834, 37.4356818]]}, "properties": {"id": "sangdaewon2-impassable-144", "dong": "상대원2동전체", "source_pdf": "상대원2동전체.pdf", "source_page": 1, "reason": "소방차 진입곤란 지정", "note": "", "stroke_width_pt": 4.25, "georef_median_error_m": 1.84, "georef_p90_error_m": 3.65, "georef_inliers": 270, "sheet_count": 2}}, {"type": "Feature", "geometry": {"type": "LineString", "coordinates": [[127.1544174, 37.43729], [127.1544051, 37.4368939]]}, "properties": {"id": "sangdaewon2-impassable-145", "dong": "상대원2동전체", "source_pdf": "상대원2동전체.pdf", "source_page": 1, "reason": "소방차 진입곤란 지정", "note": "", "stroke_width_pt": 4.25, "georef_median_error_m": 1.84, "georef_p90_error_m": 3.65, "georef_inliers": 270, "sheet_count": 2}}, {"type": "Feature", "geometry": {"type": "LineString", "coordinates": [[127.1541856, 37.4373014], [127.1541794, 37.4368993]]}, "properties": {"id": "sangdaewon2-impassable-146", "dong": "상대원2동전체", "source_pdf": "상대원2동전체.pdf", "source_page": 1, "reason": "소방차 진입곤란 지정", "note": "", "stroke_width_pt": 4.25, "georef_median_error_m": 1.84, "georef_p90_error_m": 3.65, "georef_inliers": 270, "sheet_count": 2}}, {"type": "Feature", "geometry": {"type": "LineString", "coordinates": [[127.1539673, 37.4373026], [127.1539579, 37.4369063]]}, "properties": {"id": "sangdaewon2-impassable-147", "dong": "상대원2동전체", "source_pdf": "상대원2동전체.pdf", "source_page": 1, "reason": "소방차 진입곤란 지정", "note": "", "stroke_width_pt": 4.25, "georef_median_error_m": 1.84, "georef_p90_error_m": 3.65, "georef_inliers": 270, "sheet_count": 2}}, {"type": "Feature", "geometry": {"type": "LineString", "coordinates": [[127.1537372, 37.4373029], [127.1537286, 37.4369186]]}, "properties": {"id": "sangdaewon2-impassable-148", "dong": "상대원2동전체", "source_pdf": "상대원2동전체.pdf", "source_page": 1, "reason": "소방차 진입곤란 지정", "note": "", "stroke_width_pt": 4.25, "georef_median_error_m": 1.84, "georef_p90_error_m": 3.65, "georef_inliers": 270, "sheet_count": 2}}, {"type": "Feature", "geometry": {"type": "LineString", "coordinates": [[127.1564257, 37.4342845], [127.1564224, 37.4341578], [127.1564184, 37.4339951], [127.156418, 37.4339899], [127.156407, 37.4338733]]}, "properties": {"id": "sangdaewon2-impassable-151", "dong": "상대원2동전체", "source_pdf": "상대원2동전체.pdf", "source_page": 1, "reason": "소방차 진입곤란 지정", "note": "", "stroke_width_pt": 4.25, "georef_median_error_m": 1.84, "georef_p90_error_m": 3.65, "georef_inliers": 270, "sheet_count": 2}}, {"type": "Feature", "geometry": {"type": "LineString", "coordinates": [[127.1580552, 37.4350094], [127.1579095, 37.4350098], [127.1576543, 37.4350122], [127.1575461, 37.4350131], [127.1575438, 37.4350132], [127.157404, 37.4350157], [127.1572591, 37.4350183], [127.1571672, 37.43502], [127.1569966, 37.4350231], [127.1569237, 37.4350244], [127.1567439, 37.4350277], [127.156724, 37.4350281], [127.1566907, 37.4350287], [127.1564374, 37.4350337], [127.1564368, 37.4350337], [127.1561993, 37.4350384], [127.1561991, 37.4350384], [127.156009, 37.4350421], [127.1559718, 37.4350427], [127.1559709, 37.4350427], [127.1557563, 37.4350458], [127.1557544, 37.4350459], [127.1555264, 37.4350492], [127.1555248, 37.4350492], [127.1553168, 37.4350523], [127.155281, 37.4350527], [127.1552786, 37.4350527], [127.1550495, 37.4350557], [127.1550428, 37.4350558], [127.1548264, 37.4350585], [127.1546967, 37.43506]]}, "properties": {"id": "sangdaewon2-impassable-152", "dong": "상대원2동전체", "source_pdf": "상대원2동전체.pdf", "source_page": 1, "reason": "소방차 진입곤란 지정", "note": "", "stroke_width_pt": 4.25, "georef_median_error_m": 1.84, "georef_p90_error_m": 3.65, "georef_inliers": 270, "sheet_count": 2}}, {"type": "Feature", "geometry": {"type": "LineString", "coordinates": [[127.1575455, 37.4350635], [127.157544, 37.4353769], [127.1575449, 37.4353769], [127.1577787, 37.4353761]]}, "properties": {"id": "sangdaewon2-impassable-153", "dong": "상대원2동전체", "source_pdf": "상대원2동전체.pdf", "source_page": 1, "reason": "소방차 진입곤란 지정", "note": "", "stroke_width_pt": 4.25, "georef_median_error_m": 1.84, "georef_p90_error_m": 3.65, "georef_inliers": 270, "sheet_count": 2}}, {"type": "Feature", "geometry": {"type": "LineString", "coordinates": [[127.155044, 37.435112], [127.1550613, 37.4356905]]}, "properties": {"id": "sangdaewon2-impassable-154", "dong": "상대원2동전체", "source_pdf": "상대원2동전체.pdf", "source_page": 1, "reason": "소방차 진입곤란 지정", "note": "", "stroke_width_pt": 4.25, "georef_median_error_m": 1.84, "georef_p90_error_m": 3.65, "georef_inliers": 270, "sheet_count": 2}}, {"type": "Feature", "geometry": {"type": "LineString", "coordinates": [[127.1569986, 37.4350792], [127.1570167, 37.4356584]]}, "properties": {"id": "sangdaewon2-impassable-155", "dong": "상대원2동전체", "source_pdf": "상대원2동전체.pdf", "source_page": 1, "reason": "소방차 진입곤란 지정", "note": "", "stroke_width_pt": 4.25, "georef_median_error_m": 1.84, "georef_p90_error_m": 3.65, "georef_inliers": 270, "sheet_count": 2}}, {"type": "Feature", "geometry": {"type": "LineString", "coordinates": [[127.1575259, 37.4357404], [127.1575475, 37.4363336]]}, "properties": {"id": "sangdaewon2-impassable-156", "dong": "상대원2동전체", "source_pdf": "상대원2동전체.pdf", "source_page": 1, "reason": "소방차 진입곤란 지정", "note": "", "stroke_width_pt": 4.25, "georef_median_error_m": 1.84, "georef_p90_error_m": 3.65, "georef_inliers": 270, "sheet_count": 2}}, {"type": "Feature", "geometry": {"type": "LineString", "coordinates": [[127.1552916, 37.435775], [127.155312, 37.4363601]]}, "properties": {"id": "sangdaewon2-impassable-157", "dong": "상대원2동전체", "source_pdf": "상대원2동전체.pdf", "source_page": 1, "reason": "소방차 진입곤란 지정", "note": "", "stroke_width_pt": 4.25, "georef_median_error_m": 1.84, "georef_p90_error_m": 3.65, "georef_inliers": 270, "sheet_count": 2}}, {"type": "Feature", "geometry": {"type": "LineString", "coordinates": [[127.1548255, 37.4357906], [127.1548287, 37.4359206], [127.154832, 37.4360834], [127.1548355, 37.436251], [127.1548368, 37.4363705]]}, "properties": {"id": "sangdaewon2-impassable-158", "dong": "상대원2동전체", "source_pdf": "상대원2동전체.pdf", "source_page": 1, "reason": "소방차 진입곤란 지정", "note": "", "stroke_width_pt": 4.25, "georef_median_error_m": 1.84, "georef_p90_error_m": 3.65, "georef_inliers": 270, "sheet_count": 2}}, {"type": "Feature", "geometry": {"type": "LineString", "coordinates": [[127.1570305, 37.4368559], [127.1570398, 37.4372642]]}, "properties": {"id": "sangdaewon2-impassable-160", "dong": "상대원2동전체", "source_pdf": "상대원2동전체.pdf", "source_page": 1, "reason": "소방차 진입곤란 지정", "note": "", "stroke_width_pt": 4.25, "georef_median_error_m": 1.84, "georef_p90_error_m": 3.65, "georef_inliers": 270, "sheet_count": 2}}, {"type": "Feature", "geometry": {"type": "LineString", "coordinates": [[127.1534917, 37.4374185], [127.1535067, 37.4379481]]}, "properties": {"id": "sangdaewon2-impassable-161", "dong": "상대원2동전체", "source_pdf": "상대원2동전체.pdf", "source_page": 1, "reason": "소방차 진입곤란 지정", "note": "", "stroke_width_pt": 4.25, "georef_median_error_m": 1.84, "georef_p90_error_m": 3.65, "georef_inliers": 270, "sheet_count": 2}}, {"type": "Feature", "geometry": {"type": "LineString", "coordinates": [[127.1534882, 37.4372972], [127.1534771, 37.4369006]]}, "properties": {"id": "sangdaewon2-impassable-162", "dong": "상대원2동전체", "source_pdf": "상대원2동전체.pdf", "source_page": 1, "reason": "소방차 진입곤란 지정", "note": "", "stroke_width_pt": 4.25, "georef_median_error_m": 1.84, "georef_p90_error_m": 3.65, "georef_inliers": 270, "sheet_count": 2}}, {"type": "Feature", "geometry": {"type": "LineString", "coordinates": [[127.1537369, 37.4374195], [127.1537528, 37.4379416]]}, "properties": {"id": "sangdaewon2-impassable-163", "dong": "상대원2동전체", "source_pdf": "상대원2동전체.pdf", "source_page": 1, "reason": "소방차 진입곤란 지정", "note": "", "stroke_width_pt": 4.25, "georef_median_error_m": 1.84, "georef_p90_error_m": 3.65, "georef_inliers": 270, "sheet_count": 2}}, {"type": "Feature", "geometry": {"type": "LineString", "coordinates": [[127.1550947, 37.4374065], [127.1551109, 37.4379191]]}, "properties": {"id": "sangdaewon2-impassable-164", "dong": "상대원2동전체", "source_pdf": "상대원2동전체.pdf", "source_page": 1, "reason": "소방차 진입곤란 지정", "note": "", "stroke_width_pt": 4.25, "georef_median_error_m": 1.84, "georef_p90_error_m": 3.65, "georef_inliers": 270, "sheet_count": 2}}, {"type": "Feature", "geometry": {"type": "LineString", "coordinates": [[127.1567959, 37.4373716], [127.1568062, 37.437659]]}, "properties": {"id": "sangdaewon2-impassable-165", "dong": "상대원2동전체", "source_pdf": "상대원2동전체.pdf", "source_page": 1, "reason": "소방차 진입곤란 지정", "note": "", "stroke_width_pt": 4.25, "georef_median_error_m": 1.84, "georef_p90_error_m": 3.65, "georef_inliers": 270, "sheet_count": 2}}, {"type": "Feature", "geometry": {"type": "LineString", "coordinates": [[127.1565214, 37.438001], [127.1565284, 37.4385421]]}, "properties": {"id": "sangdaewon2-impassable-166", "dong": "상대원2동전체", "source_pdf": "상대원2동전체.pdf", "source_page": 1, "reason": "소방차 진입곤란 지정", "note": "", "stroke_width_pt": 4.25, "georef_median_error_m": 1.84, "georef_p90_error_m": 3.65, "georef_inliers": 270, "sheet_count": 2}}, {"type": "Feature", "geometry": {"type": "LineString", "coordinates": [[127.1560538, 37.438012], [127.1560615, 37.4385527]]}, "properties": {"id": "sangdaewon2-impassable-167", "dong": "상대원2동전체", "source_pdf": "상대원2동전체.pdf", "source_page": 1, "reason": "소방차 진입곤란 지정", "note": "", "stroke_width_pt": 4.25, "georef_median_error_m": 1.84, "georef_p90_error_m": 3.65, "georef_inliers": 270, "sheet_count": 2}}, {"type": "Feature", "geometry": {"type": "LineString", "coordinates": [[127.1565316, 37.4386472], [127.1565389, 37.4391965]]}, "properties": {"id": "sangdaewon2-impassable-169", "dong": "상대원2동전체", "source_pdf": "상대원2동전체.pdf", "source_page": 1, "reason": "소방차 진입곤란 지정", "note": "", "stroke_width_pt": 4.25, "georef_median_error_m": 1.84, "georef_p90_error_m": 3.65, "georef_inliers": 270, "sheet_count": 2}}, {"type": "Feature", "geometry": {"type": "LineString", "coordinates": [[127.1560655, 37.4386516], [127.1560735, 37.439192]]}, "properties": {"id": "sangdaewon2-impassable-170", "dong": "상대원2동전체", "source_pdf": "상대원2동전체.pdf", "source_page": 1, "reason": "소방차 진입곤란 지정", "note": "", "stroke_width_pt": 4.25, "georef_median_error_m": 1.84, "georef_p90_error_m": 3.65, "georef_inliers": 270, "sheet_count": 2}}, {"type": "Feature", "geometry": {"type": "LineString", "coordinates": [[127.1565141, 37.4375941], [127.1565205, 37.4379958]]}, "properties": {"id": "sangdaewon2-impassable-174", "dong": "상대원2동전체", "source_pdf": "상대원2동전체.pdf", "source_page": 1, "reason": "소방차 진입곤란 지정", "note": "", "stroke_width_pt": 4.25, "georef_median_error_m": 1.84, "georef_p90_error_m": 3.65, "georef_inliers": 270, "sheet_count": 2}}, {"type": "Feature", "geometry": {"type": "LineString", "coordinates": [[127.1549137, 37.4378198], [127.1551153, 37.4378267], [127.1561396, 37.4378152], [127.1561658, 37.4377963]]}, "properties": {"id": "sangdaewon2-impassable-175", "dong": "상대원2동전체", "source_pdf": "상대원2동전체.pdf", "source_page": 1, "reason": "소방차 진입곤란 지정", "note": "", "stroke_width_pt": 4.25, "georef_median_error_m": 1.84, "georef_p90_error_m": 3.65, "georef_inliers": 270, "sheet_count": 2}}, {"type": "Feature", "geometry": {"type": "LineString", "coordinates": [[127.1536891, 37.4368474], [127.1532604, 37.4368568]]}, "properties": {"id": "sangdaewon2-impassable-176", "dong": "상대원2동전체", "source_pdf": "상대원2동전체.pdf", "source_page": 1, "reason": "소방차 진입곤란 지정", "note": "", "stroke_width_pt": 4.25, "georef_median_error_m": 1.84, "georef_p90_error_m": 3.65, "georef_inliers": 270, "sheet_count": 2}}, {"type": "Feature", "geometry": {"type": "LineString", "coordinates": [[127.1515133, 37.4307117], [127.1516318, 37.4307417], [127.1521716, 37.4308716], [127.1521732, 37.430872], [127.1528603, 37.4310442], [127.1528758, 37.4310481], [127.1532531, 37.4311405]]}, "properties": {"id": "sangdaewon2-impassable-194", "dong": "상대원2동전체", "source_pdf": "상대원2동전체.pdf", "source_page": 1, "reason": "소방차 진입곤란 지정", "note": "", "stroke_width_pt": 4.25, "georef_median_error_m": 1.84, "georef_p90_error_m": 3.65, "georef_inliers": 270, "sheet_count": 1}}, {"type": "Feature", "geometry": {"type": "LineString", "coordinates": [[127.1528504, 37.4310561], [127.1527715, 37.4312729], [127.152695, 37.431296]]}, "properties": {"id": "sangdaewon2-impassable-195", "dong": "상대원2동전체", "source_pdf": "상대원2동전체.pdf", "source_page": 1, "reason": "소방차 진입곤란 지정", "note": "", "stroke_width_pt": 4.25, "georef_median_error_m": 1.84, "georef_p90_error_m": 3.65, "georef_inliers": 270, "sheet_count": 1}}, {"type": "Feature", "geometry": {"type": "LineString", "coordinates": [[127.1532531, 37.4311415], [127.1535623, 37.4312164]]}, "properties": {"id": "sangdaewon2-impassable-196", "dong": "상대원2동전체", "source_pdf": "상대원2동전체.pdf", "source_page": 1, "reason": "소방차 진입곤란 지정", "note": "", "stroke_width_pt": 4.25, "georef_median_error_m": 1.84, "georef_p90_error_m": 3.65, "georef_inliers": 270, "sheet_count": 2}}, {"type": "Feature", "geometry": {"type": "LineString", "coordinates": [[127.15601, 37.4314059], [127.1559386, 37.4314733], [127.1559993, 37.4315584], [127.1559885, 37.4315942], [127.1557672, 37.4317527]]}, "properties": {"id": "sangdaewon2-impassable-197", "dong": "상대원2동전체", "source_pdf": "상대원2동전체.pdf", "source_page": 1, "reason": "소방차 진입곤란 지정", "note": "", "stroke_width_pt": 4.25, "georef_median_error_m": 1.84, "georef_p90_error_m": 3.65, "georef_inliers": 270, "sheet_count": 2}}, {"type": "Feature", "geometry": {"type": "LineString", "coordinates": [[127.1609603, 37.4342009], [127.1609583, 37.4340286]]}, "properties": {"id": "sangdaewon2-impassable-227", "dong": "상대원2동전체", "source_pdf": "상대원2동전체.pdf", "source_page": 1, "reason": "소방차 진입곤란 지정", "note": "", "stroke_width_pt": 4.25, "georef_median_error_m": 1.84, "georef_p90_error_m": 3.65, "georef_inliers": 270, "sheet_count": 2}}, {"type": "Feature", "geometry": {"type": "LineString", "coordinates": [[127.1612662, 37.4341886], [127.1612665, 37.4341202], [127.1612616, 37.43402]]}, "properties": {"id": "sangdaewon2-impassable-228", "dong": "상대원2동전체", "source_pdf": "상대원2동전체.pdf", "source_page": 1, "reason": "소방차 진입곤란 지정", "note": "", "stroke_width_pt": 4.25, "georef_median_error_m": 1.84, "georef_p90_error_m": 3.65, "georef_inliers": 270, "sheet_count": 2}}, {"type": "Feature", "geometry": {"type": "LineString", "coordinates": [[127.1612139, 37.4342968], [127.161262, 37.4346682]]}, "properties": {"id": "sangdaewon2-impassable-235", "dong": "상대원2동전체", "source_pdf": "상대원2동전체.pdf", "source_page": 1, "reason": "소방차 진입곤란 지정", "note": "", "stroke_width_pt": 4.25, "georef_median_error_m": 1.84, "georef_p90_error_m": 3.65, "georef_inliers": 270, "sheet_count": 1}}, {"type": "Feature", "geometry": {"type": "LineString", "coordinates": [[127.1554945, 37.442863], [127.1556071, 37.4427659], [127.1556471, 37.4427314], [127.1558533, 37.4425664], [127.1558552, 37.4425649], [127.1558591, 37.4425618], [127.1561668, 37.4423275], [127.1561693, 37.4423256], [127.1564856, 37.442085], [127.1564858, 37.4420848], [127.1564895, 37.4420819], [127.1568039, 37.4418402], [127.1568066, 37.4418381], [127.1568069, 37.4418378], [127.1571173, 37.4415977], [127.1571187, 37.4415967], [127.1574324, 37.4413541], [127.1574365, 37.4413509], [127.1574386, 37.4413493], [127.1578216, 37.4410503], [127.1578226, 37.4410495], [127.157828, 37.4410453], [127.1581373, 37.4408093], [127.15814, 37.4408072], [127.1581406, 37.4408068], [127.158143, 37.4408049], [127.158449, 37.4405631], [127.1584955, 37.4405268]]}, "properties": {"id": "sangdaewon2-impassable-236", "dong": "상대원2동전체", "source_pdf": "상대원2동전체.pdf", "source_page": 1, "reason": "소방차 진입곤란 지정", "note": "", "stroke_width_pt": 4.25, "georef_median_error_m": 1.84, "georef_p90_error_m": 3.65, "georef_inliers": 270, "sheet_count": 1}}, {"type": "Feature", "geometry": {"type": "LineString", "coordinates": [[127.1599049, 37.4404852], [127.1613223, 37.4394288]]}, "properties": {"id": "sangdaewon2-impassable-245", "dong": "상대원2동전체", "source_pdf": "상대원2동전체.pdf", "source_page": 1, "reason": "소방차 진입곤란 지정", "note": "", "stroke_width_pt": 4.25, "georef_median_error_m": 1.84, "georef_p90_error_m": 3.65, "georef_inliers": 270, "sheet_count": 1}}, {"type": "Feature", "geometry": {"type": "LineString", "coordinates": [[127.1600279, 37.4320494], [127.1604919, 37.4320983]]}, "properties": {"id": "sangdaewon2-impassable-248", "dong": "상대원2동전체", "source_pdf": "상대원2동전체.pdf", "source_page": 1, "reason": "소방차 진입곤란 지정", "note": "", "stroke_width_pt": 4.25, "georef_median_error_m": 1.84, "georef_p90_error_m": 3.65, "georef_inliers": 270, "sheet_count": 1}}, {"type": "Feature", "geometry": {"type": "LineString", "coordinates": [[127.1537154, 37.4364796], [127.1537, 37.4362788]]}, "properties": {"id": "sangdaewon2-impassable-249", "dong": "상대원2동전체", "source_pdf": "상대원2동전체.pdf", "source_page": 1, "reason": "소방차 진입곤란 지정", "note": "", "stroke_width_pt": 4.25, "georef_median_error_m": 1.84, "georef_p90_error_m": 3.65, "georef_inliers": 270, "sheet_count": 1}}, {"type": "Feature", "geometry": {"type": "LineString", "coordinates": [[127.153931, 37.4364176], [127.1539132, 37.4362384]]}, "properties": {"id": "sangdaewon2-impassable-250", "dong": "상대원2동전체", "source_pdf": "상대원2동전체.pdf", "source_page": 1, "reason": "소방차 진입곤란 지정", "note": "", "stroke_width_pt": 4.25, "georef_median_error_m": 1.84, "georef_p90_error_m": 3.65, "georef_inliers": 270, "sheet_count": 1}}, {"type": "Feature", "geometry": {"type": "LineString", "coordinates": [[127.1572304, 37.434291], [127.1572295, 37.4338396], [127.1572157, 37.4336327]]}, "properties": {"id": "sangdaewon2-impassable-252", "dong": "상대원2동전체", "source_pdf": "상대원2동전체.pdf", "source_page": 1, "reason": "소방차 진입곤란 지정", "note": "", "stroke_width_pt": 4.25, "georef_median_error_m": 1.84, "georef_p90_error_m": 3.65, "georef_inliers": 270, "sheet_count": 1}}, {"type": "Feature", "geometry": {"type": "LineString", "coordinates": [[127.1546554, 37.4350606], [127.1544102, 37.4350578], [127.154354, 37.4353057], [127.1544198, 37.4357076]]}, "properties": {"id": "sangdaewon2-impassable-253", "dong": "상대원2동전체", "source_pdf": "상대원2동전체.pdf", "source_page": 1, "reason": "소방차 진입곤란 지정", "note": "", "stroke_width_pt": 4.25, "georef_median_error_m": 1.84, "georef_p90_error_m": 3.65, "georef_inliers": 270, "sheet_count": 1}}, {"type": "Feature", "geometry": {"type": "LineString", "coordinates": [[127.1592328, 37.4394314], [127.1595028, 37.4392464], [127.159538, 37.4392218], [127.1597379, 37.4390823], [127.1599927, 37.4389046], [127.1599941, 37.4389036], [127.1599946, 37.4389033], [127.1599972, 37.4389015], [127.1600764, 37.4388463]]}, "properties": {"id": "sangdaewon3-impassable-001", "dong": "상대원3동", "source_pdf": "상대원3동.pdf", "source_page": 1, "reason": "소방차 진입곤란 지정", "note": "", "stroke_width_pt": 4.25, "georef_median_error_m": 1.61, "georef_p90_error_m": 3.36, "georef_inliers": 198, "sheet_count": 4}}, {"type": "Feature", "geometry": {"type": "LineString", "coordinates": [[127.1595534, 37.4392433], [127.1598793, 37.4395285], [127.1600063, 37.4396434]]}, "properties": {"id": "sangdaewon3-impassable-002", "dong": "상대원3동", "source_pdf": "상대원3동.pdf", "source_page": 1, "reason": "소방차 진입곤란 지정", "note": "", "stroke_width_pt": 4.25, "georef_median_error_m": 1.61, "georef_p90_error_m": 3.36, "georef_inliers": 198, "sheet_count": 4}}, {"type": "Feature", "geometry": {"type": "LineString", "coordinates": [[127.1584747, 37.4383295], [127.1588047, 37.4382485], [127.1588332, 37.4382407], [127.1588379, 37.4382394], [127.1588628, 37.4382326], [127.159027, 37.4381205]]}, "properties": {"id": "sangdaewon3-impassable-003", "dong": "상대원3동", "source_pdf": "상대원3동.pdf", "source_page": 1, "reason": "소방차 진입곤란 지정", "note": "", "stroke_width_pt": 4.25, "georef_median_error_m": 1.61, "georef_p90_error_m": 3.36, "georef_inliers": 198, "sheet_count": 3}}, {"type": "Feature", "geometry": {"type": "LineString", "coordinates": [[127.1583594, 37.4379056], [127.1587827, 37.4378951], [127.1589761, 37.4378901], [127.1596232, 37.4378725]]}, "properties": {"id": "sangdaewon3-impassable-004", "dong": "상대원3동", "source_pdf": "상대원3동.pdf", "source_page": 1, "reason": "소방차 진입곤란 지정", "note": "", "stroke_width_pt": 4.25, "georef_median_error_m": 1.61, "georef_p90_error_m": 3.36, "georef_inliers": 198, "sheet_count": 3}}, {"type": "Feature", "geometry": {"type": "LineString", "coordinates": [[127.1587799, 37.4378639], [127.1587867, 37.4373406]]}, "properties": {"id": "sangdaewon3-impassable-005", "dong": "상대원3동", "source_pdf": "상대원3동.pdf", "source_page": 1, "reason": "소방차 진입곤란 지정", "note": "", "stroke_width_pt": 4.25, "georef_median_error_m": 1.61, "georef_p90_error_m": 3.36, "georef_inliers": 198, "sheet_count": 3}}, {"type": "Feature", "geometry": {"type": "LineString", "coordinates": [[127.1588527, 37.4382583], [127.1594616, 37.4388003], [127.1594998, 37.4388003], [127.1596809, 37.4386657]]}, "properties": {"id": "sangdaewon3-impassable-006", "dong": "상대원3동", "source_pdf": "상대원3동.pdf", "source_page": 1, "reason": "소방차 진입곤란 지정", "note": "", "stroke_width_pt": 4.25, "georef_median_error_m": 1.61, "georef_p90_error_m": 3.36, "georef_inliers": 198, "sheet_count": 3}}, {"type": "Feature", "geometry": {"type": "LineString", "coordinates": [[127.1600235, 37.438924], [127.1600766, 37.4389778]]}, "properties": {"id": "sangdaewon3-impassable-007", "dong": "상대원3동", "source_pdf": "상대원3동.pdf", "source_page": 1, "reason": "소방차 진입곤란 지정", "note": "", "stroke_width_pt": 4.25, "georef_median_error_m": 1.61, "georef_p90_error_m": 3.36, "georef_inliers": 198, "sheet_count": 3}}, {"type": "Feature", "geometry": {"type": "LineString", "coordinates": [[127.1599718, 37.4388755], [127.159714, 37.438644], [127.1594985, 37.4384483]]}, "properties": {"id": "sangdaewon3-impassable-008", "dong": "상대원3동", "source_pdf": "상대원3동.pdf", "source_page": 1, "reason": "소방차 진입곤란 지정", "note": "", "stroke_width_pt": 4.25, "georef_median_error_m": 1.61, "georef_p90_error_m": 3.36, "georef_inliers": 198, "sheet_count": 3}}, {"type": "Feature", "geometry": {"type": "LineString", "coordinates": [[127.1583309, 37.4373352], [127.1587895, 37.4373232], [127.1587961, 37.437323], [127.1589299, 37.437224]]}, "properties": {"id": "sangdaewon3-impassable-009", "dong": "상대원3동", "source_pdf": "상대원3동.pdf", "source_page": 1, "reason": "소방차 진입곤란 지정", "note": "", "stroke_width_pt": 4.25, "georef_median_error_m": 1.61, "georef_p90_error_m": 3.36, "georef_inliers": 198, "sheet_count": 3}}, {"type": "Feature", "geometry": {"type": "LineString", "coordinates": [[127.1589096, 37.4379088], [127.1590948, 37.4380757], [127.1594821, 37.4384319]]}, "properties": {"id": "sangdaewon3-impassable-010", "dong": "상대원3동", "source_pdf": "상대원3동.pdf", "source_page": 1, "reason": "소방차 진입곤란 지정", "note": "", "stroke_width_pt": 4.25, "georef_median_error_m": 1.61, "georef_p90_error_m": 3.36, "georef_inliers": 198, "sheet_count": 3}}, {"type": "Feature", "geometry": {"type": "LineString", "coordinates": [[127.1586831, 37.4387975], [127.158747, 37.4387687], [127.158489, 37.4383466]]}, "properties": {"id": "sangdaewon3-impassable-011", "dong": "상대원3동", "source_pdf": "상대원3동.pdf", "source_page": 1, "reason": "소방차 진입곤란 지정", "note": "", "stroke_width_pt": 4.25, "georef_median_error_m": 1.61, "georef_p90_error_m": 3.36, "georef_inliers": 198, "sheet_count": 3}}, {"type": "Feature", "geometry": {"type": "LineString", "coordinates": [[127.1580165, 37.4363604], [127.1578854, 37.4363649], [127.1575753, 37.4363694], [127.1575705, 37.4363695], [127.1575704, 37.4363695], [127.1573014, 37.4363732], [127.1573001, 37.4363732], [127.1570405, 37.4363768], [127.1570402, 37.4363768], [127.1567769, 37.4363804], [127.1567766, 37.4363804], [127.1564898, 37.4363844], [127.1564891, 37.4363844], [127.1564881, 37.4363844], [127.1562512, 37.4363885], [127.1560175, 37.4363927], [127.1557889, 37.4363967], [127.1556047, 37.4363999], [127.1555646, 37.4364004], [127.1553344, 37.4364033], [127.1551151, 37.4364061], [127.1548614, 37.4364093], [127.154861, 37.4364094], [127.1544201, 37.4364203], [127.1544117, 37.4364205], [127.1541916, 37.4364253], [127.1541879, 37.4364254], [127.1539724, 37.4364302], [127.1538018, 37.4364327]]}, "properties": {"id": "sangdaewon3-impassable-012", "dong": "상대원3동", "source_pdf": "상대원3동.pdf", "source_page": 1, "reason": "소방차 진입곤란 지정", "note": "", "stroke_width_pt": 4.25, "georef_median_error_m": 1.61, "georef_p90_error_m": 3.36, "georef_inliers": 198, "sheet_count": 3}}, {"type": "Feature", "geometry": {"type": "LineString", "coordinates": [[127.1587194, 37.4342954], [127.1586032, 37.4342962], [127.1584907, 37.434298], [127.1580831, 37.4343042], [127.1579638, 37.4343061], [127.1579062, 37.4343068], [127.1576561, 37.4343099], [127.1574113, 37.434313], [127.1574113, 37.434313], [127.157178, 37.4343161], [127.1569429, 37.4343193], [127.1569194, 37.4343196], [127.1567006, 37.4343221], [127.1564506, 37.4343249], [127.1564503, 37.4343248], [127.1564452, 37.4343249], [127.1562051, 37.4343277], [127.1559793, 37.4343303], [127.1558504, 37.4343317]]}, "properties": {"id": "sangdaewon3-impassable-013", "dong": "상대원3동", "source_pdf": "상대원3동.pdf", "source_page": 1, "reason": "소방차 진입곤란 지정", "note": "", "stroke_width_pt": 4.25, "georef_median_error_m": 1.61, "georef_p90_error_m": 3.36, "georef_inliers": 198, "sheet_count": 3}}, {"type": "Feature", "geometry": {"type": "LineString", "coordinates": [[127.159266, 37.4398663], [127.15881, 37.4398569], [127.157724, 37.4398336], [127.1574756, 37.4398283], [127.1572512, 37.4398234], [127.1570267, 37.4398186], [127.1568041, 37.4398138], [127.1566294, 37.4398101], [127.1565654, 37.439776], [127.1564287, 37.4397033], [127.1555369, 37.4392809]]}, "properties": {"id": "sangdaewon3-impassable-014", "dong": "상대원3동", "source_pdf": "상대원3동.pdf", "source_page": 1, "reason": "소방차 진입곤란 지정", "note": "", "stroke_width_pt": 4.25, "georef_median_error_m": 1.61, "georef_p90_error_m": 3.36, "georef_inliers": 198, "sheet_count": 4}}, {"type": "Feature", "geometry": {"type": "LineString", "coordinates": [[127.1580838, 37.4379155], [127.1576862, 37.4379207], [127.1576861, 37.4379207], [127.157405, 37.437925], [127.1574031, 37.437925], [127.1573251, 37.4379262], [127.1571167, 37.4379295], [127.1571166, 37.4379295], [127.1568304, 37.4379339], [127.1568302, 37.4379339], [127.1565422, 37.4379384], [127.1565421, 37.4379384], [127.1562927, 37.4379423], [127.1561865, 37.4379439], [127.1560929, 37.4379454], [127.1560718, 37.4379457], [127.1559697, 37.4379472], [127.1558539, 37.4379489], [127.1557553, 37.4379504], [127.1556239, 37.4379523], [127.1555748, 37.437953], [127.1555482, 37.4379535], [127.1553744, 37.4379564], [127.155347, 37.4379569], [127.1551554, 37.4379602], [127.1551343, 37.4379605], [127.1550356, 37.4379622], [127.1549055, 37.4379633], [127.1549051, 37.4379633], [127.1547665, 37.4379646], [127.1546723, 37.4379661], [127.1546722, 37.4379661], [127.1544532, 37.4379695], [127.1544523, 37.4379695], [127.154227, 37.4379731], [127.1542265, 37.4379731], [127.1541825, 37.4379738], [127.1540059, 37.4379763], [127.1540048, 37.4379763], [127.153775, 37.4379797], [127.1537736, 37.4379797], [127.1535532, 37.4379829], [127.1535481, 37.437983], [127.153529, 37.4379832], [127.1533039, 37.437986], [127.1532981, 37.4379861], [127.1532892, 37.4379862]]}, "properties": {"id": "sangdaewon3-impassable-015", "dong": "상대원3동", "source_pdf": "상대원3동.pdf", "source_page": 1, "reason": "소방차 진입곤란 지정", "note": "", "stroke_width_pt": 4.25, "georef_median_error_m": 1.61, "georef_p90_error_m": 3.36, "georef_inliers": 198, "sheet_count": 3}}, {"type": "Feature", "geometry": {"type": "LineString", "coordinates": [[127.1587545, 37.4392454], [127.1583777, 37.4392439], [127.1579757, 37.4392421], [127.1578448, 37.4392415], [127.1577194, 37.4392403], [127.1577131, 37.4392403], [127.1574815, 37.4392382], [127.1574435, 37.4392379], [127.1572552, 37.4392362], [127.1571516, 37.4392352], [127.1570353, 37.4392342], [127.156857, 37.4392326], [127.1568138, 37.4392322], [127.1566538, 37.4392307], [127.156563, 37.4392298], [127.1565594, 37.4392297], [127.156559, 37.4392297], [127.1563177, 37.4392272], [127.1560923, 37.4392248], [127.1558648, 37.4392223], [127.1556385, 37.4392199], [127.1554097, 37.4392175], [127.1554031, 37.4392174], [127.1551786, 37.439215], [127.1550128, 37.4392124]]}, "properties": {"id": "sangdaewon3-impassable-016", "dong": "상대원3동", "source_pdf": "상대원3동.pdf", "source_page": 1, "reason": "소방차 진입곤란 지정", "note": "", "stroke_width_pt": 4.25, "georef_median_error_m": 1.61, "georef_p90_error_m": 3.36, "georef_inliers": 198, "sheet_count": 3}}, {"type": "Feature", "geometry": {"type": "LineString", "coordinates": [[127.1584819, 37.4333629], [127.1584885, 37.4342535]]}, "properties": {"id": "sangdaewon3-impassable-017", "dong": "상대원3동", "source_pdf": "상대원3동.pdf", "source_page": 1, "reason": "소방차 진입곤란 지정", "note": "", "stroke_width_pt": 4.25, "georef_median_error_m": 1.61, "georef_p90_error_m": 3.36, "georef_inliers": 198, "sheet_count": 3}}, {"type": "Feature", "geometry": {"type": "LineString", "coordinates": [[127.1575881, 37.4368303], [127.1576051, 37.4372363]]}, "properties": {"id": "sangdaewon3-impassable-018", "dong": "상대원3동", "source_pdf": "상대원3동.pdf", "source_page": 1, "reason": "소방차 진입곤란 지정", "note": "", "stroke_width_pt": 4.25, "georef_median_error_m": 1.61, "georef_p90_error_m": 3.36, "georef_inliers": 198, "sheet_count": 3}}, {"type": "Feature", "geometry": {"type": "LineString", "coordinates": [[127.1576728, 37.4373564], [127.1576792, 37.4376426]]}, "properties": {"id": "sangdaewon3-impassable-019", "dong": "상대원3동", "source_pdf": "상대원3동.pdf", "source_page": 1, "reason": "소방차 진입곤란 지정", "note": "", "stroke_width_pt": 4.25, "georef_median_error_m": 1.61, "georef_p90_error_m": 3.36, "georef_inliers": 198, "sheet_count": 3}}, {"type": "Feature", "geometry": {"type": "LineString", "coordinates": [[127.1571188, 37.4379821], [127.1571356, 37.4385193]]}, "properties": {"id": "sangdaewon3-impassable-020", "dong": "상대원3동", "source_pdf": "상대원3동.pdf", "source_page": 1, "reason": "소방차 진입곤란 지정", "note": "", "stroke_width_pt": 4.25, "georef_median_error_m": 1.61, "georef_p90_error_m": 3.36, "georef_inliers": 198, "sheet_count": 3}}, {"type": "Feature", "geometry": {"type": "LineString", "coordinates": [[127.1574057, 37.4379769], [127.1574196, 37.4385275]]}, "properties": {"id": "sangdaewon3-impassable-021", "dong": "상대원3동", "source_pdf": "상대원3동.pdf", "source_page": 1, "reason": "소방차 진입곤란 지정", "note": "", "stroke_width_pt": 4.25, "georef_median_error_m": 1.61, "georef_p90_error_m": 3.36, "georef_inliers": 198, "sheet_count": 3}}, {"type": "Feature", "geometry": {"type": "LineString", "coordinates": [[127.1576872, 37.4379718], [127.1576999, 37.4385143]]}, "properties": {"id": "sangdaewon3-impassable-022", "dong": "상대원3동", "source_pdf": "상대원3동.pdf", "source_page": 1, "reason": "소방차 진입곤란 지정", "note": "", "stroke_width_pt": 4.25, "georef_median_error_m": 1.61, "georef_p90_error_m": 3.36, "georef_inliers": 198, "sheet_count": 3}}, {"type": "Feature", "geometry": {"type": "LineString", "coordinates": [[127.1579745, 37.4386176], [127.1579858, 37.4387617], [127.157975, 37.4391808]]}, "properties": {"id": "sangdaewon3-impassable-023", "dong": "상대원3동", "source_pdf": "상대원3동.pdf", "source_page": 1, "reason": "소방차 진입곤란 지정", "note": "", "stroke_width_pt": 4.25, "georef_median_error_m": 1.61, "georef_p90_error_m": 3.36, "georef_inliers": 198, "sheet_count": 3}}, {"type": "Feature", "geometry": {"type": "LineString", "coordinates": [[127.1577015, 37.4386212], [127.157714, 37.4391797]]}, "properties": {"id": "sangdaewon3-impassable-024", "dong": "상대원3동", "source_pdf": "상대원3동.pdf", "source_page": 1, "reason": "소방차 진입곤란 지정", "note": "", "stroke_width_pt": 4.25, "georef_median_error_m": 1.61, "georef_p90_error_m": 3.36, "georef_inliers": 198, "sheet_count": 3}}, {"type": "Feature", "geometry": {"type": "LineString", "coordinates": [[127.1574249, 37.4386231], [127.157443, 37.4391838]]}, "properties": {"id": "sangdaewon3-impassable-025", "dong": "상대원3동", "source_pdf": "상대원3동.pdf", "source_page": 1, "reason": "소방차 진입곤란 지정", "note": "", "stroke_width_pt": 4.25, "georef_median_error_m": 1.61, "georef_p90_error_m": 3.36, "georef_inliers": 198, "sheet_count": 3}}, {"type": "Feature", "geometry": {"type": "LineString", "coordinates": [[127.1568098, 37.4392861], [127.1568044, 37.4397641]]}, "properties": {"id": "sangdaewon3-impassable-026", "dong": "상대원3동", "source_pdf": "상대원3동.pdf", "source_page": 1, "reason": "소방차 진입곤란 지정", "note": "", "stroke_width_pt": 4.25, "georef_median_error_m": 1.61, "georef_p90_error_m": 3.36, "georef_inliers": 198, "sheet_count": 3}}, {"type": "Feature", "geometry": {"type": "LineString", "coordinates": [[127.1572553, 37.4392832], [127.1572511, 37.4397676]]}, "properties": {"id": "sangdaewon3-impassable-027", "dong": "상대원3동", "source_pdf": "상대원3동.pdf", "source_page": 1, "reason": "소방차 진입곤란 지정", "note": "", "stroke_width_pt": 4.25, "georef_median_error_m": 1.61, "georef_p90_error_m": 3.36, "georef_inliers": 198, "sheet_count": 3}}, {"type": "Feature", "geometry": {"type": "LineString", "coordinates": [[127.1574813, 37.4392893], [127.1574849, 37.4393936], [127.157476, 37.4397717]]}, "properties": {"id": "sangdaewon3-impassable-028", "dong": "상대원3동", "source_pdf": "상대원3동.pdf", "source_page": 1, "reason": "소방차 진입곤란 지정", "note": "", "stroke_width_pt": 4.25, "georef_median_error_m": 1.61, "georef_p90_error_m": 3.36, "georef_inliers": 198, "sheet_count": 3}}, {"type": "Feature", "geometry": {"type": "LineString", "coordinates": [[127.1584018, 37.4392829], [127.1585105, 37.4394416], [127.1584856, 37.4394569], [127.1581124, 37.4394513]]}, "properties": {"id": "sangdaewon3-impassable-029", "dong": "상대원3동", "source_pdf": "상대원3동.pdf", "source_page": 1, "reason": "소방차 진입곤란 지정", "note": "", "stroke_width_pt": 4.25, "georef_median_error_m": 1.61, "georef_p90_error_m": 3.36, "georef_inliers": 198, "sheet_count": 3}}, {"type": "Feature", "geometry": {"type": "LineString", "coordinates": [[127.1577231, 37.4397687], [127.157723, 37.4396314], [127.1581722, 37.439638]]}, "properties": {"id": "sangdaewon3-impassable-030", "dong": "상대원3동", "source_pdf": "상대원3동.pdf", "source_page": 1, "reason": "소방차 진입곤란 지정", "note": "", "stroke_width_pt": 4.25, "georef_median_error_m": 1.61, "georef_p90_error_m": 3.36, "georef_inliers": 198, "sheet_count": 3}}, {"type": "Feature", "geometry": {"type": "LineString", "coordinates": [[127.1577191, 37.4392762], [127.1577223, 37.4394425], [127.1580865, 37.4394496]]}, "properties": {"id": "sangdaewon3-impassable-031", "dong": "상대원3동", "source_pdf": "상대원3동.pdf", "source_page": 1, "reason": "소방차 진입곤란 지정", "note": "", "stroke_width_pt": 4.25, "georef_median_error_m": 1.61, "georef_p90_error_m": 3.36, "georef_inliers": 198, "sheet_count": 3}}, {"type": "Feature", "geometry": {"type": "LineString", "coordinates": [[127.1580637, 37.4376748], [127.1576799, 37.4376624], [127.1576793, 37.4376624], [127.157679, 37.4376624], [127.1575187, 37.4376625], [127.1574012, 37.4376746], [127.1573984, 37.4376748], [127.1573971, 37.437675], [127.1571101, 37.4376788], [127.1571096, 37.4376788], [127.1571087, 37.4376788], [127.1568283, 37.4376726], [127.1568258, 37.4376725], [127.156824, 37.4376725], [127.1565375, 37.4376793]]}, "properties": {"id": "sangdaewon3-impassable-032", "dong": "상대원3동", "source_pdf": "상대원3동.pdf", "source_page": 1, "reason": "소방차 진입곤란 지정", "note": "", "stroke_width_pt": 4.25, "georef_median_error_m": 1.61, "georef_p90_error_m": 3.36, "georef_inliers": 198, "sheet_count": 3}}, {"type": "Feature", "geometry": {"type": "LineString", "coordinates": [[127.1576785, 37.4376791], [127.1576858, 37.4378589]]}, "properties": {"id": "sangdaewon3-impassable-033", "dong": "상대원3동", "source_pdf": "상대원3동.pdf", "source_page": 1, "reason": "소방차 진입곤란 지정", "note": "", "stroke_width_pt": 4.25, "georef_median_error_m": 1.61, "georef_p90_error_m": 3.36, "georef_inliers": 198, "sheet_count": 3}}, {"type": "Feature", "geometry": {"type": "LineString", "coordinates": [[127.1574, 37.4376931], [127.1574043, 37.4378738]]}, "properties": {"id": "sangdaewon3-impassable-034", "dong": "상대원3동", "source_pdf": "상대원3동.pdf", "source_page": 1, "reason": "소방차 진입곤란 지정", "note": "", "stroke_width_pt": 4.25, "georef_median_error_m": 1.61, "georef_p90_error_m": 3.36, "georef_inliers": 198, "sheet_count": 3}}, {"type": "Feature", "geometry": {"type": "LineString", "coordinates": [[127.1584754, 37.434523], [127.1579773, 37.4345241]]}, "properties": {"id": "sangdaewon3-impassable-035", "dong": "상대원3동", "source_pdf": "상대원3동.pdf", "source_page": 1, "reason": "소방차 진입곤란 지정", "note": "", "stroke_width_pt": 4.25, "georef_median_error_m": 1.61, "georef_p90_error_m": 3.36, "georef_inliers": 198, "sheet_count": 2}}, {"type": "Feature", "geometry": {"type": "LineString", "coordinates": [[127.1587972, 37.4397955], [127.1586794, 37.4396472], [127.1581932, 37.4396375]]}, "properties": {"id": "sangdaewon3-impassable-036", "dong": "상대원3동", "source_pdf": "상대원3동.pdf", "source_page": 1, "reason": "소방차 진입곤란 지정", "note": "", "stroke_width_pt": 4.25, "georef_median_error_m": 1.61, "georef_p90_error_m": 3.36, "georef_inliers": 198, "sheet_count": 3}}, {"type": "Feature", "geometry": {"type": "LineString", "coordinates": [[127.1587717, 37.4334905], [127.1586992, 37.4338595], [127.1586126, 37.4342573]]}, "properties": {"id": "sangdaewon3-impassable-037", "dong": "상대원3동", "source_pdf": "상대원3동.pdf", "source_page": 1, "reason": "소방차 진입곤란 지정", "note": "", "stroke_width_pt": 4.25, "georef_median_error_m": 1.61, "georef_p90_error_m": 3.36, "georef_inliers": 198, "sheet_count": 3}}, {"type": "Feature", "geometry": {"type": "LineString", "coordinates": [[127.1580507, 37.4367963], [127.1575881, 37.4368024], [127.1575874, 37.4368024], [127.1573127, 37.436806], [127.1573124, 37.436806], [127.1570511, 37.4368094], [127.1570508, 37.4368094], [127.1567862, 37.4368128], [127.156786, 37.4368128], [127.1565425, 37.4368163]]}, "properties": {"id": "sangdaewon3-impassable-038", "dong": "상대원3동", "source_pdf": "상대원3동.pdf", "source_page": 1, "reason": "소방차 진입곤란 지정", "note": "", "stroke_width_pt": 4.25, "georef_median_error_m": 1.61, "georef_p90_error_m": 3.36, "georef_inliers": 198, "sheet_count": 3}}, {"type": "Feature", "geometry": {"type": "LineString", "coordinates": [[127.1571368, 37.4386284], [127.1571505, 37.4391801]]}, "properties": {"id": "sangdaewon3-impassable-039", "dong": "상대원3동", "source_pdf": "상대원3동.pdf", "source_page": 1, "reason": "소방차 진입곤란 지정", "note": "", "stroke_width_pt": 4.25, "georef_median_error_m": 1.61, "georef_p90_error_m": 3.36, "georef_inliers": 198, "sheet_count": 3}}, {"type": "Feature", "geometry": {"type": "LineString", "coordinates": [[127.1570359, 37.4392794], [127.1570345, 37.4396649], [127.1570301, 37.4397606]]}, "properties": {"id": "sangdaewon3-impassable-040", "dong": "상대원3동", "source_pdf": "상대원3동.pdf", "source_page": 1, "reason": "소방차 진입곤란 지정", "note": "", "stroke_width_pt": 4.25, "georef_median_error_m": 1.61, "georef_p90_error_m": 3.36, "georef_inliers": 198, "sheet_count": 3}}, {"type": "Feature", "geometry": {"type": "LineString", "coordinates": [[127.1577221, 37.4394712], [127.1577195, 37.4396081]]}, "properties": {"id": "sangdaewon3-impassable-041", "dong": "상대원3동", "source_pdf": "상대원3동.pdf", "source_page": 1, "reason": "소방차 진입곤란 지정", "note": "", "stroke_width_pt": 4.25, "georef_median_error_m": 1.61, "georef_p90_error_m": 3.36, "georef_inliers": 198, "sheet_count": 3}}, {"type": "Feature", "geometry": {"type": "LineString", "coordinates": [[127.1586675, 37.4396285], [127.1585362, 37.439453]]}, "properties": {"id": "sangdaewon3-impassable-042", "dong": "상대원3동", "source_pdf": "상대원3동.pdf", "source_page": 1, "reason": "소방차 진입곤란 지정", "note": "", "stroke_width_pt": 4.25, "georef_median_error_m": 1.61, "georef_p90_error_m": 3.36, "georef_inliers": 198, "sheet_count": 3}}, {"type": "Feature", "geometry": {"type": "LineString", "coordinates": [[127.1582428, 37.4356914], [127.1585196, 37.4356849]]}, "properties": {"id": "sangdaewon3-impassable-043", "dong": "상대원3동", "source_pdf": "상대원3동.pdf", "source_page": 1, "reason": "소방차 진입곤란 지정", "note": "", "stroke_width_pt": 4.25, "georef_median_error_m": 1.61, "georef_p90_error_m": 3.36, "georef_inliers": 198, "sheet_count": 3}}, {"type": "Feature", "geometry": {"type": "LineString", "coordinates": [[127.1585784, 37.4363813], [127.1585888, 37.4366164]]}, "properties": {"id": "sangdaewon3-impassable-044", "dong": "상대원3동", "source_pdf": "상대원3동.pdf", "source_page": 1, "reason": "소방차 진입곤란 지정", "note": "", "stroke_width_pt": 4.25, "georef_median_error_m": 1.61, "georef_p90_error_m": 3.36, "georef_inliers": 198, "sheet_count": 3}}, {"type": "Feature", "geometry": {"type": "LineString", "coordinates": [[127.158947, 37.4363143], [127.1588754, 37.435186]]}, "properties": {"id": "sangdaewon3-impassable-045", "dong": "상대원3동", "source_pdf": "상대원3동.pdf", "source_page": 1, "reason": "소방차 진입곤란 지정", "note": "", "stroke_width_pt": 4.25, "georef_median_error_m": 1.61, "georef_p90_error_m": 3.36, "georef_inliers": 198, "sheet_count": 3}}, {"type": "Feature", "geometry": {"type": "LineString", "coordinates": [[127.1593903, 37.435709], [127.1595953, 37.4358946]]}, "properties": {"id": "sangdaewon3-impassable-046", "dong": "상대원3동", "source_pdf": "상대원3동.pdf", "source_page": 1, "reason": "소방차 진입곤란 지정", "note": "", "stroke_width_pt": 4.25, "georef_median_error_m": 1.61, "georef_p90_error_m": 3.36, "georef_inliers": 198, "sheet_count": 3}}, {"type": "Feature", "geometry": {"type": "LineString", "coordinates": [[127.1600734, 37.4363], [127.1598092, 37.4360595]]}, "properties": {"id": "sangdaewon3-impassable-047", "dong": "상대원3동", "source_pdf": "상대원3동.pdf", "source_page": 1, "reason": "소방차 진입곤란 지정", "note": "", "stroke_width_pt": 4.25, "georef_median_error_m": 1.61, "georef_p90_error_m": 3.36, "georef_inliers": 198, "sheet_count": 3}}, {"type": "Feature", "geometry": {"type": "LineString", "coordinates": [[127.158674, 37.4346459], [127.1591341, 37.4351701]]}, "properties": {"id": "sangdaewon3-impassable-048", "dong": "상대원3동", "source_pdf": "상대원3동.pdf", "source_page": 1, "reason": "소방차 진입곤란 지정", "note": "", "stroke_width_pt": 4.25, "georef_median_error_m": 1.61, "georef_p90_error_m": 3.36, "georef_inliers": 198, "sheet_count": 3}}, {"type": "Feature", "geometry": {"type": "LineString", "coordinates": [[127.1600723, 37.435417], [127.1597778, 37.4351399], [127.1597767, 37.4351389]]}, "properties": {"id": "sangdaewon3-impassable-049", "dong": "상대원3동", "source_pdf": "상대원3동.pdf", "source_page": 1, "reason": "소방차 진입곤란 지정", "note": "", "stroke_width_pt": 4.25, "georef_median_error_m": 1.61, "georef_p90_error_m": 3.36, "georef_inliers": 198, "sheet_count": 3}}, {"type": "Feature", "geometry": {"type": "LineString", "coordinates": [[127.1600719, 37.4350805], [127.1599925, 37.4350101]]}, "properties": {"id": "sangdaewon3-impassable-050", "dong": "상대원3동", "source_pdf": "상대원3동.pdf", "source_page": 1, "reason": "소방차 진입곤란 지정", "note": "", "stroke_width_pt": 4.25, "georef_median_error_m": 1.61, "georef_p90_error_m": 3.36, "georef_inliers": 198, "sheet_count": 3}}, {"type": "Feature", "geometry": {"type": "LineString", "coordinates": [[127.1589198, 37.4344434], [127.1595346, 37.4351738]]}, "properties": {"id": "sangdaewon3-impassable-051", "dong": "상대원3동", "source_pdf": "상대원3동.pdf", "source_page": 1, "reason": "소방차 진입곤란 지정", "note": "", "stroke_width_pt": 4.25, "georef_median_error_m": 1.61, "georef_p90_error_m": 3.36, "georef_inliers": 198, "sheet_count": 3}}, {"type": "Feature", "geometry": {"type": "LineString", "coordinates": [[127.15926, 37.4343261], [127.1598037, 37.4349858]]}, "properties": {"id": "sangdaewon3-impassable-052", "dong": "상대원3동", "source_pdf": "상대원3동.pdf", "source_page": 1, "reason": "소방차 진입곤란 지정", "note": "", "stroke_width_pt": 4.25, "georef_median_error_m": 1.61, "georef_p90_error_m": 3.36, "georef_inliers": 198, "sheet_count": 3}}, {"type": "Feature", "geometry": {"type": "LineString", "coordinates": [[127.1600737, 37.4365282], [127.1596653, 37.4361542]]}, "properties": {"id": "sangdaewon3-impassable-053", "dong": "상대원3동", "source_pdf": "상대원3동.pdf", "source_page": 1, "reason": "소방차 진입곤란 지정", "note": "", "stroke_width_pt": 4.25, "georef_median_error_m": 1.61, "georef_p90_error_m": 3.36, "georef_inliers": 198, "sheet_count": 3}}, {"type": "Feature", "geometry": {"type": "LineString", "coordinates": [[127.1597436, 37.4358032], [127.1593998, 37.4360342]]}, "properties": {"id": "sangdaewon3-impassable-054", "dong": "상대원3동", "source_pdf": "상대원3동.pdf", "source_page": 1, "reason": "소방차 진입곤란 지정", "note": "", "stroke_width_pt": 4.25, "georef_median_error_m": 1.61, "georef_p90_error_m": 3.36, "georef_inliers": 198, "sheet_count": 3}}, {"type": "Feature", "geometry": {"type": "LineString", "coordinates": [[127.1600727, 37.4357188], [127.1598576, 37.4355229], [127.1595738, 37.4352637]]}, "properties": {"id": "sangdaewon3-impassable-055", "dong": "상대원3동", "source_pdf": "상대원3동.pdf", "source_page": 1, "reason": "소방차 진입곤란 지정", "note": "", "stroke_width_pt": 4.25, "georef_median_error_m": 1.61, "georef_p90_error_m": 3.36, "georef_inliers": 198, "sheet_count": 3}}, {"type": "Feature", "geometry": {"type": "LineString", "coordinates": [[127.1600739, 37.4367583], [127.1595285, 37.4362633]]}, "properties": {"id": "sangdaewon3-impassable-056", "dong": "상대원3동", "source_pdf": "상대원3동.pdf", "source_page": 1, "reason": "소방차 진입곤란 지정", "note": "", "stroke_width_pt": 4.25, "georef_median_error_m": 1.61, "georef_p90_error_m": 3.36, "georef_inliers": 198, "sheet_count": 3}}, {"type": "Feature", "geometry": {"type": "LineString", "coordinates": [[127.1596713, 37.4343217], [127.1600716, 37.4348161]]}, "properties": {"id": "sangdaewon3-impassable-057", "dong": "상대원3동", "source_pdf": "상대원3동.pdf", "source_page": 1, "reason": "소방차 진입곤란 지정", "note": "", "stroke_width_pt": 4.25, "georef_median_error_m": 1.61, "georef_p90_error_m": 3.36, "georef_inliers": 198, "sheet_count": 3}}, {"type": "Feature", "geometry": {"type": "LineString", "coordinates": [[127.159419, 37.4362817], [127.1594907, 37.4362304], [127.1596378, 37.4361286], [127.1597802, 37.43603], [127.1599025, 37.4359451]]}, "properties": {"id": "sangdaewon3-impassable-058", "dong": "상대원3동", "source_pdf": "상대원3동.pdf", "source_page": 1, "reason": "소방차 진입곤란 지정", "note": "", "stroke_width_pt": 4.25, "georef_median_error_m": 1.61, "georef_p90_error_m": 3.36, "georef_inliers": 198, "sheet_count": 3}}, {"type": "Feature", "geometry": {"type": "LineString", "coordinates": [[127.1587347, 37.4350657], [127.1600756, 37.4343484]]}, "properties": {"id": "sangdaewon3-impassable-059", "dong": "상대원3동", "source_pdf": "상대원3동.pdf", "source_page": 1, "reason": "소방차 진입곤란 지정", "note": "", "stroke_width_pt": 4.25, "georef_median_error_m": 1.61, "georef_p90_error_m": 3.36, "georef_inliers": 198, "sheet_count": 3}}, {"type": "Feature", "geometry": {"type": "LineString", "coordinates": [[127.1642358, 37.4403445], [127.1641011, 37.4402271], [127.164089, 37.4402144], [127.1640725, 37.4401969], [127.1636028, 37.4397724]]}, "properties": {"id": "sangdaewon3-impassable-060", "dong": "상대원3동", "source_pdf": "상대원3동.pdf", "source_page": 1, "reason": "소방차 진입곤란 지정", "note": "", "stroke_width_pt": 4.25, "georef_median_error_m": 1.61, "georef_p90_error_m": 3.36, "georef_inliers": 198, "sheet_count": 3}}, {"type": "Feature", "geometry": {"type": "LineString", "coordinates": [[127.160698, 37.4368934], [127.1600587, 37.4363006]]}, "properties": {"id": "sangdaewon3-impassable-061", "dong": "상대원3동", "source_pdf": "상대원3동.pdf", "source_page": 1, "reason": "소방차 진입곤란 지정", "note": "", "stroke_width_pt": 4.25, "georef_median_error_m": 1.61, "georef_p90_error_m": 3.36, "georef_inliers": 198, "sheet_count": 3}}, {"type": "Feature", "geometry": {"type": "LineString", "coordinates": [[127.1621705, 37.4388607], [127.1626664, 37.4385262]]}, "properties": {"id": "sangdaewon3-impassable-062", "dong": "상대원3동", "source_pdf": "상대원3동.pdf", "source_page": 1, "reason": "소방차 진입곤란 지정", "note": "", "stroke_width_pt": 4.25, "georef_median_error_m": 1.61, "georef_p90_error_m": 3.36, "georef_inliers": 198, "sheet_count": 3}}, {"type": "Feature", "geometry": {"type": "LineString", "coordinates": [[127.1625205, 37.4391773], [127.1630005, 37.4388314]]}, "properties": {"id": "sangdaewon3-impassable-063", "dong": "상대원3동", "source_pdf": "상대원3동.pdf", "source_page": 1, "reason": "소방차 진입곤란 지정", "note": "", "stroke_width_pt": 4.25, "georef_median_error_m": 1.61, "georef_p90_error_m": 3.36, "georef_inliers": 198, "sheet_count": 2}}, {"type": "Feature", "geometry": {"type": "LineString", "coordinates": [[127.16166, 37.4383965], [127.1621676, 37.4380373]]}, "properties": {"id": "sangdaewon3-impassable-064", "dong": "상대원3동", "source_pdf": "상대원3동.pdf", "source_page": 1, "reason": "소방차 진입곤란 지정", "note": "", "stroke_width_pt": 4.25, "georef_median_error_m": 1.61, "georef_p90_error_m": 3.36, "georef_inliers": 198, "sheet_count": 3}}, {"type": "Feature", "geometry": {"type": "LineString", "coordinates": [[127.1639935, 37.4403447], [127.1639726, 37.4403256], [127.1639546, 37.4403066], [127.163939, 37.44029], [127.1634706, 37.4398751]]}, "properties": {"id": "sangdaewon3-impassable-065", "dong": "상대원3동", "source_pdf": "상대원3동.pdf", "source_page": 1, "reason": "소방차 진입곤란 지정", "note": "", "stroke_width_pt": 4.25, "georef_median_error_m": 1.61, "georef_p90_error_m": 3.36, "georef_inliers": 198, "sheet_count": 3}}, {"type": "Feature", "geometry": {"type": "LineString", "coordinates": [[127.1650586, 37.4398246], [127.1648859, 37.4396822]]}, "properties": {"id": "sangdaewon3-impassable-066", "dong": "상대원3동", "source_pdf": "상대원3동.pdf", "source_page": 1, "reason": "소방차 진입곤란 지정", "note": "", "stroke_width_pt": 4.25, "georef_median_error_m": 1.61, "georef_p90_error_m": 3.36, "georef_inliers": 198, "sheet_count": 2}}, {"type": "Feature", "geometry": {"type": "LineString", "coordinates": [[127.1605424, 37.4383798], [127.1606699, 37.4382925], [127.1607772, 37.4382141], [127.1608044, 37.4381952], [127.1608075, 37.438193], [127.1608301, 37.4381773], [127.1610506, 37.4380206]]}, "properties": {"id": "sangdaewon3-impassable-067", "dong": "상대원3동", "source_pdf": "상대원3동.pdf", "source_page": 1, "reason": "소방차 진입곤란 지정", "note": "", "stroke_width_pt": 4.25, "georef_median_error_m": 1.61, "georef_p90_error_m": 3.36, "georef_inliers": 198, "sheet_count": 3}}, {"type": "Feature", "geometry": {"type": "LineString", "coordinates": [[127.1644272, 37.4399597], [127.1645496, 37.4398727], [127.1647101, 37.4397605], [127.1648539, 37.43966], [127.1649696, 37.4395822]]}, "properties": {"id": "sangdaewon3-impassable-068", "dong": "상대원3동", "source_pdf": "상대원3동.pdf", "source_page": 1, "reason": "소방차 진입곤란 지정", "note": "", "stroke_width_pt": 4.25, "georef_median_error_m": 1.61, "georef_p90_error_m": 3.36, "georef_inliers": 198, "sheet_count": 2}}, {"type": "Feature", "geometry": {"type": "LineString", "coordinates": [[127.1649284, 37.4383354], [127.1642948, 37.4377517]]}, "properties": {"id": "sangdaewon3-impassable-069", "dong": "상대원3동", "source_pdf": "상대원3동.pdf", "source_page": 1, "reason": "소방차 진입곤란 지정", "note": "", "stroke_width_pt": 4.25, "georef_median_error_m": 1.61, "georef_p90_error_m": 3.36, "georef_inliers": 198, "sheet_count": 2}}, {"type": "Feature", "geometry": {"type": "LineString", "coordinates": [[127.1618095, 37.4385421], [127.1623147, 37.4381932]]}, "properties": {"id": "sangdaewon3-impassable-070", "dong": "상대원3동", "source_pdf": "상대원3동.pdf", "source_page": 1, "reason": "소방차 진입곤란 지정", "note": "", "stroke_width_pt": 4.25, "georef_median_error_m": 1.61, "georef_p90_error_m": 3.36, "georef_inliers": 198, "sheet_count": 3}}, {"type": "Feature", "geometry": {"type": "LineString", "coordinates": [[127.1613501, 37.438109], [127.1614635, 37.4380364], [127.161851, 37.4377558]]}, "properties": {"id": "sangdaewon3-impassable-071", "dong": "상대원3동", "source_pdf": "상대원3동.pdf", "source_page": 1, "reason": "소방차 진입곤란 지정", "note": "", "stroke_width_pt": 4.25, "georef_median_error_m": 1.61, "georef_p90_error_m": 3.36, "georef_inliers": 198, "sheet_count": 3}}, {"type": "Feature", "geometry": {"type": "LineString", "coordinates": [[127.16071, 37.4375198], [127.1612106, 37.4371678]]}, "properties": {"id": "sangdaewon3-impassable-072", "dong": "상대원3동", "source_pdf": "상대원3동.pdf", "source_page": 1, "reason": "소방차 진입곤란 지정", "note": "", "stroke_width_pt": 4.25, "georef_median_error_m": 1.61, "georef_p90_error_m": 3.36, "georef_inliers": 198, "sheet_count": 3}}, {"type": "Feature", "geometry": {"type": "LineString", "coordinates": [[127.1648412, 37.4401445], [127.1645809, 37.4399015]]}, "properties": {"id": "sangdaewon3-impassable-073", "dong": "상대원3동", "source_pdf": "상대원3동.pdf", "source_page": 1, "reason": "소방차 진입곤란 지정", "note": "", "stroke_width_pt": 4.25, "georef_median_error_m": 1.61, "georef_p90_error_m": 3.36, "georef_inliers": 198, "sheet_count": 2}}, {"type": "Feature", "geometry": {"type": "LineString", "coordinates": [[127.1649483, 37.4399846], [127.1648667, 37.4398881], [127.1647453, 37.4397875]]}, "properties": {"id": "sangdaewon3-impassable-074", "dong": "상대원3동", "source_pdf": "상대원3동.pdf", "source_page": 1, "reason": "소방차 진입곤란 지정", "note": "", "stroke_width_pt": 4.25, "georef_median_error_m": 1.61, "georef_p90_error_m": 3.36, "georef_inliers": 198, "sheet_count": 2}}, {"type": "Feature", "geometry": {"type": "LineString", "coordinates": [[127.1623476, 37.4390184], [127.1628291, 37.4386737]]}, "properties": {"id": "sangdaewon3-impassable-075", "dong": "상대원3동", "source_pdf": "상대원3동.pdf", "source_page": 1, "reason": "소방차 진입곤란 지정", "note": "", "stroke_width_pt": 4.25, "georef_median_error_m": 1.61, "georef_p90_error_m": 3.36, "georef_inliers": 198, "sheet_count": 3}}, {"type": "Feature", "geometry": {"type": "LineString", "coordinates": [[127.1605362, 37.4373763], [127.1610426, 37.437018]]}, "properties": {"id": "sangdaewon3-impassable-076", "dong": "상대원3동", "source_pdf": "상대원3동.pdf", "source_page": 1, "reason": "소방차 진입곤란 지정", "note": "", "stroke_width_pt": 4.25, "georef_median_error_m": 1.61, "georef_p90_error_m": 3.36, "georef_inliers": 198, "sheet_count": 3}}, {"type": "Feature", "geometry": {"type": "LineString", "coordinates": [[127.1608701, 37.4376751], [127.1613753, 37.4373271]]}, "properties": {"id": "sangdaewon3-impassable-077", "dong": "상대원3동", "source_pdf": "상대원3동.pdf", "source_page": 1, "reason": "소방차 진입곤란 지정", "note": "", "stroke_width_pt": 4.25, "georef_median_error_m": 1.61, "georef_p90_error_m": 3.36, "georef_inliers": 198, "sheet_count": 3}}, {"type": "Feature", "geometry": {"type": "LineString", "coordinates": [[127.165273, 37.439449], [127.1647925, 37.4389541]]}, "properties": {"id": "sangdaewon3-impassable-078", "dong": "상대원3동", "source_pdf": "상대원3동.pdf", "source_page": 1, "reason": "소방차 진입곤란 지정", "note": "", "stroke_width_pt": 4.25, "georef_median_error_m": 1.61, "georef_p90_error_m": 3.36, "georef_inliers": 198, "sheet_count": 2}}, {"type": "Feature", "geometry": {"type": "LineString", "coordinates": [[127.1628051, 37.4374066], [127.162875, 37.4374736], [127.1630379, 37.4376248], [127.1632092, 37.4377838], [127.1633749, 37.4379375], [127.1633758, 37.4379384], [127.1635341, 37.438084]]}, "properties": {"id": "sangdaewon3-impassable-079", "dong": "상대원3동", "source_pdf": "상대원3동.pdf", "source_page": 1, "reason": "소방차 진입곤란 지정", "note": "", "stroke_width_pt": 4.25, "georef_median_error_m": 1.61, "georef_p90_error_m": 3.36, "georef_inliers": 198, "sheet_count": 2}}, {"type": "Feature", "geometry": {"type": "LineString", "coordinates": [[127.160563, 37.4369897], [127.160059, 37.4365288]]}, "properties": {"id": "sangdaewon3-impassable-080", "dong": "상대원3동", "source_pdf": "상대원3동.pdf", "source_page": 1, "reason": "소방차 진입곤란 지정", "note": "", "stroke_width_pt": 4.25, "georef_median_error_m": 1.61, "georef_p90_error_m": 3.36, "georef_inliers": 198, "sheet_count": 3}}, {"type": "Feature", "geometry": {"type": "LineString", "coordinates": [[127.1620188, 37.4397404], [127.1622506, 37.439579], [127.1622879, 37.4395537], [127.1622896, 37.4395526], [127.1623068, 37.439541], [127.1625435, 37.4393714]]}, "properties": {"id": "sangdaewon3-impassable-081", "dong": "상대원3동", "source_pdf": "상대원3동.pdf", "source_page": 1, "reason": "소방차 진입곤란 지정", "note": "", "stroke_width_pt": 4.25, "georef_median_error_m": 1.61, "georef_p90_error_m": 3.36, "georef_inliers": 198, "sheet_count": 3}}, {"type": "Feature", "geometry": {"type": "LineString", "coordinates": [[127.1614996, 37.4382554], [127.1620057, 37.4378981]]}, "properties": {"id": "sangdaewon3-impassable-082", "dong": "상대원3동", "source_pdf": "상대원3동.pdf", "source_page": 1, "reason": "소방차 진입곤란 지정", "note": "", "stroke_width_pt": 4.25, "georef_median_error_m": 1.61, "georef_p90_error_m": 3.36, "georef_inliers": 198, "sheet_count": 3}}, {"type": "Feature", "geometry": {"type": "LineString", "coordinates": [[127.1610305, 37.4378258], [127.1615292, 37.4374718]]}, "properties": {"id": "sangdaewon3-impassable-083", "dong": "상대원3동", "source_pdf": "상대원3동.pdf", "source_page": 1, "reason": "소방차 진입곤란 지정", "note": "", "stroke_width_pt": 4.25, "georef_median_error_m": 1.61, "georef_p90_error_m": 3.36, "georef_inliers": 198, "sheet_count": 3}}, {"type": "Feature", "geometry": {"type": "LineString", "coordinates": [[127.1644871, 37.4403443], [127.1642398, 37.440128], [127.1642323, 37.4401161], [127.1642238, 37.4401028], [127.1637551, 37.4396777]]}, "properties": {"id": "sangdaewon3-impassable-084", "dong": "상대원3동", "source_pdf": "상대원3동.pdf", "source_page": 1, "reason": "소방차 진입곤란 지정", "note": "", "stroke_width_pt": 4.25, "georef_median_error_m": 1.61, "georef_p90_error_m": 3.36, "georef_inliers": 198, "sheet_count": 2}}, {"type": "Feature", "geometry": {"type": "LineString", "coordinates": [[127.1631476, 37.4397508], [127.1636485, 37.439403]]}, "properties": {"id": "sangdaewon3-impassable-085", "dong": "상대원3동", "source_pdf": "상대원3동.pdf", "source_page": 1, "reason": "소방차 진입곤란 지정", "note": "", "stroke_width_pt": 4.25, "georef_median_error_m": 1.61, "georef_p90_error_m": 3.36, "georef_inliers": 198, "sheet_count": 2}}, {"type": "Feature", "geometry": {"type": "LineString", "coordinates": [[127.1629928, 37.4396072], [127.1634858, 37.4392647]]}, "properties": {"id": "sangdaewon3-impassable-086", "dong": "상대원3동", "source_pdf": "상대원3동.pdf", "source_page": 1, "reason": "소방차 진입곤란 지정", "note": "", "stroke_width_pt": 4.25, "georef_median_error_m": 1.61, "georef_p90_error_m": 3.36, "georef_inliers": 198, "sheet_count": 2}}, {"type": "Feature", "geometry": {"type": "LineString", "coordinates": [[127.1628354, 37.4394691], [127.1633245, 37.4391195]]}, "properties": {"id": "sangdaewon3-impassable-087", "dong": "상대원3동", "source_pdf": "상대원3동.pdf", "source_page": 1, "reason": "소방차 진입곤란 지정", "note": "", "stroke_width_pt": 4.25, "georef_median_error_m": 1.61, "georef_p90_error_m": 3.36, "georef_inliers": 198, "sheet_count": 2}}, {"type": "Feature", "geometry": {"type": "LineString", "coordinates": [[127.1626803, 37.4393202], [127.1631733, 37.4389766]]}, "properties": {"id": "sangdaewon3-impassable-088", "dong": "상대원3동", "source_pdf": "상대원3동.pdf", "source_page": 1, "reason": "소방차 진입곤란 지정", "note": "", "stroke_width_pt": 4.25, "georef_median_error_m": 1.61, "georef_p90_error_m": 3.36, "georef_inliers": 198, "sheet_count": 2}}, {"type": "Feature", "geometry": {"type": "LineString", "coordinates": [[127.1654008, 37.4392466], [127.1653742, 37.4392322], [127.1649933, 37.4388193]]}, "properties": {"id": "sangdaewon3-impassable-089", "dong": "상대원3동", "source_pdf": "상대원3동.pdf", "source_page": 1, "reason": "소방차 진입곤란 지정", "note": "", "stroke_width_pt": 4.25, "georef_median_error_m": 1.61, "georef_p90_error_m": 3.36, "georef_inliers": 198, "sheet_count": 2}}, {"type": "Feature", "geometry": {"type": "LineString", "coordinates": [[127.1611985, 37.4379644], [127.1616895, 37.4376112]]}, "properties": {"id": "sangdaewon3-impassable-090", "dong": "상대원3동", "source_pdf": "상대원3동.pdf", "source_page": 1, "reason": "소방차 진입곤란 지정", "note": "", "stroke_width_pt": 4.25, "georef_median_error_m": 1.61, "georef_p90_error_m": 3.36, "georef_inliers": 198, "sheet_count": 3}}, {"type": "Feature", "geometry": {"type": "LineString", "coordinates": [[127.1641916, 37.4373803], [127.1638475, 37.4376173], [127.1636919, 37.4377207], [127.1635449, 37.4378219], [127.1634039, 37.437918]]}, "properties": {"id": "sangdaewon3-impassable-091", "dong": "상대원3동", "source_pdf": "상대원3동.pdf", "source_page": 1, "reason": "소방차 진입곤란 지정", "note": "", "stroke_width_pt": 4.25, "georef_median_error_m": 1.61, "georef_p90_error_m": 3.36, "georef_inliers": 198, "sheet_count": 2}}, {"type": "Feature", "geometry": {"type": "LineString", "coordinates": [[127.1636149, 37.4373831], [127.163828, 37.4375742]]}, "properties": {"id": "sangdaewon3-impassable-092", "dong": "상대원3동", "source_pdf": "상대원3동.pdf", "source_page": 1, "reason": "소방차 진입곤란 지정", "note": "", "stroke_width_pt": 4.25, "georef_median_error_m": 1.61, "georef_p90_error_m": 3.36, "georef_inliers": 198, "sheet_count": 2}}, {"type": "Feature", "geometry": {"type": "LineString", "coordinates": [[127.1633379, 37.4373938], [127.1636919, 37.4377207], [127.1638381, 37.4378581]]}, "properties": {"id": "sangdaewon3-impassable-093", "dong": "상대원3동", "source_pdf": "상대원3동.pdf", "source_page": 1, "reason": "소방차 진입곤란 지정", "note": "", "stroke_width_pt": 4.25, "georef_median_error_m": 1.61, "georef_p90_error_m": 3.36, "georef_inliers": 198, "sheet_count": 2}}, {"type": "Feature", "geometry": {"type": "LineString", "coordinates": [[127.1630457, 37.437387], [127.1631625, 37.4374829], [127.1632391, 37.43756], [127.1635181, 37.4378009]]}, "properties": {"id": "sangdaewon3-impassable-094", "dong": "상대원3동", "source_pdf": "상대원3동.pdf", "source_page": 1, "reason": "소방차 진입곤란 지정", "note": "", "stroke_width_pt": 4.25, "georef_median_error_m": 1.61, "georef_p90_error_m": 3.36, "georef_inliers": 198, "sheet_count": 2}}, {"type": "Feature", "geometry": {"type": "LineString", "coordinates": [[127.162717, 37.4383964], [127.1633411, 37.4379622]]}, "properties": {"id": "sangdaewon3-impassable-095", "dong": "상대원3동", "source_pdf": "상대원3동.pdf", "source_page": 1, "reason": "소방차 진입곤란 지정", "note": "", "stroke_width_pt": 4.25, "georef_median_error_m": 1.61, "georef_p90_error_m": 3.36, "georef_inliers": 198, "sheet_count": 2}}, {"type": "Feature", "geometry": {"type": "LineString", "coordinates": [[127.162549, 37.4382477], [127.1631766, 37.4378048]]}, "properties": {"id": "sangdaewon3-impassable-096", "dong": "상대원3동", "source_pdf": "상대원3동.pdf", "source_page": 1, "reason": "소방차 진입곤란 지정", "note": "", "stroke_width_pt": 4.25, "georef_median_error_m": 1.61, "georef_p90_error_m": 3.36, "georef_inliers": 198, "sheet_count": 2}}, {"type": "Feature", "geometry": {"type": "LineString", "coordinates": [[127.1623799, 37.4380903], [127.1630008, 37.4376534]]}, "properties": {"id": "sangdaewon3-impassable-097", "dong": "상대원3동", "source_pdf": "상대원3동.pdf", "source_page": 1, "reason": "소방차 진입곤란 지정", "note": "", "stroke_width_pt": 4.25, "georef_median_error_m": 1.61, "georef_p90_error_m": 3.36, "georef_inliers": 198, "sheet_count": 3}}, {"type": "Feature", "geometry": {"type": "LineString", "coordinates": [[127.1622126, 37.4379387], [127.1628405, 37.4374919]]}, "properties": {"id": "sangdaewon3-impassable-098", "dong": "상대원3동", "source_pdf": "상대원3동.pdf", "source_page": 1, "reason": "소방차 진입곤란 지정", "note": "", "stroke_width_pt": 4.25, "georef_median_error_m": 1.61, "georef_p90_error_m": 3.36, "georef_inliers": 198, "sheet_count": 3}}, {"type": "Feature", "geometry": {"type": "LineString", "coordinates": [[127.1618744, 37.4376305], [127.1620004, 37.4375495], [127.1621025, 37.4374814], [127.1621491, 37.4374487], [127.162202, 37.4373962]]}, "properties": {"id": "sangdaewon3-impassable-099", "dong": "상대원3동", "source_pdf": "상대원3동.pdf", "source_page": 1, "reason": "소방차 진입곤란 지정", "note": "", "stroke_width_pt": 4.25, "georef_median_error_m": 1.61, "georef_p90_error_m": 3.36, "georef_inliers": 198, "sheet_count": 3}}, {"type": "Feature", "geometry": {"type": "LineString", "coordinates": [[127.1618047, 37.4373951], [127.1619469, 37.43751]]}, "properties": {"id": "sangdaewon3-impassable-100", "dong": "상대원3동", "source_pdf": "상대원3동.pdf", "source_page": 1, "reason": "소방차 진입곤란 지정", "note": "", "stroke_width_pt": 4.25, "georef_median_error_m": 1.61, "georef_p90_error_m": 3.36, "georef_inliers": 198, "sheet_count": 3}}, {"type": "Feature", "geometry": {"type": "LineString", "coordinates": [[127.1604193, 37.4370826], [127.1600592, 37.4367589]]}, "properties": {"id": "sangdaewon3-impassable-101", "dong": "상대원3동", "source_pdf": "상대원3동.pdf", "source_page": 1, "reason": "소방차 진입곤란 지정", "note": "", "stroke_width_pt": 4.25, "georef_median_error_m": 1.61, "georef_p90_error_m": 3.36, "georef_inliers": 198, "sheet_count": 3}}, {"type": "Feature", "geometry": {"type": "LineString", "coordinates": [[127.1642742, 37.4398033], [127.1648152, 37.4394104]]}, "properties": {"id": "sangdaewon3-impassable-102", "dong": "상대원3동", "source_pdf": "상대원3동.pdf", "source_page": 1, "reason": "소방차 진입곤란 지정", "note": "", "stroke_width_pt": 4.25, "georef_median_error_m": 1.61, "georef_p90_error_m": 3.36, "georef_inliers": 198, "sheet_count": 2}}, {"type": "Feature", "geometry": {"type": "LineString", "coordinates": [[127.1620479, 37.4377801], [127.1622725, 37.4376327], [127.1623993, 37.4375435], [127.1625749, 37.4374187]]}, "properties": {"id": "sangdaewon3-impassable-103", "dong": "상대원3동", "source_pdf": "상대원3동.pdf", "source_page": 1, "reason": "소방차 진입곤란 지정", "note": "", "stroke_width_pt": 4.25, "georef_median_error_m": 1.61, "georef_p90_error_m": 3.36, "georef_inliers": 198, "sheet_count": 3}}, {"type": "Feature", "geometry": {"type": "LineString", "coordinates": [[127.1638989, 37.4403448], [127.1639546, 37.4403066], [127.164089, 37.4402144], [127.1642323, 37.4401161], [127.1643335, 37.4400423]]}, "properties": {"id": "sangdaewon3-impassable-104", "dong": "상대원3동", "source_pdf": "상대원3동.pdf", "source_page": 1, "reason": "소방차 진입곤란 지정", "note": "", "stroke_width_pt": 4.25, "georef_median_error_m": 1.61, "georef_p90_error_m": 3.36, "georef_inliers": 198, "sheet_count": 3}}, {"type": "Feature", "geometry": {"type": "LineString", "coordinates": [[127.1641069, 37.4396521], [127.1646526, 37.4392653]]}, "properties": {"id": "sangdaewon3-impassable-105", "dong": "상대원3동", "source_pdf": "상대원3동.pdf", "source_page": 1, "reason": "소방차 진입곤란 지정", "note": "", "stroke_width_pt": 4.25, "georef_median_error_m": 1.61, "georef_p90_error_m": 3.36, "georef_inliers": 198, "sheet_count": 2}}, {"type": "Feature", "geometry": {"type": "LineString", "coordinates": [[127.1664028, 37.439322], [127.1667752, 37.4386934]]}, "properties": {"id": "sangdaewon3-impassable-106", "dong": "상대원3동", "source_pdf": "상대원3동.pdf", "source_page": 1, "reason": "소방차 진입곤란 지정", "note": "", "stroke_width_pt": 4.25, "georef_median_error_m": 1.61, "georef_p90_error_m": 3.36, "georef_inliers": 198, "sheet_count": 1}}, {"type": "Feature", "geometry": {"type": "LineString", "coordinates": [[127.1667265, 37.4402723], [127.1667912, 37.4401672], [127.1667938, 37.440163], [127.1668493, 37.4400728]]}, "properties": {"id": "sangdaewon3-impassable-107", "dong": "상대원3동", "source_pdf": "상대원3동.pdf", "source_page": 1, "reason": "소방차 진입곤란 지정", "note": "", "stroke_width_pt": 4.25, "georef_median_error_m": 1.61, "georef_p90_error_m": 3.36, "georef_inliers": 198, "sheet_count": 2}}, {"type": "Feature", "geometry": {"type": "LineString", "coordinates": [[127.1666981, 37.4403426], [127.1667011, 37.4403373]]}, "properties": {"id": "sangdaewon3-impassable-108", "dong": "상대원3동", "source_pdf": "상대원3동.pdf", "source_page": 1, "reason": "소방차 진입곤란 지정", "note": "", "stroke_width_pt": 4.25, "georef_median_error_m": 1.61, "georef_p90_error_m": 3.36, "georef_inliers": 198, "sheet_count": 2}}, {"type": "Feature", "geometry": {"type": "LineString", "coordinates": [[127.1656286, 37.4398497], [127.1657191, 37.4396888], [127.1657214, 37.4396846], [127.1658279, 37.4394953], [127.1658291, 37.4394932], [127.1659653, 37.439251], [127.165988, 37.4392338], [127.166009, 37.439218], [127.166189, 37.4389345], [127.1662199, 37.4388828], [127.1663232, 37.4387099], [127.1664071, 37.4385724]]}, "properties": {"id": "sangdaewon3-impassable-109", "dong": "상대원3동", "source_pdf": "상대원3동.pdf", "source_page": 1, "reason": "소방차 진입곤란 지정", "note": "", "stroke_width_pt": 4.25, "georef_median_error_m": 1.61, "georef_p90_error_m": 3.36, "georef_inliers": 198, "sheet_count": 1}}, {"type": "Feature", "geometry": {"type": "LineString", "coordinates": [[127.1653579, 37.4403436], [127.1653595, 37.4403409], [127.165362, 37.4403369], [127.1656013, 37.4399397]]}, "properties": {"id": "sangdaewon3-impassable-110", "dong": "상대원3동", "source_pdf": "상대원3동.pdf", "source_page": 1, "reason": "소방차 진입곤란 지정", "note": "", "stroke_width_pt": 4.25, "georef_median_error_m": 1.61, "georef_p90_error_m": 3.36, "georef_inliers": 198, "sheet_count": 2}}, {"type": "Feature", "geometry": {"type": "LineString", "coordinates": [[127.1662382, 37.440343], [127.1663099, 37.4402186]]}, "properties": {"id": "sangdaewon3-impassable-111", "dong": "상대원3동", "source_pdf": "상대원3동.pdf", "source_page": 1, "reason": "소방차 진입곤란 지정", "note": "", "stroke_width_pt": 4.25, "georef_median_error_m": 1.61, "georef_p90_error_m": 3.36, "georef_inliers": 198, "sheet_count": 2}}, {"type": "Feature", "geometry": {"type": "LineString", "coordinates": [[127.1667567, 37.4394692], [127.1668484, 37.4393207]]}, "properties": {"id": "sangdaewon3-impassable-112", "dong": "상대원3동", "source_pdf": "상대원3동.pdf", "source_page": 1, "reason": "소방차 진입곤란 지정", "note": "", "stroke_width_pt": 4.25, "georef_median_error_m": 1.61, "georef_p90_error_m": 3.36, "georef_inliers": 198, "sheet_count": 1}}, {"type": "Feature", "geometry": {"type": "LineString", "coordinates": [[127.1660064, 37.4399855], [127.1660885, 37.4398388], [127.1661832, 37.4396821], [127.1663343, 37.4394181]]}, "properties": {"id": "sangdaewon3-impassable-113", "dong": "상대원3동", "source_pdf": "상대원3동.pdf", "source_page": 1, "reason": "소방차 진입곤란 지정", "note": "", "stroke_width_pt": 4.25, "georef_median_error_m": 1.61, "georef_p90_error_m": 3.36, "georef_inliers": 198, "sheet_count": 2}}, {"type": "Feature", "geometry": {"type": "LineString", "coordinates": [[127.1663625, 37.4401137], [127.1666984, 37.4395639]]}, "properties": {"id": "sangdaewon3-impassable-114", "dong": "상대원3동", "source_pdf": "상대원3동.pdf", "source_page": 1, "reason": "소방차 진입곤란 지정", "note": "", "stroke_width_pt": 4.25, "georef_median_error_m": 1.61, "georef_p90_error_m": 3.36, "georef_inliers": 198, "sheet_count": 2}}, {"type": "Feature", "geometry": {"type": "LineString", "coordinates": [[127.1658749, 37.439517], [127.1659495, 37.4395478], [127.1661356, 37.4396151]]}, "properties": {"id": "sangdaewon3-impassable-115", "dong": "상대원3동", "source_pdf": "상대원3동.pdf", "source_page": 1, "reason": "소방차 진입곤란 지정", "note": "", "stroke_width_pt": 4.25, "georef_median_error_m": 1.61, "georef_p90_error_m": 3.36, "georef_inliers": 198, "sheet_count": 2}}, {"type": "Feature", "geometry": {"type": "LineString", "coordinates": [[127.1657619, 37.4397078], [127.1659534, 37.4397886], [127.1660286, 37.4398154]]}, "properties": {"id": "sangdaewon3-impassable-116", "dong": "상대원3동", "source_pdf": "상대원3동.pdf", "source_page": 1, "reason": "소방차 진입곤란 지정", "note": "", "stroke_width_pt": 4.25, "georef_median_error_m": 1.61, "georef_p90_error_m": 3.36, "georef_inliers": 198, "sheet_count": 2}}, {"type": "Feature", "geometry": {"type": "LineString", "coordinates": [[127.1668241, 37.4401746], [127.1668495, 37.4401846]]}, "properties": {"id": "sangdaewon3-impassable-117", "dong": "상대원3동", "source_pdf": "상대원3동.pdf", "source_page": 1, "reason": "소방차 진입곤란 지정", "note": "", "stroke_width_pt": 4.25, "georef_median_error_m": 1.61, "georef_p90_error_m": 3.36, "georef_inliers": 198, "sheet_count": 2}}, {"type": "Feature", "geometry": {"type": "LineString", "coordinates": [[127.1657768, 37.4403433], [127.1659324, 37.4400878]]}, "properties": {"id": "sangdaewon3-impassable-118", "dong": "상대원3동", "source_pdf": "상대원3동.pdf", "source_page": 1, "reason": "소방차 진입곤란 지정", "note": "", "stroke_width_pt": 4.25, "georef_median_error_m": 1.61, "georef_p90_error_m": 3.36, "georef_inliers": 198, "sheet_count": 2}}, {"type": "Feature", "geometry": {"type": "LineString", "coordinates": [[127.1605484, 37.4358178], [127.1605052, 37.4358296], [127.1603226, 37.4356664], [127.1601067, 37.4354636], [127.1600576, 37.4354176]]}, "properties": {"id": "sangdaewon3-impassable-119", "dong": "상대원3동", "source_pdf": "상대원3동.pdf", "source_page": 1, "reason": "소방차 진입곤란 지정", "note": "", "stroke_width_pt": 4.25, "georef_median_error_m": 1.61, "georef_p90_error_m": 3.36, "georef_inliers": 198, "sheet_count": 3}}, {"type": "Feature", "geometry": {"type": "LineString", "coordinates": [[127.1604384, 37.4354502], [127.1602976, 37.4352957], [127.1600572, 37.4350811]]}, "properties": {"id": "sangdaewon3-impassable-120", "dong": "상대원3동", "source_pdf": "상대원3동.pdf", "source_page": 1, "reason": "소방차 진입곤란 지정", "note": "", "stroke_width_pt": 4.25, "georef_median_error_m": 1.61, "georef_p90_error_m": 3.36, "georef_inliers": 198, "sheet_count": 3}}, {"type": "Feature", "geometry": {"type": "LineString", "coordinates": [[127.1602928, 37.4361807], [127.1604281, 37.4360703], [127.1604241, 37.4360452], [127.16016, 37.4358123], [127.160058, 37.4357194]]}, "properties": {"id": "sangdaewon3-impassable-121", "dong": "상대원3동", "source_pdf": "상대원3동.pdf", "source_page": 1, "reason": "소방차 진입곤란 지정", "note": "", "stroke_width_pt": 4.25, "georef_median_error_m": 1.61, "georef_p90_error_m": 3.36, "georef_inliers": 198, "sheet_count": 3}}, {"type": "Feature", "geometry": {"type": "LineString", "coordinates": [[127.1603363, 37.4349815], [127.1602529, 37.4350028], [127.1601671, 37.4350487]]}, "properties": {"id": "sangdaewon3-impassable-122", "dong": "상대원3동", "source_pdf": "상대원3동.pdf", "source_page": 1, "reason": "소방차 진입곤란 지정", "note": "", "stroke_width_pt": 4.25, "georef_median_error_m": 1.61, "georef_p90_error_m": 3.36, "georef_inliers": 198, "sheet_count": 3}}, {"type": "Feature", "geometry": {"type": "LineString", "coordinates": [[127.1604177, 37.4362952], [127.1605254, 37.4362223], [127.160645, 37.4361971]]}, "properties": {"id": "sangdaewon3-impassable-123", "dong": "상대원3동", "source_pdf": "상대원3동.pdf", "source_page": 1, "reason": "소방차 진입곤란 지정", "note": "", "stroke_width_pt": 4.25, "georef_median_error_m": 1.61, "georef_p90_error_m": 3.36, "georef_inliers": 198, "sheet_count": 3}}, {"type": "Feature", "geometry": {"type": "LineString", "coordinates": [[127.1623974, 37.434287], [127.1624185, 37.4351133]]}, "properties": {"id": "sangdaewon3-impassable-124", "dong": "상대원3동", "source_pdf": "상대원3동.pdf", "source_page": 1, "reason": "소방차 진입곤란 지정", "note": "", "stroke_width_pt": 4.25, "georef_median_error_m": 1.61, "georef_p90_error_m": 3.36, "georef_inliers": 198, "sheet_count": 3}}, {"type": "Feature", "geometry": {"type": "LineString", "coordinates": [[127.1609463, 37.4343156], [127.1609901, 37.4349044]]}, "properties": {"id": "sangdaewon3-impassable-125", "dong": "상대원3동", "source_pdf": "상대원3동.pdf", "source_page": 1, "reason": "소방차 진입곤란 지정", "note": "", "stroke_width_pt": 4.25, "georef_median_error_m": 1.61, "georef_p90_error_m": 3.36, "georef_inliers": 198, "sheet_count": 3}}, {"type": "Feature", "geometry": {"type": "LineString", "coordinates": [[127.161999, 37.4342916], [127.162015, 37.4351054]]}, "properties": {"id": "sangdaewon3-impassable-126", "dong": "상대원3동", "source_pdf": "상대원3동.pdf", "source_page": 1, "reason": "소방차 진입곤란 지정", "note": "", "stroke_width_pt": 4.25, "georef_median_error_m": 1.61, "georef_p90_error_m": 3.36, "georef_inliers": 198, "sheet_count": 3}}, {"type": "Feature", "geometry": {"type": "LineString", "coordinates": [[127.1633131, 37.435226], [127.1633297, 37.4358518]]}, "properties": {"id": "sangdaewon3-impassable-127", "dong": "상대원3동", "source_pdf": "상대원3동.pdf", "source_page": 1, "reason": "소방차 진입곤란 지정", "note": "", "stroke_width_pt": 4.25, "georef_median_error_m": 1.61, "georef_p90_error_m": 3.36, "georef_inliers": 198, "sheet_count": 2}}, {"type": "Feature", "geometry": {"type": "LineString", "coordinates": [[127.1620203, 37.4352536], [127.1620364, 37.4358819]]}, "properties": {"id": "sangdaewon3-impassable-128", "dong": "상대원3동", "source_pdf": "상대원3동.pdf", "source_page": 1, "reason": "소방차 진입곤란 지정", "note": "", "stroke_width_pt": 4.25, "georef_median_error_m": 1.61, "georef_p90_error_m": 3.36, "georef_inliers": 198, "sheet_count": 3}}, {"type": "Feature", "geometry": {"type": "LineString", "coordinates": [[127.1611627, 37.4360255], [127.1611996, 37.4366822]]}, "properties": {"id": "sangdaewon3-impassable-129", "dong": "상대원3동", "source_pdf": "상대원3동.pdf", "source_page": 1, "reason": "소방차 진입곤란 지정", "note": "", "stroke_width_pt": 4.25, "georef_median_error_m": 1.61, "georef_p90_error_m": 3.36, "georef_inliers": 198, "sheet_count": 3}}, {"type": "Feature", "geometry": {"type": "LineString", "coordinates": [[127.1620417, 37.4360234], [127.1620543, 37.436553]]}, "properties": {"id": "sangdaewon3-impassable-130", "dong": "상대원3동", "source_pdf": "상대원3동.pdf", "source_page": 1, "reason": "소방차 진입곤란 지정", "note": "", "stroke_width_pt": 4.25, "georef_median_error_m": 1.61, "georef_p90_error_m": 3.36, "georef_inliers": 198, "sheet_count": 3}}, {"type": "Feature", "geometry": {"type": "LineString", "coordinates": [[127.1624637, 37.4366917], [127.1624808, 37.4372601]]}, "properties": {"id": "sangdaewon3-impassable-131", "dong": "상대원3동", "source_pdf": "상대원3동.pdf", "source_page": 1, "reason": "소방차 진입곤란 지정", "note": "", "stroke_width_pt": 4.25, "georef_median_error_m": 1.61, "georef_p90_error_m": 3.36, "georef_inliers": 198, "sheet_count": 3}}, {"type": "Feature", "geometry": {"type": "LineString", "coordinates": [[127.1611284, 37.4350963], [127.1611363, 37.4354376], [127.1611525, 37.4358839]]}, "properties": {"id": "sangdaewon3-impassable-132", "dong": "상대원3동", "source_pdf": "상대원3동.pdf", "source_page": 1, "reason": "소방차 진입곤란 지정", "note": "", "stroke_width_pt": 4.25, "georef_median_error_m": 1.61, "georef_p90_error_m": 3.36, "georef_inliers": 198, "sheet_count": 3}}, {"type": "Feature", "geometry": {"type": "LineString", "coordinates": [[127.1603014, 37.4342144], [127.1602734, 37.4335753]]}, "properties": {"id": "sangdaewon3-impassable-133", "dong": "상대원3동", "source_pdf": "상대원3동.pdf", "source_page": 1, "reason": "소방차 진입곤란 지정", "note": "", "stroke_width_pt": 4.25, "georef_median_error_m": 1.61, "georef_p90_error_m": 3.36, "georef_inliers": 198, "sheet_count": 3}}, {"type": "Feature", "geometry": {"type": "LineString", "coordinates": [[127.1641864, 37.434533], [127.1639945, 37.4345331], [127.1639689, 37.4345612], [127.1639401, 37.434651], [127.1637696, 37.4349206], [127.1637736, 37.4351029]]}, "properties": {"id": "sangdaewon3-impassable-134", "dong": "상대원3동", "source_pdf": "상대원3동.pdf", "source_page": 1, "reason": "소방차 진입곤란 지정", "note": "", "stroke_width_pt": 4.25, "georef_median_error_m": 1.61, "georef_p90_error_m": 3.36, "georef_inliers": 198, "sheet_count": 1}}, {"type": "Feature", "geometry": {"type": "LineString", "coordinates": [[127.165379, 37.4352064], [127.1653952, 37.4358237]]}, "properties": {"id": "sangdaewon3-impassable-135", "dong": "상대원3동", "source_pdf": "상대원3동.pdf", "source_page": 1, "reason": "소방차 진입곤란 지정", "note": "", "stroke_width_pt": 4.25, "georef_median_error_m": 1.61, "georef_p90_error_m": 3.36, "georef_inliers": 198, "sheet_count": 2}}, {"type": "Feature", "geometry": {"type": "LineString", "coordinates": [[127.164838, 37.435207], [127.1648589, 37.4358338]]}, "properties": {"id": "sangdaewon3-impassable-136", "dong": "상대원3동", "source_pdf": "상대원3동.pdf", "source_page": 1, "reason": "소방차 진입곤란 지정", "note": "", "stroke_width_pt": 4.25, "georef_median_error_m": 1.61, "georef_p90_error_m": 3.36, "georef_inliers": 198, "sheet_count": 2}}, {"type": "Feature", "geometry": {"type": "LineString", "coordinates": [[127.1660461, 37.4370736], [127.1660773, 37.4370181], [127.1662347, 37.4367648], [127.1662559, 37.4367242]]}, "properties": {"id": "sangdaewon3-impassable-137", "dong": "상대원3동", "source_pdf": "상대원3동.pdf", "source_page": 1, "reason": "소방차 진입곤란 지정", "note": "", "stroke_width_pt": 4.25, "georef_median_error_m": 1.61, "georef_p90_error_m": 3.36, "georef_inliers": 198, "sheet_count": 2}}, {"type": "Feature", "geometry": {"type": "LineString", "coordinates": [[127.166664, 37.436872], [127.1664859, 37.4371674], [127.1664859, 37.4371696]]}, "properties": {"id": "sangdaewon3-impassable-138", "dong": "상대원3동", "source_pdf": "상대원3동.pdf", "source_page": 1, "reason": "소방차 진입곤란 지정", "note": "", "stroke_width_pt": 4.25, "georef_median_error_m": 1.61, "georef_p90_error_m": 3.36, "georef_inliers": 198, "sheet_count": 2}}, {"type": "Feature", "geometry": {"type": "LineString", "coordinates": [[127.1664641, 37.4367919], [127.1662917, 37.4370839], [127.1663, 37.4370759]]}, "properties": {"id": "sangdaewon3-impassable-139", "dong": "상대원3동", "source_pdf": "상대원3동.pdf", "source_page": 1, "reason": "소방차 진입곤란 지정", "note": "", "stroke_width_pt": 4.25, "georef_median_error_m": 1.61, "georef_p90_error_m": 3.36, "georef_inliers": 198, "sheet_count": 2}}, {"type": "Feature", "geometry": {"type": "LineString", "coordinates": [[127.166876, 37.4369524], [127.1666976, 37.4372547]]}, "properties": {"id": "sangdaewon3-impassable-140", "dong": "상대원3동", "source_pdf": "상대원3동.pdf", "source_page": 1, "reason": "소방차 진입곤란 지정", "note": "", "stroke_width_pt": 4.25, "georef_median_error_m": 1.61, "georef_p90_error_m": 3.36, "georef_inliers": 198, "sheet_count": 2}}, {"type": "Feature", "geometry": {"type": "LineString", "coordinates": [[127.1661115, 37.4373821], [127.1662803, 37.4371007]]}, "properties": {"id": "sangdaewon3-impassable-141", "dong": "상대원3동", "source_pdf": "상대원3동.pdf", "source_page": 1, "reason": "소방차 진입곤란 지정", "note": "", "stroke_width_pt": 4.25, "georef_median_error_m": 1.61, "georef_p90_error_m": 3.36, "georef_inliers": 198, "sheet_count": 2}}, {"type": "Feature", "geometry": {"type": "LineString", "coordinates": [[127.1662782, 37.4375273], [127.1664771, 37.4371859]]}, "properties": {"id": "sangdaewon3-impassable-142", "dong": "상대원3동", "source_pdf": "상대원3동.pdf", "source_page": 1, "reason": "소방차 진입곤란 지정", "note": "", "stroke_width_pt": 4.25, "georef_median_error_m": 1.61, "georef_p90_error_m": 3.36, "georef_inliers": 198, "sheet_count": 2}}, {"type": "Feature", "geometry": {"type": "LineString", "coordinates": [[127.1664735, 37.4376377], [127.1666913, 37.4372679]]}, "properties": {"id": "sangdaewon3-impassable-143", "dong": "상대원3동", "source_pdf": "상대원3동.pdf", "source_page": 1, "reason": "소방차 진입곤란 지정", "note": "", "stroke_width_pt": 4.25, "georef_median_error_m": 1.61, "georef_p90_error_m": 3.36, "georef_inliers": 198, "sheet_count": 2}}, {"type": "Feature", "geometry": {"type": "LineString", "coordinates": [[127.1667098, 37.4376833], [127.1668462, 37.4374469]]}, "properties": {"id": "sangdaewon3-impassable-144", "dong": "상대원3동", "source_pdf": "상대원3동.pdf", "source_page": 1, "reason": "소방차 진입곤란 지정", "note": "", "stroke_width_pt": 4.25, "georef_median_error_m": 1.61, "georef_p90_error_m": 3.36, "georef_inliers": 198, "sheet_count": 2}}, {"type": "Feature", "geometry": {"type": "LineString", "coordinates": [[127.165731, 37.4387016], [127.1654185, 37.4387044]]}, "properties": {"id": "sangdaewon3-impassable-145", "dong": "상대원3동", "source_pdf": "상대원3동.pdf", "source_page": 1, "reason": "소방차 진입곤란 지정", "note": "", "stroke_width_pt": 4.25, "georef_median_error_m": 1.61, "georef_p90_error_m": 3.36, "georef_inliers": 198, "sheet_count": 2}}, {"type": "Feature", "geometry": {"type": "LineString", "coordinates": [[127.1658505, 37.4384947], [127.1652742, 37.4385063]]}, "properties": {"id": "sangdaewon3-impassable-146", "dong": "상대원3동", "source_pdf": "상대원3동.pdf", "source_page": 1, "reason": "소방차 진입곤란 지정", "note": "", "stroke_width_pt": 4.25, "georef_median_error_m": 1.61, "georef_p90_error_m": 3.36, "georef_inliers": 198, "sheet_count": 2}}, {"type": "Feature", "geometry": {"type": "LineString", "coordinates": [[127.1659341, 37.4379021], [127.1657806, 37.4379072], [127.1657505, 37.4379077], [127.1655216, 37.4379114], [127.1653796, 37.4379137], [127.1652831, 37.4379152], [127.1650857, 37.4379183], [127.1648644, 37.4379185]]}, "properties": {"id": "sangdaewon3-impassable-147", "dong": "상대원3동", "source_pdf": "상대원3동.pdf", "source_page": 1, "reason": "소방차 진입곤란 지정", "note": "", "stroke_width_pt": 4.25, "georef_median_error_m": 1.61, "georef_p90_error_m": 3.36, "georef_inliers": 198, "sheet_count": 2}}, {"type": "Feature", "geometry": {"type": "LineString", "coordinates": [[127.1659374, 37.4382978], [127.1651404, 37.4383029]]}, "properties": {"id": "sangdaewon3-impassable-148", "dong": "상대원3동", "source_pdf": "상대원3동.pdf", "source_page": 1, "reason": "소방차 진입곤란 지정", "note": "", "stroke_width_pt": 4.25, "georef_median_error_m": 1.61, "georef_p90_error_m": 3.36, "georef_inliers": 198, "sheet_count": 2}}, {"type": "Feature", "geometry": {"type": "LineString", "coordinates": [[127.1659189, 37.4380966], [127.1649897, 37.4381085]]}, "properties": {"id": "sangdaewon3-impassable-149", "dong": "상대원3동", "source_pdf": "상대원3동.pdf", "source_page": 1, "reason": "소방차 진입곤란 지정", "note": "", "stroke_width_pt": 4.25, "georef_median_error_m": 1.61, "georef_p90_error_m": 3.36, "georef_inliers": 198, "sheet_count": 2}}, {"type": "Feature", "geometry": {"type": "LineString", "coordinates": [[127.1652689, 37.4373486], [127.165272, 37.4375104], [127.1652735, 37.4375647], [127.1652776, 37.4377148], [127.1652826, 37.4378592]]}, "properties": {"id": "sangdaewon3-impassable-150", "dong": "상대원3동", "source_pdf": "상대원3동.pdf", "source_page": 1, "reason": "소방차 진입곤란 지정", "note": "", "stroke_width_pt": 4.25, "georef_median_error_m": 1.61, "georef_p90_error_m": 3.36, "georef_inliers": 198, "sheet_count": 2}}, {"type": "Feature", "geometry": {"type": "LineString", "coordinates": [[127.1657404, 37.4373343], [127.1657499, 37.4378646]]}, "properties": {"id": "sangdaewon3-impassable-151", "dong": "상대원3동", "source_pdf": "상대원3동.pdf", "source_page": 1, "reason": "소방차 진입곤란 지정", "note": "", "stroke_width_pt": 4.25, "georef_median_error_m": 1.61, "georef_p90_error_m": 3.36, "georef_inliers": 198, "sheet_count": 2}}, {"type": "Feature", "geometry": {"type": "LineString", "coordinates": [[127.1645645, 37.4375207], [127.1652167, 37.4375102]]}, "properties": {"id": "sangdaewon3-impassable-152", "dong": "상대원3동", "source_pdf": "상대원3동.pdf", "source_page": 1, "reason": "소방차 진입곤란 지정", "note": "", "stroke_width_pt": 4.25, "georef_median_error_m": 1.61, "georef_p90_error_m": 3.36, "georef_inliers": 198, "sheet_count": 2}}, {"type": "Feature", "geometry": {"type": "LineString", "coordinates": [[127.1613263, 37.4394196], [127.1600789, 37.440359]]}, "properties": {"id": "sangdaewon3-impassable-153", "dong": "상대원3동", "source_pdf": "상대원3동.pdf", "source_page": 1, "reason": "소방차 진입곤란 지정", "note": "", "stroke_width_pt": 4.25, "georef_median_error_m": 1.61, "georef_p90_error_m": 3.36, "georef_inliers": 198, "sheet_count": 3}}, {"type": "Feature", "geometry": {"type": "LineString", "coordinates": [[127.1607621, 37.4403471], [127.1600579, 37.4397103]]}, "properties": {"id": "sangdaewon3-impassable-154", "dong": "상대원3동", "source_pdf": "상대원3동.pdf", "source_page": 1, "reason": "소방차 진입곤란 지정", "note": "", "stroke_width_pt": 4.25, "georef_median_error_m": 1.61, "georef_p90_error_m": 3.36, "georef_inliers": 198, "sheet_count": 4}}, {"type": "Feature", "geometry": {"type": "LineString", "coordinates": [[127.1615822, 37.44037], [127.1600128, 37.4389466]]}, "properties": {"id": "sangdaewon3-impassable-155", "dong": "상대원3동", "source_pdf": "상대원3동.pdf", "source_page": 1, "reason": "소방차 진입곤란 지정", "note": "", "stroke_width_pt": 4.25, "georef_median_error_m": 1.61, "georef_p90_error_m": 3.36, "georef_inliers": 198, "sheet_count": 4}}, {"type": "Feature", "geometry": {"type": "LineString", "coordinates": [[127.1604188, 37.4385867], [127.1600262, 37.4388675]]}, "properties": {"id": "sangdaewon3-impassable-156", "dong": "상대원3동", "source_pdf": "상대원3동.pdf", "source_page": 1, "reason": "소방차 진입곤란 지정", "note": "", "stroke_width_pt": 4.25, "georef_median_error_m": 1.61, "georef_p90_error_m": 3.36, "georef_inliers": 198, "sheet_count": 3}}, {"type": "Feature", "geometry": {"type": "LineString", "coordinates": [[127.1606344, 37.4360259], [127.1604562, 37.436064]]}, "properties": {"id": "sangdaewon3-impassable-157", "dong": "상대원3동", "source_pdf": "상대원3동.pdf", "source_page": 1, "reason": "소방차 진입곤란 지정", "note": "", "stroke_width_pt": 4.25, "georef_median_error_m": 1.61, "georef_p90_error_m": 3.36, "georef_inliers": 198, "sheet_count": 2}}, {"type": "Feature", "geometry": {"type": "LineString", "coordinates": [[127.1604757, 37.4358358], [127.1603287, 37.4359317]]}, "properties": {"id": "sangdaewon3-impassable-158", "dong": "상대원3동", "source_pdf": "상대원3동.pdf", "source_page": 1, "reason": "소방차 진입곤란 지정", "note": "", "stroke_width_pt": 4.25, "georef_median_error_m": 1.61, "georef_p90_error_m": 3.36, "georef_inliers": 198, "sheet_count": 2}}, {"type": "Feature", "geometry": {"type": "LineString", "coordinates": [[127.1604648, 37.4355119], [127.1603098, 37.4356116]]}, "properties": {"id": "sangdaewon3-impassable-159", "dong": "상대원3동", "source_pdf": "상대원3동.pdf", "source_page": 1, "reason": "소방차 진입곤란 지정", "note": "", "stroke_width_pt": 4.25, "georef_median_error_m": 1.61, "georef_p90_error_m": 3.36, "georef_inliers": 198, "sheet_count": 2}}, {"type": "Feature", "geometry": {"type": "LineString", "coordinates": [[127.1603415, 37.4347255], [127.1603062, 37.4343261]]}, "properties": {"id": "sangdaewon3-impassable-160", "dong": "상대원3동", "source_pdf": "상대원3동.pdf", "source_page": 1, "reason": "소방차 진입곤란 지정", "note": "", "stroke_width_pt": 4.25, "georef_median_error_m": 1.61, "georef_p90_error_m": 3.36, "georef_inliers": 198, "sheet_count": 1}}, {"type": "Feature", "geometry": {"type": "LineString", "coordinates": [[127.1600426, 37.43436], [127.1601495, 37.434307]]}, "properties": {"id": "sangdaewon3-impassable-161", "dong": "상대원3동", "source_pdf": "상대원3동.pdf", "source_page": 1, "reason": "소방차 진입곤란 지정", "note": "", "stroke_width_pt": 4.25, "georef_median_error_m": 1.61, "georef_p90_error_m": 3.36, "georef_inliers": 198, "sheet_count": 2}}, {"type": "Feature", "geometry": {"type": "LineString", "coordinates": [[127.1600734, 37.4348434], [127.1600393, 37.4348009]]}, "properties": {"id": "sangdaewon3-impassable-162", "dong": "상대원3동", "source_pdf": "상대원3동.pdf", "source_page": 1, "reason": "소방차 진입곤란 지정", "note": "", "stroke_width_pt": 4.25, "georef_median_error_m": 1.61, "georef_p90_error_m": 3.36, "georef_inliers": 198, "sheet_count": 2}}, {"type": "Feature", "geometry": {"type": "LineString", "coordinates": [[127.1668475, 37.4400724], [127.1670912, 37.4396769], [127.1671005, 37.4396618], [127.1671481, 37.4395854], [127.1675136, 37.4389972]]}, "properties": {"id": "sangdaewon3-impassable-163", "dong": "상대원3동", "source_pdf": "상대원3동.pdf", "source_page": 1, "reason": "소방차 진입곤란 지정", "note": "지도상 미확인", "stroke_width_pt": 4.25, "georef_median_error_m": 1.61, "georef_p90_error_m": 3.36, "georef_inliers": 198, "sheet_count": 2}}, {"type": "Feature", "geometry": {"type": "LineString", "coordinates": [[127.1668466, 37.4393203], [127.1671299, 37.4388627]]}, "properties": {"id": "sangdaewon3-impassable-164", "dong": "상대원3동", "source_pdf": "상대원3동.pdf", "source_page": 1, "reason": "소방차 진입곤란 지정", "note": "", "stroke_width_pt": 4.25, "georef_median_error_m": 1.61, "georef_p90_error_m": 3.36, "georef_inliers": 198, "sheet_count": 1}}, {"type": "Feature", "geometry": {"type": "LineString", "coordinates": [[127.1668476, 37.4401842], [127.1669747, 37.4402332]]}, "properties": {"id": "sangdaewon3-impassable-165", "dong": "상대원3동", "source_pdf": "상대원3동.pdf", "source_page": 1, "reason": "소방차 진입곤란 지정", "note": "", "stroke_width_pt": 4.25, "georef_median_error_m": 1.61, "georef_p90_error_m": 3.36, "georef_inliers": 198, "sheet_count": 2}}, {"type": "Feature", "geometry": {"type": "LineString", "coordinates": [[127.1668443, 37.4374465], [127.1669057, 37.4373412]]}, "properties": {"id": "sangdaewon3-impassable-166", "dong": "상대원3동", "source_pdf": "상대원3동.pdf", "source_page": 1, "reason": "소방차 진입곤란 지정", "note": "", "stroke_width_pt": 4.25, "georef_median_error_m": 1.61, "georef_p90_error_m": 3.36, "georef_inliers": 198, "sheet_count": 2}}, {"type": "Feature", "geometry": {"type": "LineString", "coordinates": [[127.1670983, 37.437016], [127.1669267, 37.4373089]]}, "properties": {"id": "sangdaewon3-impassable-167", "dong": "상대원3동", "source_pdf": "상대원3동.pdf", "source_page": 1, "reason": "소방차 진입곤란 지정", "note": "", "stroke_width_pt": 4.25, "georef_median_error_m": 1.61, "georef_p90_error_m": 3.36, "georef_inliers": 198, "sheet_count": 2}}, {"type": "Feature", "geometry": {"type": "LineString", "coordinates": [[127.1668862, 37.4369267], [127.1668298, 37.4370253]]}, "properties": {"id": "sangdaewon3-impassable-168", "dong": "상대원3동", "source_pdf": "상대원3동.pdf", "source_page": 1, "reason": "소방차 진입곤란 지정", "note": "", "stroke_width_pt": 4.25, "georef_median_error_m": 1.61, "georef_p90_error_m": 3.36, "georef_inliers": 198, "sheet_count": 2}}, {"type": "Feature", "geometry": {"type": "LineString", "coordinates": [[127.1553301, 37.4403511], [127.1553849, 37.4403751], [127.1553895, 37.4403771], [127.1553989, 37.4403813], [127.1555653, 37.4404549], [127.1555721, 37.4404578], [127.1555821, 37.4404621], [127.1557406, 37.4405289], [127.1557503, 37.440533], [127.1557528, 37.4405341], [127.1559005, 37.4405986], [127.1559113, 37.4406033], [127.1560598, 37.4406681], [127.1560657, 37.4406707], [127.156235, 37.4407447], [127.1562377, 37.4407458], [127.1562415, 37.4407475], [127.1564082, 37.4408197], [127.1564117, 37.4408212], [127.156413, 37.4408217], [127.156573, 37.4408917], [127.1565765, 37.4408932], [127.1565773, 37.4408935], [127.1567384, 37.4409631], [127.156743, 37.4409651], [127.1567436, 37.4409653], [127.1568982, 37.4410358]]}, "properties": {"id": "sangdaewon3-impassable-169", "dong": "상대원3동", "source_pdf": "상대원3동.pdf", "source_page": 1, "reason": "소방차 진입곤란 지정", "note": "", "stroke_width_pt": 4.25, "georef_median_error_m": 1.61, "georef_p90_error_m": 3.36, "georef_inliers": 198, "sheet_count": 1}}, {"type": "Feature", "geometry": {"type": "LineString", "coordinates": [[127.1645576, 37.4406273], [127.1642342, 37.4403452]]}, "properties": {"id": "sangdaewon3-impassable-171", "dong": "상대원3동", "source_pdf": "상대원3동.pdf", "source_page": 1, "reason": "소방차 진입곤란 지정", "note": "", "stroke_width_pt": 4.25, "georef_median_error_m": 1.61, "georef_p90_error_m": 3.36, "georef_inliers": 198, "sheet_count": 2}}, {"type": "Feature", "geometry": {"type": "LineString", "coordinates": [[127.164469, 37.4407798], [127.1639919, 37.4403453]]}, "properties": {"id": "sangdaewon3-impassable-172", "dong": "상대원3동", "source_pdf": "상대원3동.pdf", "source_page": 1, "reason": "소방차 진입곤란 지정", "note": "", "stroke_width_pt": 4.25, "georef_median_error_m": 1.61, "georef_p90_error_m": 3.36, "georef_inliers": 198, "sheet_count": 2}}, {"type": "Feature", "geometry": {"type": "LineString", "coordinates": [[127.1618848, 37.4415334], [127.1614813, 37.4421926]]}, "properties": {"id": "sangdaewon3-impassable-173", "dong": "상대원3동", "source_pdf": "상대원3동.pdf", "source_page": 1, "reason": "소방차 진입곤란 지정", "note": "", "stroke_width_pt": 4.25, "georef_median_error_m": 1.61, "georef_p90_error_m": 3.36, "georef_inliers": 198, "sheet_count": 2}}, {"type": "Feature", "geometry": {"type": "LineString", "coordinates": [[127.1658653, 37.4425365], [127.1657182, 37.4427738], [127.1655803, 37.4429961], [127.1655611, 37.4430261], [127.1655356, 37.4430659], [127.1652152, 37.4435931], [127.1651882, 37.4436377]]}, "properties": {"id": "sangdaewon3-impassable-174", "dong": "상대원3동", "source_pdf": "상대원3동.pdf", "source_page": 1, "reason": "소방차 진입곤란 지정", "note": "", "stroke_width_pt": 4.25, "georef_median_error_m": 1.61, "georef_p90_error_m": 3.36, "georef_inliers": 198, "sheet_count": 2}}, {"type": "Feature", "geometry": {"type": "LineString", "coordinates": [[127.1649453, 37.4421879], [127.1648089, 37.4424234], [127.1648033, 37.442433], [127.164802, 37.4424353], [127.1646952, 37.4426224]]}, "properties": {"id": "sangdaewon3-impassable-175", "dong": "상대원3동", "source_pdf": "상대원3동.pdf", "source_page": 1, "reason": "소방차 진입곤란 지정", "note": "", "stroke_width_pt": 4.25, "georef_median_error_m": 1.61, "georef_p90_error_m": 3.36, "georef_inliers": 198, "sheet_count": 2}}, {"type": "Feature", "geometry": {"type": "LineString", "coordinates": [[127.1656014, 37.4413898], [127.1659131, 37.4408719]]}, "properties": {"id": "sangdaewon3-impassable-176", "dong": "상대원3동", "source_pdf": "상대원3동.pdf", "source_page": 1, "reason": "소방차 진입곤란 지정", "note": "", "stroke_width_pt": 4.25, "georef_median_error_m": 1.61, "georef_p90_error_m": 3.36, "georef_inliers": 198, "sheet_count": 2}}, {"type": "Feature", "geometry": {"type": "LineString", "coordinates": [[127.1607142, 37.4412129], [127.1606554, 37.4414789]]}, "properties": {"id": "sangdaewon3-impassable-177", "dong": "상대원3동", "source_pdf": "상대원3동.pdf", "source_page": 1, "reason": "소방차 진입곤란 지정", "note": "", "stroke_width_pt": 4.25, "georef_median_error_m": 1.61, "georef_p90_error_m": 3.36, "georef_inliers": 198, "sheet_count": 3}}, {"type": "Feature", "geometry": {"type": "LineString", "coordinates": [[127.1665158, 37.4425521], [127.1668768, 37.4419638]]}, "properties": {"id": "sangdaewon3-impassable-178", "dong": "상대원3동", "source_pdf": "상대원3동.pdf", "source_page": 1, "reason": "소방차 진입곤란 지정", "note": "", "stroke_width_pt": 4.25, "georef_median_error_m": 1.61, "georef_p90_error_m": 3.36, "georef_inliers": 198, "sheet_count": 2}}, {"type": "Feature", "geometry": {"type": "LineString", "coordinates": [[127.1663602, 37.4409151], [127.1664361, 37.440786], [127.1664381, 37.4407827], [127.1665306, 37.4406254], [127.1665312, 37.4406243], [127.1666965, 37.4403433]]}, "properties": {"id": "sangdaewon3-impassable-179", "dong": "상대원3동", "source_pdf": "상대원3동.pdf", "source_page": 1, "reason": "소방차 진입곤란 지정", "note": "", "stroke_width_pt": 4.25, "georef_median_error_m": 1.61, "georef_p90_error_m": 3.36, "georef_inliers": 198, "sheet_count": 2}}, {"type": "Feature", "geometry": {"type": "LineString", "coordinates": [[127.165985, 37.4415388], [127.1663175, 37.4409871]]}, "properties": {"id": "sangdaewon3-impassable-180", "dong": "상대원3동", "source_pdf": "상대원3동.pdf", "source_page": 1, "reason": "소방차 진입곤란 지정", "note": "", "stroke_width_pt": 4.25, "georef_median_error_m": 1.61, "georef_p90_error_m": 3.36, "georef_inliers": 198, "sheet_count": 2}}, {"type": "Feature", "geometry": {"type": "LineString", "coordinates": [[127.1656002, 37.4421905], [127.1657682, 37.4419114], [127.165945, 37.4416176]]}, "properties": {"id": "sangdaewon3-impassable-181", "dong": "상대원3동", "source_pdf": "상대원3동.pdf", "source_page": 1, "reason": "소방차 진입곤란 지정", "note": "", "stroke_width_pt": 4.25, "georef_median_error_m": 1.61, "georef_p90_error_m": 3.36, "georef_inliers": 198, "sheet_count": 2}}, {"type": "Feature", "geometry": {"type": "LineString", "coordinates": [[127.1667735, 37.4426532], [127.1668507, 37.4425277]]}, "properties": {"id": "sangdaewon3-impassable-182", "dong": "상대원3동", "source_pdf": "상대원3동.pdf", "source_page": 1, "reason": "소방차 진입곤란 지정", "note": "", "stroke_width_pt": 4.25, "georef_median_error_m": 1.61, "georef_p90_error_m": 3.36, "georef_inliers": 198, "sheet_count": 2}}, {"type": "Feature", "geometry": {"type": "LineString", "coordinates": [[127.1646454, 37.4404858], [127.1644856, 37.440345]]}, "properties": {"id": "sangdaewon3-impassable-183", "dong": "상대원3동", "source_pdf": "상대원3동.pdf", "source_page": 1, "reason": "소방차 진입곤란 지정", "note": "", "stroke_width_pt": 4.25, "georef_median_error_m": 1.61, "georef_p90_error_m": 3.36, "georef_inliers": 198, "sheet_count": 2}}, {"type": "Feature", "geometry": {"type": "LineString", "coordinates": [[127.1636119, 37.4415165], [127.1629531, 37.4419746]]}, "properties": {"id": "sangdaewon3-impassable-184", "dong": "상대원3동", "source_pdf": "상대원3동.pdf", "source_page": 1, "reason": "소방차 진입곤란 지정", "note": "", "stroke_width_pt": 4.25, "georef_median_error_m": 1.61, "georef_p90_error_m": 3.36, "georef_inliers": 198, "sheet_count": 2}}, {"type": "Feature", "geometry": {"type": "LineString", "coordinates": [[127.1607605, 37.4403478], [127.1610307, 37.4405943], [127.1610344, 37.4405959]]}, "properties": {"id": "sangdaewon3-impassable-185", "dong": "상대원3동", "source_pdf": "상대원3동.pdf", "source_page": 1, "reason": "소방차 진입곤란 지정", "note": "", "stroke_width_pt": 4.25, "georef_median_error_m": 1.61, "georef_p90_error_m": 3.36, "georef_inliers": 198, "sheet_count": 3}}, {"type": "Feature", "geometry": {"type": "LineString", "coordinates": [[127.163367, 37.4409858], [127.1636476, 37.4407914], [127.1639103, 37.4406123]]}, "properties": {"id": "sangdaewon3-impassable-186", "dong": "상대원3동", "source_pdf": "상대원3동.pdf", "source_page": 1, "reason": "소방차 진입곤란 지정", "note": "", "stroke_width_pt": 4.25, "georef_median_error_m": 1.61, "georef_p90_error_m": 3.36, "georef_inliers": 198, "sheet_count": 2}}, {"type": "Feature", "geometry": {"type": "LineString", "coordinates": [[127.1653317, 37.4420793], [127.1654991, 37.4418078], [127.1656694, 37.4415291]]}, "properties": {"id": "sangdaewon3-impassable-187", "dong": "상대원3동", "source_pdf": "상대원3동.pdf", "source_page": 1, "reason": "소방차 진입곤란 지정", "note": "", "stroke_width_pt": 4.25, "georef_median_error_m": 1.61, "georef_p90_error_m": 3.36, "georef_inliers": 198, "sheet_count": 2}}, {"type": "Feature", "geometry": {"type": "LineString", "coordinates": [[127.1649557, 37.441944], [127.1651319, 37.4416779], [127.1651367, 37.4416702], [127.1651385, 37.4416671], [127.1653026, 37.4413959]]}, "properties": {"id": "sangdaewon3-impassable-188", "dong": "상대원3동", "source_pdf": "상대원3동.pdf", "source_page": 1, "reason": "소방차 진입곤란 지정", "note": "", "stroke_width_pt": 4.25, "georef_median_error_m": 1.61, "georef_p90_error_m": 3.36, "georef_inliers": 198, "sheet_count": 2}}, {"type": "Feature", "geometry": {"type": "LineString", "coordinates": [[127.1652557, 37.4405112], [127.1653563, 37.4403443]]}, "properties": {"id": "sangdaewon3-impassable-189", "dong": "상대원3동", "source_pdf": "상대원3동.pdf", "source_page": 1, "reason": "소방차 진입곤란 지정", "note": "", "stroke_width_pt": 4.25, "georef_median_error_m": 1.61, "georef_p90_error_m": 3.36, "georef_inliers": 198, "sheet_count": 1}}, {"type": "Feature", "geometry": {"type": "LineString", "coordinates": [[127.1648646, 37.44113], [127.1651719, 37.4406214]]}, "properties": {"id": "sangdaewon3-impassable-190", "dong": "상대원3동", "source_pdf": "상대원3동.pdf", "source_page": 1, "reason": "소방차 진입곤란 지정", "note": "", "stroke_width_pt": 4.25, "georef_median_error_m": 1.61, "georef_p90_error_m": 3.36, "georef_inliers": 198, "sheet_count": 2}}, {"type": "Feature", "geometry": {"type": "LineString", "coordinates": [[127.1644855, 37.4417652], [127.1646512, 37.4414853], [127.1648094, 37.4412217]]}, "properties": {"id": "sangdaewon3-impassable-191", "dong": "상대원3동", "source_pdf": "상대원3동.pdf", "source_page": 1, "reason": "소방차 진입곤란 지정", "note": "", "stroke_width_pt": 4.25, "georef_median_error_m": 1.61, "georef_p90_error_m": 3.36, "georef_inliers": 198, "sheet_count": 2}}, {"type": "Feature", "geometry": {"type": "LineString", "coordinates": [[127.163856, 37.4420666], [127.164748, 37.4424138]]}, "properties": {"id": "sangdaewon3-impassable-192", "dong": "상대원3동", "source_pdf": "상대원3동.pdf", "source_page": 1, "reason": "소방차 진입곤란 지정", "note": "", "stroke_width_pt": 4.25, "georef_median_error_m": 1.61, "georef_p90_error_m": 3.36, "georef_inliers": 198, "sheet_count": 2}}, {"type": "Feature", "geometry": {"type": "LineString", "coordinates": [[127.161028, 37.4412231], [127.1609867, 37.4414325], [127.1610215, 37.4414763], [127.1611884, 37.4415099]]}, "properties": {"id": "sangdaewon3-impassable-193", "dong": "상대원3동", "source_pdf": "상대원3동.pdf", "source_page": 1, "reason": "소방차 진입곤란 지정", "note": "", "stroke_width_pt": 4.25, "georef_median_error_m": 1.61, "georef_p90_error_m": 3.36, "georef_inliers": 198, "sheet_count": 3}}, {"type": "Feature", "geometry": {"type": "LineString", "coordinates": [[127.1642951, 37.4413485], [127.1646107, 37.44147]]}, "properties": {"id": "sangdaewon3-impassable-194", "dong": "상대원3동", "source_pdf": "상대원3동.pdf", "source_page": 1, "reason": "소방차 진입곤란 지정", "note": "", "stroke_width_pt": 4.25, "georef_median_error_m": 1.61, "georef_p90_error_m": 3.36, "georef_inliers": 198, "sheet_count": 2}}, {"type": "Feature", "geometry": {"type": "LineString", "coordinates": [[127.1651735, 37.4416848], [127.1652487, 37.4417158], [127.1654493, 37.4417895]]}, "properties": {"id": "sangdaewon3-impassable-195", "dong": "상대원3동", "source_pdf": "상대원3동.pdf", "source_page": 1, "reason": "소방차 진입곤란 지정", "note": "", "stroke_width_pt": 4.25, "georef_median_error_m": 1.61, "georef_p90_error_m": 3.36, "georef_inliers": 198, "sheet_count": 2}}, {"type": "Feature", "geometry": {"type": "LineString", "coordinates": [[127.1655236, 37.441821], [127.1660918, 37.4420333]]}, "properties": {"id": "sangdaewon3-impassable-196", "dong": "상대원3동", "source_pdf": "상대원3동.pdf", "source_page": 1, "reason": "소방차 진입곤란 지정", "note": "", "stroke_width_pt": 4.25, "georef_median_error_m": 1.61, "georef_p90_error_m": 3.36, "georef_inliers": 198, "sheet_count": 2}}, {"type": "Feature", "geometry": {"type": "LineString", "coordinates": [[127.1659847, 37.4407651], [127.1662366, 37.4403436]]}, "properties": {"id": "sangdaewon3-impassable-197", "dong": "상대원3동", "source_pdf": "상대원3동.pdf", "source_page": 1, "reason": "소방차 진입곤란 지정", "note": "", "stroke_width_pt": 4.25, "georef_median_error_m": 1.61, "georef_p90_error_m": 3.36, "georef_inliers": 198, "sheet_count": 2}}, {"type": "Feature", "geometry": {"type": "LineString", "coordinates": [[127.1609376, 37.4411051], [127.1605103, 37.4407212]]}, "properties": {"id": "sangdaewon3-impassable-198", "dong": "상대원3동", "source_pdf": "상대원3동.pdf", "source_page": 1, "reason": "소방차 진입곤란 지정", "note": "", "stroke_width_pt": 4.25, "georef_median_error_m": 1.61, "georef_p90_error_m": 3.36, "georef_inliers": 198, "sheet_count": 3}}, {"type": "Feature", "geometry": {"type": "LineString", "coordinates": [[127.166252, 37.4424488], [127.1664939, 37.4420589], [127.1666287, 37.4418401], [127.166635, 37.4418299], [127.1668687, 37.4414464]]}, "properties": {"id": "sangdaewon3-impassable-199", "dong": "상대원3동", "source_pdf": "상대원3동.pdf", "source_page": 1, "reason": "소방차 진입곤란 지정", "note": "", "stroke_width_pt": 4.25, "georef_median_error_m": 1.61, "georef_p90_error_m": 3.36, "georef_inliers": 198, "sheet_count": 2}}, {"type": "Feature", "geometry": {"type": "LineString", "coordinates": [[127.165599, 37.4406315], [127.1657753, 37.440344]]}, "properties": {"id": "sangdaewon3-impassable-200", "dong": "상대원3동", "source_pdf": "상대원3동.pdf", "source_page": 1, "reason": "소방차 진입곤란 지정", "note": "", "stroke_width_pt": 4.25, "georef_median_error_m": 1.61, "georef_p90_error_m": 3.36, "georef_inliers": 198, "sheet_count": 2}}, {"type": "Feature", "geometry": {"type": "LineString", "coordinates": [[127.1638341, 37.4403856], [127.1638973, 37.4403454]]}, "properties": {"id": "sangdaewon3-impassable-201", "dong": "상대원3동", "source_pdf": "상대원3동.pdf", "source_page": 1, "reason": "소방차 진입곤란 지정", "note": "", "stroke_width_pt": 4.25, "georef_median_error_m": 1.61, "georef_p90_error_m": 3.36, "georef_inliers": 198, "sheet_count": 2}}, {"type": "Feature", "geometry": {"type": "LineString", "coordinates": [[127.1652383, 37.4412441], [127.1655419, 37.4407177]]}, "properties": {"id": "sangdaewon3-impassable-202", "dong": "상대원3동", "source_pdf": "상대원3동.pdf", "source_page": 1, "reason": "소방차 진입곤란 지정", "note": "", "stroke_width_pt": 4.25, "georef_median_error_m": 1.61, "georef_p90_error_m": 3.36, "georef_inliers": 198, "sheet_count": 2}}, {"type": "Feature", "geometry": {"type": "LineString", "coordinates": [[127.1600974, 37.4403483], [127.1604921, 37.4406983], [127.1604883, 37.4407009], [127.160306, 37.4408264]]}, "properties": {"id": "sangdaewon3-impassable-203", "dong": "상대원3동", "source_pdf": "상대원3동.pdf", "source_page": 1, "reason": "소방차 진입곤란 지정", "note": "", "stroke_width_pt": 4.25, "georef_median_error_m": 1.61, "georef_p90_error_m": 3.36, "georef_inliers": 198, "sheet_count": 3}}, {"type": "Feature", "geometry": {"type": "LineString", "coordinates": [[127.1619853, 37.4407353], [127.1615648, 37.4403472]]}, "properties": {"id": "sangdaewon3-impassable-204", "dong": "상대원3동", "source_pdf": "상대원3동.pdf", "source_page": 1, "reason": "소방차 진입곤란 지정", "note": "", "stroke_width_pt": 4.25, "georef_median_error_m": 1.61, "georef_p90_error_m": 3.36, "georef_inliers": 198, "sheet_count": 3}}, {"type": "Feature", "geometry": {"type": "LineString", "coordinates": [[127.1615322, 37.4410497], [127.1610594, 37.440618]]}, "properties": {"id": "sangdaewon3-impassable-205", "dong": "상대원3동", "source_pdf": "상대원3동.pdf", "source_page": 1, "reason": "소방차 진입곤란 지정", "note": "", "stroke_width_pt": 4.25, "georef_median_error_m": 1.61, "georef_p90_error_m": 3.36, "georef_inliers": 198, "sheet_count": 3}}, {"type": "Feature", "geometry": {"type": "LineString", "coordinates": [[127.1600234, 37.440396], [127.1601302, 37.4403215]]}, "properties": {"id": "sangdaewon3-impassable-206", "dong": "상대원3동", "source_pdf": "상대원3동.pdf", "source_page": 1, "reason": "소방차 진입곤란 지정", "note": "", "stroke_width_pt": 4.25, "georef_median_error_m": 1.61, "georef_p90_error_m": 3.36, "georef_inliers": 198, "sheet_count": 2}}, {"type": "Feature", "geometry": {"type": "LineString", "coordinates": [[127.1674266, 37.4426578], [127.1674788, 37.4425622], [127.1676532, 37.4422763]]}, "properties": {"id": "sangdaewon3-impassable-207", "dong": "상대원3동", "source_pdf": "상대원3동.pdf", "source_page": 1, "reason": "소방차 진입곤란 지정", "note": "지도상 미확인", "stroke_width_pt": 4.25, "georef_median_error_m": 1.61, "georef_p90_error_m": 3.36, "georef_inliers": 198, "sheet_count": 3}}, {"type": "Feature", "geometry": {"type": "LineString", "coordinates": [[127.1675601, 37.442842], [127.1677503, 37.4431872], [127.1677657, 37.4432184], [127.1677748, 37.4432368], [127.1678789, 37.4434299]]}, "properties": {"id": "sangdaewon3-impassable-208", "dong": "상대원3동", "source_pdf": "상대원3동.pdf", "source_page": 1, "reason": "소방차 진입곤란 지정", "note": "지도상 미확인", "stroke_width_pt": 4.25, "georef_median_error_m": 1.61, "georef_p90_error_m": 3.36, "georef_inliers": 198, "sheet_count": 3}}, {"type": "Feature", "geometry": {"type": "LineString", "coordinates": [[127.1674712, 37.4420652], [127.1677708, 37.4415698]]}, "properties": {"id": "sangdaewon3-impassable-209", "dong": "상대원3동", "source_pdf": "상대원3동.pdf", "source_page": 1, "reason": "소방차 진입곤란 지정", "note": "지도상 미확인", "stroke_width_pt": 4.25, "georef_median_error_m": 1.61, "georef_p90_error_m": 3.36, "georef_inliers": 198, "sheet_count": 3}}, {"type": "Feature", "geometry": {"type": "LineString", "coordinates": [[127.167045, 37.4427469], [127.1673872, 37.44218]]}, "properties": {"id": "sangdaewon3-impassable-210", "dong": "상대원3동", "source_pdf": "상대원3동.pdf", "source_page": 1, "reason": "소방차 진입곤란 지정", "note": "", "stroke_width_pt": 4.25, "georef_median_error_m": 1.61, "georef_p90_error_m": 3.36, "georef_inliers": 198, "sheet_count": 2}}, {"type": "Feature", "geometry": {"type": "LineString", "coordinates": [[127.1669019, 37.4419206], [127.1669489, 37.4418441], [127.167241, 37.4413635]]}, "properties": {"id": "sangdaewon3-impassable-211", "dong": "상대원3동", "source_pdf": "상대원3동.pdf", "source_page": 1, "reason": "소방차 진입곤란 지정", "note": "", "stroke_width_pt": 4.25, "georef_median_error_m": 1.61, "georef_p90_error_m": 3.36, "georef_inliers": 198, "sheet_count": 2}}, {"type": "Feature", "geometry": {"type": "LineString", "coordinates": [[127.1668295, 37.44204], [127.1668688, 37.4419746]]}, "properties": {"id": "sangdaewon3-impassable-212", "dong": "상대원3동", "source_pdf": "상대원3동.pdf", "source_page": 1, "reason": "소방차 진입곤란 지정", "note": "", "stroke_width_pt": 4.25, "georef_median_error_m": 1.61, "georef_p90_error_m": 3.36, "georef_inliers": 198, "sheet_count": 2}}, {"type": "Feature", "geometry": {"type": "LineString", "coordinates": [[127.1675938, 37.4432806], [127.1677648, 37.4432187], [127.1677657, 37.4432184], [127.1678873, 37.4431713], [127.1679591, 37.443145], [127.1681754, 37.4430659], [127.1683856, 37.442989], [127.1685469, 37.4429296]]}, "properties": {"id": "sangdaewon3-impassable-213", "dong": "상대원3동", "source_pdf": "상대원3동.pdf", "source_page": 1, "reason": "소방차 진입곤란 지정", "note": "지도상 미확인", "stroke_width_pt": 4.25, "georef_median_error_m": 1.61, "georef_p90_error_m": 3.36, "georef_inliers": 198, "sheet_count": 3}}, {"type": "Feature", "geometry": {"type": "LineString", "coordinates": [[127.1679657, 37.442693], [127.1680403, 37.4428238], [127.1681659, 37.4430473], [127.1681754, 37.4430659], [127.168222, 37.443158], [127.1684504, 37.4435482]]}, "properties": {"id": "sangdaewon3-impassable-214", "dong": "상대원3동", "source_pdf": "상대원3동.pdf", "source_page": 1, "reason": "소방차 진입곤란 지정", "note": "지도상 미확인", "stroke_width_pt": 4.25, "georef_median_error_m": 1.61, "georef_p90_error_m": 3.36, "georef_inliers": 198, "sheet_count": 3}}, {"type": "Feature", "geometry": {"type": "LineString", "coordinates": [[127.1683898, 37.4425505], [127.1685327, 37.4428061], [127.1685938, 37.4429129], [127.16861, 37.4429412], [127.1690134, 37.4436736]]}, "properties": {"id": "sangdaewon3-impassable-215", "dong": "상대원3동", "source_pdf": "상대원3동.pdf", "source_page": 1, "reason": "소방차 진입곤란 지정", "note": "지도상 미확인", "stroke_width_pt": 4.25, "georef_median_error_m": 1.61, "georef_p90_error_m": 3.36, "georef_inliers": 198, "sheet_count": 3}}, {"type": "Feature", "geometry": {"type": "LineString", "coordinates": [[127.1683977, 37.4422994], [127.1681722, 37.4418843]]}, "properties": {"id": "sangdaewon3-impassable-216", "dong": "상대원3동", "source_pdf": "상대원3동.pdf", "source_page": 1, "reason": "소방차 진입곤란 지정", "note": "지도상 미확인", "stroke_width_pt": 4.25, "georef_median_error_m": 1.61, "georef_p90_error_m": 3.36, "georef_inliers": 198, "sheet_count": 3}}, {"type": "Feature", "geometry": {"type": "LineString", "coordinates": [[127.1671715, 37.4420063], [127.1672828, 37.4418272], [127.1675035, 37.4414686]]}, "properties": {"id": "sangdaewon3-impassable-217", "dong": "상대원3동", "source_pdf": "상대원3동.pdf", "source_page": 1, "reason": "소방차 진입곤란 지정", "note": "지도상 미확인", "stroke_width_pt": 4.25, "georef_median_error_m": 1.61, "georef_p90_error_m": 3.36, "georef_inliers": 198, "sheet_count": 3}}, {"type": "Feature", "geometry": {"type": "LineString", "coordinates": [[127.1668504, 37.4425275], [127.167122, 37.4420865]]}, "properties": {"id": "sangdaewon3-impassable-218", "dong": "상대원3동", "source_pdf": "상대원3동.pdf", "source_page": 1, "reason": "소방차 진입곤란 지정", "note": "", "stroke_width_pt": 4.25, "georef_median_error_m": 1.61, "georef_p90_error_m": 3.36, "georef_inliers": 198, "sheet_count": 2}}, {"type": "Feature", "geometry": {"type": "LineString", "coordinates": [[127.1689283, 37.442112], [127.16883, 37.4419392], [127.1687094, 37.4416925]]}, "properties": {"id": "sangdaewon3-impassable-219", "dong": "상대원3동", "source_pdf": "상대원3동.pdf", "source_page": 1, "reason": "소방차 진입곤란 지정", "note": "지도상 미확인", "stroke_width_pt": 4.25, "georef_median_error_m": 1.61, "georef_p90_error_m": 3.36, "georef_inliers": 198, "sheet_count": 3}}, {"type": "Feature", "geometry": {"type": "LineString", "coordinates": [[127.1677096, 37.4422005], [127.1676502, 37.4420689]]}, "properties": {"id": "sangdaewon3-impassable-220", "dong": "상대원3동", "source_pdf": "상대원3동.pdf", "source_page": 1, "reason": "소방차 진입곤란 지정", "note": "지도상 미확인", "stroke_width_pt": 4.25, "georef_median_error_m": 1.61, "georef_p90_error_m": 3.36, "georef_inliers": 198, "sheet_count": 3}}, {"type": "Feature", "geometry": {"type": "LineString", "coordinates": [[127.1680304, 37.4416645], [127.1678932, 37.4419041]]}, "properties": {"id": "sangdaewon3-impassable-221", "dong": "상대원3동", "source_pdf": "상대원3동.pdf", "source_page": 1, "reason": "소방차 진입곤란 지정", "note": "지도상 미확인", "stroke_width_pt": 4.25, "georef_median_error_m": 1.61, "georef_p90_error_m": 3.36, "georef_inliers": 198, "sheet_count": 3}}, {"type": "Feature", "geometry": {"type": "LineString", "coordinates": [[127.1687209, 37.4436009], [127.1685646, 37.4433048], [127.1684068, 37.4430256]]}, "properties": {"id": "sangdaewon3-impassable-222", "dong": "상대원3동", "source_pdf": "상대원3동.pdf", "source_page": 1, "reason": "소방차 진입곤란 지정", "note": "지도상 미확인", "stroke_width_pt": 4.25, "georef_median_error_m": 1.61, "georef_p90_error_m": 3.36, "georef_inliers": 198, "sheet_count": 3}}, {"type": "Feature", "geometry": {"type": "LineString", "coordinates": [[127.1668293, 37.4415079], [127.1669781, 37.4412637]]}, "properties": {"id": "sangdaewon3-impassable-223", "dong": "상대원3동", "source_pdf": "상대원3동.pdf", "source_page": 1, "reason": "소방차 진입곤란 지정", "note": "", "stroke_width_pt": 4.25, "georef_median_error_m": 1.61, "georef_p90_error_m": 3.36, "georef_inliers": 198, "sheet_count": 2}}, {"type": "Feature", "geometry": {"type": "LineString", "coordinates": [[127.1678341, 37.4425173], [127.1679124, 37.4423758]]}, "properties": {"id": "sangdaewon3-impassable-224", "dong": "상대원3동", "source_pdf": "상대원3동.pdf", "source_page": 1, "reason": "소방차 진입곤란 지정", "note": "지도상 미확인", "stroke_width_pt": 4.25, "georef_median_error_m": 1.61, "georef_p90_error_m": 3.36, "georef_inliers": 198, "sheet_count": 3}}, {"type": "Feature", "geometry": {"type": "LineString", "coordinates": [[127.1686628, 37.4422111], [127.1684212, 37.4417657]]}, "properties": {"id": "sangdaewon3-impassable-225", "dong": "상대원3동", "source_pdf": "상대원3동.pdf", "source_page": 1, "reason": "소방차 진입곤란 지정", "note": "지도상 미확인", "stroke_width_pt": 4.25, "georef_median_error_m": 1.61, "georef_p90_error_m": 3.36, "georef_inliers": 198, "sheet_count": 3}}, {"type": "Feature", "geometry": {"type": "LineString", "coordinates": [[127.1330804, 37.4320603], [127.1331394, 37.431853]]}, "properties": {"id": "seongnam1-moran-impassable-005", "dong": "성남동1(모란역부근)", "source_pdf": "성남동1(모란역부근).pdf", "source_page": 1, "reason": "소방차 진입곤란 지정", "note": "", "stroke_width_pt": 4.25, "georef_median_error_m": 1.97, "georef_p90_error_m": 5.05, "georef_inliers": 314, "sheet_count": 1}}, {"type": "Feature", "geometry": {"type": "LineString", "coordinates": [[127.1335679, 37.4322773], [127.1334472, 37.4326312], [127.1334443, 37.4326397], [127.1336151, 37.4326723]]}, "properties": {"id": "seongnam1-moran-impassable-007", "dong": "성남동1(모란역부근)", "source_pdf": "성남동1(모란역부근).pdf", "source_page": 1, "reason": "소방차 진입곤란 지정", "note": "", "stroke_width_pt": 4.25, "georef_median_error_m": 1.97, "georef_p90_error_m": 5.05, "georef_inliers": 314, "sheet_count": 1}}, {"type": "Feature", "geometry": {"type": "LineString", "coordinates": [[127.1329203, 37.4302582], [127.1334456, 37.4303039]]}, "properties": {"id": "seongnam1-moran-impassable-010", "dong": "성남동1(모란역부근)", "source_pdf": "성남동1(모란역부근).pdf", "source_page": 1, "reason": "소방차 진입곤란 지정", "note": "", "stroke_width_pt": 4.25, "georef_median_error_m": 1.97, "georef_p90_error_m": 5.05, "georef_inliers": 314, "sheet_count": 1}}, {"type": "Feature", "geometry": {"type": "LineString", "coordinates": [[127.1352566, 37.4301173], [127.1351471, 37.4301539], [127.1346955, 37.4303067], [127.1344782, 37.4303802], [127.1338252, 37.4303225]]}, "properties": {"id": "seongnam1-moran-impassable-013", "dong": "성남동1(모란역부근)", "source_pdf": "성남동1(모란역부근).pdf", "source_page": 1, "reason": "소방차 진입곤란 지정", "note": "", "stroke_width_pt": 4.25, "georef_median_error_m": 1.97, "georef_p90_error_m": 5.05, "georef_inliers": 314, "sheet_count": 1}}, {"type": "Feature", "geometry": {"type": "LineString", "coordinates": [[127.1329373, 37.4291413], [127.1328945, 37.4297895]]}, "properties": {"id": "seongnam1-moran-impassable-014", "dong": "성남동1(모란역부근)", "source_pdf": "성남동1(모란역부근).pdf", "source_page": 1, "reason": "소방차 진입곤란 지정", "note": "", "stroke_width_pt": 4.25, "georef_median_error_m": 1.97, "georef_p90_error_m": 5.05, "georef_inliers": 314, "sheet_count": 1}}, {"type": "Feature", "geometry": {"type": "LineString", "coordinates": [[127.1328788, 37.4325915], [127.1330154, 37.4321795]]}, "properties": {"id": "seongnam1-moran-impassable-016", "dong": "성남동1(모란역부근)", "source_pdf": "성남동1(모란역부근).pdf", "source_page": 1, "reason": "소방차 진입곤란 지정", "note": "", "stroke_width_pt": 4.25, "georef_median_error_m": 1.97, "georef_p90_error_m": 5.05, "georef_inliers": 314, "sheet_count": 1}}, {"type": "Feature", "geometry": {"type": "LineString", "coordinates": [[127.1332948, 37.4314437], [127.1334475, 37.4317219], [127.1334452, 37.4317228], [127.1332033, 37.4318136]]}, "properties": {"id": "seongnam1-moran-impassable-017", "dong": "성남동1(모란역부근)", "source_pdf": "성남동1(모란역부근).pdf", "source_page": 1, "reason": "소방차 진입곤란 지정", "note": "", "stroke_width_pt": 4.25, "georef_median_error_m": 1.97, "georef_p90_error_m": 5.05, "georef_inliers": 314, "sheet_count": 1}}, {"type": "Feature", "geometry": {"type": "LineString", "coordinates": [[127.133474, 37.432129], [127.1335388, 37.4318926], [127.1334551, 37.4317435]]}, "properties": {"id": "seongnam1-moran-impassable-022", "dong": "성남동1(모란역부근)", "source_pdf": "성남동1(모란역부근).pdf", "source_page": 1, "reason": "소방차 진입곤란 지정", "note": "", "stroke_width_pt": 4.25, "georef_median_error_m": 1.97, "georef_p90_error_m": 5.05, "georef_inliers": 314, "sheet_count": 1}}, {"type": "Feature", "geometry": {"type": "LineString", "coordinates": [[127.132971, 37.4315655], [127.1330573, 37.4317039]]}, "properties": {"id": "seongnam1-moran-impassable-023", "dong": "성남동1(모란역부근)", "source_pdf": "성남동1(모란역부근).pdf", "source_page": 1, "reason": "소방차 진입곤란 지정", "note": "", "stroke_width_pt": 4.25, "georef_median_error_m": 1.97, "georef_p90_error_m": 5.05, "georef_inliers": 314, "sheet_count": 1}}, {"type": "Feature", "geometry": {"type": "LineString", "coordinates": [[127.1333158, 37.4327548], [127.1334165, 37.4326603]]}, "properties": {"id": "seongnam1-moran-impassable-024", "dong": "성남동1(모란역부근)", "source_pdf": "성남동1(모란역부근).pdf", "source_page": 1, "reason": "소방차 진입곤란 지정", "note": "", "stroke_width_pt": 4.25, "georef_median_error_m": 1.97, "georef_p90_error_m": 5.05, "georef_inliers": 314, "sheet_count": 1}}, {"type": "Feature", "geometry": {"type": "LineString", "coordinates": [[127.133044, 37.4330091], [127.1333156, 37.432754]]}, "properties": {"id": "seongnam1-moran-impassable-029", "dong": "성남동1(모란역부근)", "source_pdf": "성남동1(모란역부근).pdf", "source_page": 1, "reason": "소방차 진입곤란 지정", "note": "", "stroke_width_pt": 4.25, "georef_median_error_m": 1.97, "georef_p90_error_m": 5.05, "georef_inliers": 314, "sheet_count": 1}}, {"type": "Feature", "geometry": {"type": "LineString", "coordinates": [[127.1330203, 37.4341044], [127.1331444, 37.4337583]]}, "properties": {"id": "seongnam1-moran-impassable-031", "dong": "성남동1(모란역부근)", "source_pdf": "성남동1(모란역부근).pdf", "source_page": 1, "reason": "소방차 진입곤란 지정", "note": "", "stroke_width_pt": 4.25, "georef_median_error_m": 1.97, "georef_p90_error_m": 5.05, "georef_inliers": 314, "sheet_count": 1}}, {"type": "Feature", "geometry": {"type": "LineString", "coordinates": [[127.1268705, 37.4327823], [127.1269233, 37.4327666]]}, "properties": {"id": "seongnam1-moran-impassable-034", "dong": "성남동1(모란역부근)", "source_pdf": "성남동1(모란역부근).pdf", "source_page": 1, "reason": "소방차 진입곤란 지정", "note": "", "stroke_width_pt": 4.25, "georef_median_error_m": 1.97, "georef_p90_error_m": 5.05, "georef_inliers": 314, "sheet_count": 1}}, {"type": "Feature", "geometry": {"type": "LineString", "coordinates": [[127.1269561, 37.4327666], [127.1270401, 37.4327813], [127.1270782, 37.4328008], [127.1271885, 37.4328195], [127.1273811, 37.4328504]]}, "properties": {"id": "seongnam1-moran-impassable-035", "dong": "성남동1(모란역부근)", "source_pdf": "성남동1(모란역부근).pdf", "source_page": 1, "reason": "소방차 진입곤란 지정", "note": "", "stroke_width_pt": 4.25, "georef_median_error_m": 1.97, "georef_p90_error_m": 5.05, "georef_inliers": 314, "sheet_count": 1}}, {"type": "Feature", "geometry": {"type": "LineString", "coordinates": [[127.1327632, 37.4329769], [127.1327698, 37.4329555], [127.1328252, 37.4327821], [127.1328331, 37.4327573]]}, "properties": {"id": "seongnam1-moran-impassable-036", "dong": "성남동1(모란역부근)", "source_pdf": "성남동1(모란역부근).pdf", "source_page": 1, "reason": "소방차 진입곤란 지정", "note": "", "stroke_width_pt": 4.25, "georef_median_error_m": 1.97, "georef_p90_error_m": 5.05, "georef_inliers": 314, "sheet_count": 1}}, {"type": "Feature", "geometry": {"type": "LineString", "coordinates": [[127.132632, 37.4334341], [127.1327251, 37.4331007]]}, "properties": {"id": "seongnam1-moran-impassable-037", "dong": "성남동1(모란역부근)", "source_pdf": "성남동1(모란역부근).pdf", "source_page": 1, "reason": "소방차 진입곤란 지정", "note": "", "stroke_width_pt": 4.25, "georef_median_error_m": 1.97, "georef_p90_error_m": 5.05, "georef_inliers": 314, "sheet_count": 1}}, {"type": "Feature", "geometry": {"type": "LineString", "coordinates": [[127.1279752, 37.4331146], [127.1280059, 37.432876], [127.1280095, 37.4328431], [127.1280181, 37.4327649]]}, "properties": {"id": "seongnam1-moran-impassable-038", "dong": "성남동1(모란역부근)", "source_pdf": "성남동1(모란역부근).pdf", "source_page": 1, "reason": "소방차 진입곤란 지정", "note": "", "stroke_width_pt": 4.25, "georef_median_error_m": 1.97, "georef_p90_error_m": 5.05, "georef_inliers": 314, "sheet_count": 1}}, {"type": "Feature", "geometry": {"type": "LineString", "coordinates": [[127.1308536, 37.4336373], [127.1309549, 37.4333241]]}, "properties": {"id": "seongnam1-moran-impassable-039", "dong": "성남동1(모란역부근)", "source_pdf": "성남동1(모란역부근).pdf", "source_page": 1, "reason": "소방차 진입곤란 지정", "note": "", "stroke_width_pt": 4.25, "georef_median_error_m": 1.97, "georef_p90_error_m": 5.05, "georef_inliers": 314, "sheet_count": 1}}, {"type": "Feature", "geometry": {"type": "LineString", "coordinates": [[127.1325911, 37.4339866], [127.1326921, 37.4336774]]}, "properties": {"id": "seongnam1-moran-impassable-040", "dong": "성남동1(모란역부근)", "source_pdf": "성남동1(모란역부근).pdf", "source_page": 1, "reason": "소방차 진입곤란 지정", "note": "", "stroke_width_pt": 4.25, "georef_median_error_m": 1.97, "georef_p90_error_m": 5.05, "georef_inliers": 314, "sheet_count": 1}}, {"type": "Feature", "geometry": {"type": "LineString", "coordinates": [[127.1322484, 37.4339489], [127.1323502, 37.4335967]]}, "properties": {"id": "seongnam1-moran-impassable-041", "dong": "성남동1(모란역부근)", "source_pdf": "성남동1(모란역부근).pdf", "source_page": 1, "reason": "소방차 진입곤란 지정", "note": "", "stroke_width_pt": 4.25, "georef_median_error_m": 1.97, "georef_p90_error_m": 5.05, "georef_inliers": 314, "sheet_count": 1}}, {"type": "Feature", "geometry": {"type": "LineString", "coordinates": [[127.1311694, 37.4337411], [127.1312812, 37.4333824]]}, "properties": {"id": "seongnam1-moran-impassable-042", "dong": "성남동1(모란역부근)", "source_pdf": "성남동1(모란역부근).pdf", "source_page": 1, "reason": "소방차 진입곤란 지정", "note": "", "stroke_width_pt": 4.25, "georef_median_error_m": 1.97, "georef_p90_error_m": 5.05, "georef_inliers": 314, "sheet_count": 1}}, {"type": "Feature", "geometry": {"type": "LineString", "coordinates": [[127.1268065, 37.4328929], [127.1268252, 37.4327909], [127.1268296, 37.4327668]]}, "properties": {"id": "seongnam1-moran-impassable-043", "dong": "성남동1(모란역부근)", "source_pdf": "성남동1(모란역부근).pdf", "source_page": 1, "reason": "소방차 진입곤란 지정", "note": "", "stroke_width_pt": 4.25, "georef_median_error_m": 1.97, "georef_p90_error_m": 5.05, "georef_inliers": 314, "sheet_count": 1}}, {"type": "Feature", "geometry": {"type": "LineString", "coordinates": [[127.1286932, 37.432951], [127.1280333, 37.4328478]]}, "properties": {"id": "seongnam1-moran-impassable-044", "dong": "성남동1(모란역부근)", "source_pdf": "성남동1(모란역부근).pdf", "source_page": 1, "reason": "소방차 진입곤란 지정", "note": "", "stroke_width_pt": 4.25, "georef_median_error_m": 1.97, "georef_p90_error_m": 5.05, "georef_inliers": 314, "sheet_count": 1}}, {"type": "Feature", "geometry": {"type": "LineString", "coordinates": [[127.1327767, 37.4327747], [127.132595, 37.4327445]]}, "properties": {"id": "seongnam1-moran-impassable-045", "dong": "성남동1(모란역부근)", "source_pdf": "성남동1(모란역부근).pdf", "source_page": 1, "reason": "소방차 진입곤란 지정", "note": "", "stroke_width_pt": 4.25, "georef_median_error_m": 1.97, "georef_p90_error_m": 5.05, "georef_inliers": 314, "sheet_count": 1}}, {"type": "Feature", "geometry": {"type": "LineString", "coordinates": [[127.1273404, 37.4330494], [127.1274045, 37.4328641]]}, "properties": {"id": "seongnam1-moran-impassable-046", "dong": "성남동1(모란역부근)", "source_pdf": "성남동1(모란역부근).pdf", "source_page": 1, "reason": "소방차 진입곤란 지정", "note": "", "stroke_width_pt": 4.25, "georef_median_error_m": 1.97, "georef_p90_error_m": 5.05, "georef_inliers": 314, "sheet_count": 1}}, {"type": "Feature", "geometry": {"type": "LineString", "coordinates": [[127.1261432, 37.431609], [127.1261037, 37.4316236]]}, "properties": {"id": "seongnam1-moran-impassable-047", "dong": "성남동1(모란역부근)", "source_pdf": "성남동1(모란역부근).pdf", "source_page": 1, "reason": "소방차 진입곤란 지정", "note": "", "stroke_width_pt": 4.25, "georef_median_error_m": 1.97, "georef_p90_error_m": 5.05, "georef_inliers": 314, "sheet_count": 1}}, {"type": "Feature", "geometry": {"type": "LineString", "coordinates": [[127.1261443, 37.4320359], [127.1261201, 37.4320329]]}, "properties": {"id": "seongnam1-moran-impassable-048", "dong": "성남동1(모란역부근)", "source_pdf": "성남동1(모란역부근).pdf", "source_page": 1, "reason": "소방차 진입곤란 지정", "note": "", "stroke_width_pt": 4.25, "georef_median_error_m": 1.97, "georef_p90_error_m": 5.05, "georef_inliers": 314, "sheet_count": 1}}, {"type": "Feature", "geometry": {"type": "LineString", "coordinates": [[127.1261458, 37.4326377], [127.1261197, 37.4326387], [127.1259985, 37.4326404], [127.1259072, 37.432636]]}, "properties": {"id": "seongnam1-moran-impassable-049", "dong": "성남동1(모란역부근)", "source_pdf": "성남동1(모란역부근).pdf", "source_page": 1, "reason": "소방차 진입곤란 지정", "note": "", "stroke_width_pt": 4.25, "georef_median_error_m": 1.97, "georef_p90_error_m": 5.05, "georef_inliers": 314, "sheet_count": 1}}, {"type": "Feature", "geometry": {"type": "LineString", "coordinates": [[127.1261223, 37.4307877], [127.1261412, 37.430788]]}, "properties": {"id": "seongnam1-moran-impassable-050", "dong": "성남동1(모란역부근)", "source_pdf": "성남동1(모란역부근).pdf", "source_page": 1, "reason": "소방차 진입곤란 지정", "note": "", "stroke_width_pt": 4.25, "georef_median_error_m": 1.97, "georef_p90_error_m": 5.05, "georef_inliers": 314, "sheet_count": 1}}, {"type": "Feature", "geometry": {"type": "LineString", "coordinates": [[127.1261446, 37.4321812], [127.1260142, 37.4321642], [127.1259949, 37.4321621], [127.125994, 37.432162], [127.1259166, 37.4321534]]}, "properties": {"id": "seongnam1-moran-impassable-052", "dong": "성남동1(모란역부근)", "source_pdf": "성남동1(모란역부근).pdf", "source_page": 1, "reason": "소방차 진입곤란 지정", "note": "", "stroke_width_pt": 4.25, "georef_median_error_m": 1.97, "georef_p90_error_m": 5.05, "georef_inliers": 314, "sheet_count": 1}}, {"type": "Feature", "geometry": {"type": "LineString", "coordinates": [[127.1259912, 37.4321857], [127.1259679, 37.4323009], [127.1260751, 37.4323149]]}, "properties": {"id": "seongnam1-moran-impassable-053", "dong": "성남동1(모란역부근)", "source_pdf": "성남동1(모란역부근).pdf", "source_page": 1, "reason": "소방차 진입곤란 지정", "note": "", "stroke_width_pt": 4.25, "georef_median_error_m": 1.97, "georef_p90_error_m": 5.05, "georef_inliers": 314, "sheet_count": 1}}, {"type": "Feature", "geometry": {"type": "LineString", "coordinates": [[127.1287842, 37.4322534], [127.1281915, 37.4320535], [127.128125, 37.4320409], [127.1279679, 37.432011], [127.1276876, 37.4319066], [127.1276494, 37.4318871], [127.1276353, 37.43188], [127.12757, 37.4318534], [127.1273841, 37.4319199], [127.127156, 37.4320014], [127.1270075, 37.4320545], [127.1269119, 37.432093], [127.1266106, 37.4322119]]}, "properties": {"id": "seongnam1-moran-impassable-054", "dong": "성남동1(모란역부근)", "source_pdf": "성남동1(모란역부근).pdf", "source_page": 1, "reason": "소방차 진입곤란 지정", "note": "", "stroke_width_pt": 4.25, "georef_median_error_m": 1.97, "georef_p90_error_m": 5.05, "georef_inliers": 314, "sheet_count": 1}}, {"type": "Feature", "geometry": {"type": "LineString", "coordinates": [[127.1288594, 37.4315068], [127.1281977, 37.4314552], [127.1281955, 37.4314551], [127.1281931, 37.4314549], [127.1279658, 37.4314429], [127.1279008, 37.4314394], [127.1274359, 37.4314311], [127.1269759, 37.4314188], [127.1269692, 37.4314186], [127.1269217, 37.4314174], [127.1269206, 37.4314172], [127.1268671, 37.4314089], [127.1267661, 37.4314242], [127.1264859, 37.4315003], [127.1263766, 37.4315212], [127.1261441, 37.4316089]]}, "properties": {"id": "seongnam1-moran-impassable-055", "dong": "성남동1(모란역부근)", "source_pdf": "성남동1(모란역부근).pdf", "source_page": 1, "reason": "소방차 진입곤란 지정", "note": "", "stroke_width_pt": 4.25, "georef_median_error_m": 1.97, "georef_p90_error_m": 5.05, "georef_inliers": 314, "sheet_count": 1}}, {"type": "Feature", "geometry": {"type": "LineString", "coordinates": [[127.1269055, 37.4301157], [127.1269013, 37.4302398], [127.1268928, 37.430494], [127.1268837, 37.4307674], [127.1268838, 37.4308189], [127.1268838, 37.4308201], [127.1268838, 37.4308306], [127.1268839, 37.4308636], [127.1268793, 37.4309827], [127.1268791, 37.4309883], [127.1268791, 37.4309893], [127.1268791, 37.4309911], [127.1268841, 37.4311188], [127.1268848, 37.4311216], [127.1269015, 37.4311891], [127.1269026, 37.4311934], [127.1269081, 37.4312161], [127.1269167, 37.4313964]]}, "properties": {"id": "seongnam1-moran-impassable-056", "dong": "성남동1(모란역부근)", "source_pdf": "성남동1(모란역부근).pdf", "source_page": 1, "reason": "소방차 진입곤란 지정", "note": "", "stroke_width_pt": 4.25, "georef_median_error_m": 1.97, "georef_p90_error_m": 5.05, "georef_inliers": 314, "sheet_count": 1}}, {"type": "Feature", "geometry": {"type": "LineString", "coordinates": [[127.1269601, 37.4311224], [127.1269875, 37.4311252], [127.1271455, 37.4311269], [127.1272418, 37.431123]]}, "properties": {"id": "seongnam1-moran-impassable-057", "dong": "성남동1(모란역부근)", "source_pdf": "성남동1(모란역부근).pdf", "source_page": 1, "reason": "소방차 진입곤란 지정", "note": "", "stroke_width_pt": 4.25, "georef_median_error_m": 1.97, "georef_p90_error_m": 5.05, "georef_inliers": 314, "sheet_count": 1}}, {"type": "Feature", "geometry": {"type": "LineString", "coordinates": [[127.1262277, 37.4321623], [127.1262534, 37.4320492], [127.1261452, 37.4320358]]}, "properties": {"id": "seongnam1-moran-impassable-058", "dong": "성남동1(모란역부근)", "source_pdf": "성남동1(모란역부근).pdf", "source_page": 1, "reason": "소방차 진입곤란 지정", "note": "", "stroke_width_pt": 4.25, "georef_median_error_m": 1.97, "georef_p90_error_m": 5.05, "georef_inliers": 314, "sheet_count": 1}}, {"type": "Feature", "geometry": {"type": "LineString", "coordinates": [[127.1280188, 37.4327627], [127.1280437, 37.4325373], [127.1280439, 37.432536], [127.1280884, 37.4322317], [127.1281092, 37.4320893], [127.128125, 37.4320409], [127.1281327, 37.4320174], [127.1281875, 37.4314828]]}, "properties": {"id": "seongnam1-moran-impassable-059", "dong": "성남동1(모란역부근)", "source_pdf": "성남동1(모란역부근).pdf", "source_page": 1, "reason": "소방차 진입곤란 지정", "note": "", "stroke_width_pt": 4.25, "georef_median_error_m": 1.97, "georef_p90_error_m": 5.05, "georef_inliers": 314, "sheet_count": 1}}, {"type": "Feature", "geometry": {"type": "LineString", "coordinates": [[127.1269482, 37.4304933], [127.1273626, 37.4304943], [127.127538, 37.4304987]]}, "properties": {"id": "seongnam1-moran-impassable-060", "dong": "성남동1(모란역부근)", "source_pdf": "성남동1(모란역부근).pdf", "source_page": 1, "reason": "소방차 진입곤란 지정", "note": "", "stroke_width_pt": 4.25, "georef_median_error_m": 1.97, "georef_p90_error_m": 5.05, "georef_inliers": 314, "sheet_count": 1}}, {"type": "Feature", "geometry": {"type": "LineString", "coordinates": [[127.1269037, 37.4308283], [127.1271674, 37.4308263], [127.1276528, 37.43083], [127.1277679, 37.4308333]]}, "properties": {"id": "seongnam1-moran-impassable-061", "dong": "성남동1(모란역부근)", "source_pdf": "성남동1(모란역부근).pdf", "source_page": 1, "reason": "소방차 진입곤란 지정", "note": "", "stroke_width_pt": 4.25, "georef_median_error_m": 1.97, "georef_p90_error_m": 5.05, "georef_inliers": 314, "sheet_count": 1}}, {"type": "Feature", "geometry": {"type": "LineString", "coordinates": [[127.1282886, 37.4302906], [127.1282917, 37.4305193], [127.1282917, 37.4305226], [127.1282916, 37.4305252], [127.1282878, 37.4308114], [127.1282817, 37.430854], [127.128196, 37.4314276]]}, "properties": {"id": "seongnam1-moran-impassable-062", "dong": "성남동1(모란역부근)", "source_pdf": "성남동1(모란역부근).pdf", "source_page": 1, "reason": "소방차 진입곤란 지정", "note": "", "stroke_width_pt": 4.25, "georef_median_error_m": 1.97, "georef_p90_error_m": 5.05, "georef_inliers": 314, "sheet_count": 1}}, {"type": "Feature", "geometry": {"type": "LineString", "coordinates": [[127.1268303, 37.4327646], [127.1268315, 37.432758], [127.126872, 37.4324806], [127.126892, 37.4323067], [127.1268968, 37.4322649], [127.1269115, 37.4320978], [127.1269119, 37.432093], [127.1269153, 37.4320543], [127.1269183, 37.4319534], [127.1269564, 37.4314479]]}, "properties": {"id": "seongnam1-moran-impassable-063", "dong": "성남동1(모란역부근)", "source_pdf": "성남동1(모란역부근).pdf", "source_page": 1, "reason": "소방차 진입곤란 지정", "note": "", "stroke_width_pt": 4.25, "georef_median_error_m": 1.97, "georef_p90_error_m": 5.05, "georef_inliers": 314, "sheet_count": 1}}, {"type": "Feature", "geometry": {"type": "LineString", "coordinates": [[127.1283211, 37.43052], [127.1285976, 37.4305351]]}, "properties": {"id": "seongnam1-moran-impassable-064", "dong": "성남동1(모란역부근)", "source_pdf": "성남동1(모란역부근).pdf", "source_page": 1, "reason": "소방차 진입곤란 지정", "note": "", "stroke_width_pt": 4.25, "georef_median_error_m": 1.97, "georef_p90_error_m": 5.05, "georef_inliers": 314, "sheet_count": 1}}, {"type": "Feature", "geometry": {"type": "LineString", "coordinates": [[127.1267979, 37.4323038], [127.126642, 37.4323872], [127.1265772, 37.432586], [127.1265028, 37.4326291], [127.1264524, 37.4326351], [127.1262809, 37.4326324], [127.1261467, 37.4326376]]}, "properties": {"id": "seongnam1-moran-impassable-065", "dong": "성남동1(모란역부근)", "source_pdf": "성남동1(모란역부근).pdf", "source_page": 1, "reason": "소방차 진입곤란 지정", "note": "", "stroke_width_pt": 4.25, "georef_median_error_m": 1.97, "georef_p90_error_m": 5.05, "georef_inliers": 314, "sheet_count": 1}}, {"type": "Feature", "geometry": {"type": "LineString", "coordinates": [[127.1265479, 37.4321914], [127.1265359, 37.4321019], [127.1265226, 37.4320056], [127.126515, 37.431944], [127.1265131, 37.4319033], [127.1265095, 37.4318688], [127.1265055, 37.4318313]]}, "properties": {"id": "seongnam1-moran-impassable-066", "dong": "성남동1(모란역부근)", "source_pdf": "성남동1(모란역부근).pdf", "source_page": 1, "reason": "소방차 진입곤란 지정", "note": "", "stroke_width_pt": 4.25, "georef_median_error_m": 1.97, "georef_p90_error_m": 5.05, "georef_inliers": 314, "sheet_count": 1}}, {"type": "Feature", "geometry": {"type": "LineString", "coordinates": [[127.1271309, 37.4319552], [127.1270403, 37.4318128], [127.1270514, 37.4317911], [127.1270239, 37.4317021]]}, "properties": {"id": "seongnam1-moran-impassable-067", "dong": "성남동1(모란역부근)", "source_pdf": "성남동1(모란역부근).pdf", "source_page": 1, "reason": "소방차 진입곤란 지정", "note": "", "stroke_width_pt": 4.25, "georef_median_error_m": 1.97, "georef_p90_error_m": 5.05, "georef_inliers": 314, "sheet_count": 1}}, {"type": "Feature", "geometry": {"type": "LineString", "coordinates": [[127.1273571, 37.4318733], [127.1272555, 37.431687], [127.1271396, 37.43172]]}, "properties": {"id": "seongnam1-moran-impassable-068", "dong": "성남동1(모란역부근)", "source_pdf": "성남동1(모란역부근).pdf", "source_page": 1, "reason": "소방차 진입곤란 지정", "note": "", "stroke_width_pt": 4.25, "georef_median_error_m": 1.97, "georef_p90_error_m": 5.05, "georef_inliers": 314, "sheet_count": 1}}, {"type": "Feature", "geometry": {"type": "LineString", "coordinates": [[127.1279544, 37.4314672], [127.1279008, 37.431559], [127.1278668, 37.4316874], [127.1278488, 37.4317164], [127.1278144, 37.4317052], [127.1277578, 37.4316556], [127.127679, 37.4316204], [127.1275437, 37.4315854]]}, "properties": {"id": "seongnam1-moran-impassable-069", "dong": "성남동1(모란역부근)", "source_pdf": "성남동1(모란역부근).pdf", "source_page": 1, "reason": "소방차 진입곤란 지정", "note": "", "stroke_width_pt": 4.25, "georef_median_error_m": 1.97, "georef_p90_error_m": 5.05, "georef_inliers": 314, "sheet_count": 1}}, {"type": "Feature", "geometry": {"type": "LineString", "coordinates": [[127.1268319, 37.431191], [127.1263643, 37.4311799]]}, "properties": {"id": "seongnam1-moran-impassable-070", "dong": "성남동1(모란역부근)", "source_pdf": "성남동1(모란역부근).pdf", "source_page": 1, "reason": "소방차 진입곤란 지정", "note": "", "stroke_width_pt": 4.25, "georef_median_error_m": 1.97, "georef_p90_error_m": 5.05, "georef_inliers": 314, "sheet_count": 1}}, {"type": "Feature", "geometry": {"type": "LineString", "coordinates": [[127.1268337, 37.4309859], [127.1263821, 37.4309629]]}, "properties": {"id": "seongnam1-moran-impassable-071", "dong": "성남동1(모란역부근)", "source_pdf": "성남동1(모란역부근).pdf", "source_page": 1, "reason": "소방차 진입곤란 지정", "note": "", "stroke_width_pt": 4.25, "georef_median_error_m": 1.97, "georef_p90_error_m": 5.05, "georef_inliers": 314, "sheet_count": 1}}, {"type": "Feature", "geometry": {"type": "LineString", "coordinates": [[127.1261421, 37.4307879], [127.1263527, 37.4307971], [127.1268735, 37.4308268]]}, "properties": {"id": "seongnam1-moran-impassable-072", "dong": "성남동1(모란역부근)", "source_pdf": "성남동1(모란역부근).pdf", "source_page": 1, "reason": "소방차 진입곤란 지정", "note": "", "stroke_width_pt": 4.25, "georef_median_error_m": 1.97, "georef_p90_error_m": 5.05, "georef_inliers": 314, "sheet_count": 1}}, {"type": "Feature", "geometry": {"type": "LineString", "coordinates": [[127.1282061, 37.4308501], [127.1278745, 37.4308384], [127.1277507, 37.4308324]]}, "properties": {"id": "seongnam1-moran-impassable-073", "dong": "성남동1(모란역부근)", "source_pdf": "성남동1(모란역부근).pdf", "source_page": 1, "reason": "소방차 진입곤란 지정", "note": "", "stroke_width_pt": 4.25, "georef_median_error_m": 1.97, "georef_p90_error_m": 5.05, "georef_inliers": 314, "sheet_count": 1}}, {"type": "Feature", "geometry": {"type": "LineString", "coordinates": [[127.1261443, 37.4316886], [127.1262062, 37.4317103], [127.1262482, 37.4317255], [127.1263272, 37.4317463], [127.1263763, 37.4317605], [127.1264518, 37.4317842], [127.1265024, 37.4318103]]}, "properties": {"id": "seongnam1-moran-impassable-074", "dong": "성남동1(모란역부근)", "source_pdf": "성남동1(모란역부근).pdf", "source_page": 1, "reason": "소방차 진입곤란 지정", "note": "", "stroke_width_pt": 4.25, "georef_median_error_m": 1.97, "georef_p90_error_m": 5.05, "georef_inliers": 314, "sheet_count": 1}}, {"type": "Feature", "geometry": {"type": "LineString", "coordinates": [[127.1269357, 37.4309821], [127.1271345, 37.4309766], [127.1275872, 37.4309892], [127.1278248, 37.4309992]]}, "properties": {"id": "seongnam1-moran-impassable-075", "dong": "성남동1(모란역부근)", "source_pdf": "성남동1(모란역부근).pdf", "source_page": 1, "reason": "소방차 진입곤란 지정", "note": "", "stroke_width_pt": 4.25, "georef_median_error_m": 1.97, "georef_p90_error_m": 5.05, "georef_inliers": 314, "sheet_count": 1}}, {"type": "Feature", "geometry": {"type": "LineString", "coordinates": [[127.1282524, 37.4305195], [127.1279483, 37.4305118], [127.1276154, 37.4305012]]}, "properties": {"id": "seongnam1-moran-impassable-076", "dong": "성남동1(모란역부근)", "source_pdf": "성남동1(모란역부근).pdf", "source_page": 1, "reason": "소방차 진입곤란 지정", "note": "", "stroke_width_pt": 4.25, "georef_median_error_m": 1.97, "georef_p90_error_m": 5.05, "georef_inliers": 314, "sheet_count": 1}}, {"type": "Feature", "geometry": {"type": "LineString", "coordinates": [[127.1280267, 37.4322199], [127.1279004, 37.4321993], [127.1278197, 37.432177], [127.1277751, 37.4321579], [127.1277739, 37.4321572], [127.1276943, 37.4321098], [127.127654, 37.4320812], [127.1276496, 37.4319735], [127.1276475, 37.4319398], [127.1276504, 37.4319097]]}, "properties": {"id": "seongnam1-moran-impassable-077", "dong": "성남동1(모란역부근)", "source_pdf": "성남동1(모란역부근).pdf", "source_page": 1, "reason": "소방차 진입곤란 지정", "note": "", "stroke_width_pt": 4.25, "georef_median_error_m": 1.97, "georef_p90_error_m": 5.05, "georef_inliers": 314, "sheet_count": 1}}, {"type": "Feature", "geometry": {"type": "LineString", "coordinates": [[127.128735, 37.4325897], [127.1283829, 37.4325273], [127.1283641, 37.4326018], [127.1280897, 37.4325593], [127.1280439, 37.432536], [127.1280009, 37.4325141], [127.1277062, 37.4324588], [127.1275545, 37.4324303], [127.1272617, 37.4323753], [127.1271515, 37.4323553], [127.1269588, 37.4323203], [127.126892, 37.4323066], [127.1268008, 37.432288], [127.1267383, 37.4322752], [127.1265716, 37.4322302], [127.1265531, 37.4322252], [127.1265527, 37.4322251], [127.1262546, 37.4321953], [127.1262231, 37.4321912], [127.1261455, 37.4321811]]}, "properties": {"id": "seongnam1-moran-impassable-078", "dong": "성남동1(모란역부근)", "source_pdf": "성남동1(모란역부근).pdf", "source_page": 1, "reason": "소방차 진입곤란 지정", "note": "", "stroke_width_pt": 4.25, "georef_median_error_m": 1.97, "georef_p90_error_m": 5.05, "georef_inliers": 314, "sheet_count": 1}}, {"type": "Feature", "geometry": {"type": "LineString", "coordinates": [[127.1277193, 37.4324088], [127.1277561, 37.4322837], [127.1277647, 37.4322225], [127.1277671, 37.4321975]]}, "properties": {"id": "seongnam1-moran-impassable-079", "dong": "성남동1(모란역부근)", "source_pdf": "성남동1(모란역부근).pdf", "source_page": 1, "reason": "소방차 진입곤란 지정", "note": "", "stroke_width_pt": 4.25, "georef_median_error_m": 1.97, "georef_p90_error_m": 5.05, "georef_inliers": 314, "sheet_count": 1}}, {"type": "Feature", "geometry": {"type": "LineString", "coordinates": [[127.1271407, 37.4323898], [127.1271194, 37.4324621], [127.1270648, 37.4325978]]}, "properties": {"id": "seongnam1-moran-impassable-080", "dong": "성남동1(모란역부근)", "source_pdf": "성남동1(모란역부근).pdf", "source_page": 1, "reason": "소방차 진입곤란 지정", "note": "", "stroke_width_pt": 4.25, "georef_median_error_m": 1.97, "georef_p90_error_m": 5.05, "georef_inliers": 314, "sheet_count": 1}}, {"type": "Feature", "geometry": {"type": "LineString", "coordinates": [[127.1283357, 37.4327631], [127.1283789, 37.4326121]]}, "properties": {"id": "seongnam1-moran-impassable-081", "dong": "성남동1(모란역부근)", "source_pdf": "성남동1(모란역부근).pdf", "source_page": 1, "reason": "소방차 진입곤란 지정", "note": "", "stroke_width_pt": 4.25, "georef_median_error_m": 1.97, "georef_p90_error_m": 5.05, "georef_inliers": 314, "sheet_count": 1}}, {"type": "Feature", "geometry": {"type": "LineString", "coordinates": [[127.1301136, 37.4320763], [127.1311703, 37.43216]]}, "properties": {"id": "seongnam1-moran-impassable-085", "dong": "성남동1(모란역부근)", "source_pdf": "성남동1(모란역부근).pdf", "source_page": 1, "reason": "소방차 진입곤란 지정", "note": "", "stroke_width_pt": 4.25, "georef_median_error_m": 1.97, "georef_p90_error_m": 5.05, "georef_inliers": 314, "sheet_count": 1}}, {"type": "Feature", "geometry": {"type": "LineString", "coordinates": [[127.1323822, 37.4323256], [127.1321327, 37.4325482], [127.1321158, 37.4325559], [127.1320864, 37.4325692], [127.13187, 37.4327566]]}, "properties": {"id": "seongnam1-moran-impassable-086", "dong": "성남동1(모란역부근)", "source_pdf": "성남동1(모란역부근).pdf", "source_page": 1, "reason": "소방차 진입곤란 지정", "note": "", "stroke_width_pt": 4.25, "georef_median_error_m": 1.97, "georef_p90_error_m": 5.05, "georef_inliers": 314, "sheet_count": 1}}, {"type": "Feature", "geometry": {"type": "LineString", "coordinates": [[127.1327116, 37.4309586], [127.1326615, 37.4313316], [127.1326607, 37.4313372], [127.132656, 37.4313997], [127.1326597, 37.4314504], [127.1327133, 37.4315326]]}, "properties": {"id": "seongnam1-moran-impassable-087", "dong": "성남동1(모란역부근)", "source_pdf": "성남동1(모란역부근).pdf", "source_page": 1, "reason": "소방차 진입곤란 지정", "note": "", "stroke_width_pt": 4.25, "georef_median_error_m": 1.97, "georef_p90_error_m": 5.05, "georef_inliers": 314, "sheet_count": 1}}, {"type": "Feature", "geometry": {"type": "LineString", "coordinates": [[127.1329376, 37.4291886], [127.1329034, 37.4294769], [127.1328885, 37.4296229], [127.1328872, 37.4296346], [127.1328494, 37.4299595], [127.1328415, 37.430027], [127.1328162, 37.4302451], [127.1328158, 37.4302482], [127.1328157, 37.4302486], [127.1327401, 37.4308286]]}, "properties": {"id": "seongnam1-moran-impassable-088", "dong": "성남동1(모란역부근)", "source_pdf": "성남동1(모란역부근).pdf", "source_page": 1, "reason": "소방차 진입곤란 지정", "note": "", "stroke_width_pt": 4.25, "georef_median_error_m": 1.97, "georef_p90_error_m": 5.05, "georef_inliers": 314, "sheet_count": 1}}, {"type": "Feature", "geometry": {"type": "LineString", "coordinates": [[127.1313742, 37.4308468], [127.1313529, 37.4310102], [127.1313236, 37.431235], [127.1313232, 37.4312374], [127.131323, 37.4312395], [127.1313152, 37.431299], [127.1312634, 37.4316767]]}, "properties": {"id": "seongnam1-moran-impassable-089", "dong": "성남동1(모란역부근)", "source_pdf": "성남동1(모란역부근).pdf", "source_page": 1, "reason": "소방차 진입곤란 지정", "note": "", "stroke_width_pt": 4.25, "georef_median_error_m": 1.97, "georef_p90_error_m": 5.05, "georef_inliers": 314, "sheet_count": 1}}, {"type": "Feature", "geometry": {"type": "LineString", "coordinates": [[127.1315558, 37.4293576], [127.1315006, 37.4298079], [127.1314682, 37.4300651], [127.1314437, 37.4302599], [127.1314346, 37.4303132], [127.1314343, 37.4303149], [127.131424, 37.4303753], [127.1313909, 37.4307187]]}, "properties": {"id": "seongnam1-moran-impassable-090", "dong": "성남동1(모란역부근)", "source_pdf": "성남동1(모란역부근).pdf", "source_page": 1, "reason": "소방차 진입곤란 지정", "note": "", "stroke_width_pt": 4.25, "georef_median_error_m": 1.97, "georef_p90_error_m": 5.05, "georef_inliers": 314, "sheet_count": 1}}, {"type": "Feature", "geometry": {"type": "LineString", "coordinates": [[127.1328091, 37.4309], [127.1329215, 37.4309087]]}, "properties": {"id": "seongnam1-moran-impassable-091", "dong": "성남동1(모란역부근)", "source_pdf": "성남동1(모란역부근).pdf", "source_page": 1, "reason": "소방차 진입곤란 지정", "note": "", "stroke_width_pt": 4.25, "georef_median_error_m": 1.97, "georef_p90_error_m": 5.05, "georef_inliers": 314, "sheet_count": 1}}, {"type": "Feature", "geometry": {"type": "LineString", "coordinates": [[127.1328338, 37.4327551], [127.1328786, 37.4326149], [127.1328833, 37.4326002], [127.1329527, 37.4323868]]}, "properties": {"id": "seongnam1-moran-impassable-092", "dong": "성남동1(모란역부근)", "source_pdf": "성남동1(모란역부근).pdf", "source_page": 1, "reason": "소방차 진입곤란 지정", "note": "", "stroke_width_pt": 4.25, "georef_median_error_m": 1.97, "georef_p90_error_m": 5.05, "georef_inliers": 314, "sheet_count": 1}}, {"type": "Feature", "geometry": {"type": "LineString", "coordinates": [[127.1311047, 37.4327578], [127.1311146, 37.4327285], [127.1311174, 37.4327205], [127.1311532, 37.4325674], [127.1311533, 37.4325662], [127.1312051, 37.4321597], [127.1312635, 37.4317054]]}, "properties": {"id": "seongnam1-moran-impassable-095", "dong": "성남동1(모란역부근)", "source_pdf": "성남동1(모란역부근).pdf", "source_page": 1, "reason": "소방차 진입곤란 지정", "note": "", "stroke_width_pt": 4.25, "georef_median_error_m": 1.97, "georef_p90_error_m": 5.05, "georef_inliers": 314, "sheet_count": 1}}, {"type": "Feature", "geometry": {"type": "LineString", "coordinates": [[127.1321025, 37.4321179], [127.1323957, 37.4322964], [127.132404, 37.4323019], [127.1328641, 37.432593]]}, "properties": {"id": "seongnam1-moran-impassable-099", "dong": "성남동1(모란역부근)", "source_pdf": "성남동1(모란역부근).pdf", "source_page": 1, "reason": "소방차 진입곤란 지정", "note": "", "stroke_width_pt": 4.25, "georef_median_error_m": 1.97, "georef_p90_error_m": 5.05, "georef_inliers": 314, "sheet_count": 1}}, {"type": "Feature", "geometry": {"type": "LineString", "coordinates": [[127.130186, 37.4316125], [127.1303769, 37.4316248], [127.1305932, 37.4316428], [127.1308497, 37.4316628], [127.1310362, 37.4316791], [127.1311833, 37.4316915], [127.1312642, 37.431696], [127.1313915, 37.4317031], [127.1314857, 37.4317177], [127.1315487, 37.4317589], [127.1319605, 37.4320283]]}, "properties": {"id": "seongnam1-moran-impassable-100", "dong": "성남동1(모란역부근)", "source_pdf": "성남동1(모란역부근).pdf", "source_page": 1, "reason": "소방차 진입곤란 지정", "note": "", "stroke_width_pt": 4.25, "georef_median_error_m": 1.97, "georef_p90_error_m": 5.05, "georef_inliers": 314, "sheet_count": 1}}, {"type": "Feature", "geometry": {"type": "LineString", "coordinates": [[127.1327562, 37.4327671], [127.1322933, 37.4326886], [127.1321639, 37.432592]]}, "properties": {"id": "seongnam1-moran-impassable-101", "dong": "성남동1(모란역부근)", "source_pdf": "성남동1(모란역부근).pdf", "source_page": 1, "reason": "소방차 진입곤란 지정", "note": "", "stroke_width_pt": 4.25, "georef_median_error_m": 1.97, "georef_p90_error_m": 5.05, "georef_inliers": 314, "sheet_count": 1}}, {"type": "Feature", "geometry": {"type": "LineString", "coordinates": [[127.1306548, 37.4326054], [127.1311253, 37.4325652]]}, "properties": {"id": "seongnam1-moran-impassable-102", "dong": "성남동1(모란역부근)", "source_pdf": "성남동1(모란역부근).pdf", "source_page": 1, "reason": "소방차 진입곤란 지정", "note": "", "stroke_width_pt": 4.25, "georef_median_error_m": 1.97, "georef_p90_error_m": 5.05, "georef_inliers": 314, "sheet_count": 1}}, {"type": "Feature", "geometry": {"type": "LineString", "coordinates": [[127.1277507, 37.4308328], [127.1277779, 37.4308337]]}, "properties": {"id": "seongnam1-moran-impassable-106", "dong": "성남동1(모란역부근)", "source_pdf": "성남동1(모란역부근).pdf", "source_page": 1, "reason": "소방차 진입곤란 지정", "note": "", "stroke_width_pt": 4.25, "georef_median_error_m": 1.97, "georef_p90_error_m": 5.05, "georef_inliers": 314, "sheet_count": 1}}, {"type": "Feature", "geometry": {"type": "LineString", "coordinates": [[127.127546, 37.4304999], [127.1276079, 37.4305015]]}, "properties": {"id": "seongnam1-moran-impassable-107", "dong": "성남동1(모란역부근)", "source_pdf": "성남동1(모란역부근).pdf", "source_page": 1, "reason": "소방차 진입곤란 지정", "note": "", "stroke_width_pt": 4.25, "georef_median_error_m": 1.97, "georef_p90_error_m": 5.05, "georef_inliers": 314, "sheet_count": 1}}, {"type": "Feature", "geometry": {"type": "LineString", "coordinates": [[127.1349142, 37.4325244], [127.1348174, 37.4327182]]}, "properties": {"id": "seongnam2-impassable-008", "dong": "성남동2(종합운동장부근)", "source_pdf": "성남동2(종합운동장부근).pdf", "source_page": 1, "reason": "소방차 진입곤란 지정", "note": "", "stroke_width_pt": 4.25, "georef_median_error_m": 1.9, "georef_p90_error_m": 4.53, "georef_inliers": 175, "sheet_count": 2}}, {"type": "Feature", "geometry": {"type": "LineString", "coordinates": [[127.1353094, 37.4317243], [127.1349899, 37.4323696]]}, "properties": {"id": "seongnam2-impassable-009", "dong": "성남동2(종합운동장부근)", "source_pdf": "성남동2(종합운동장부근).pdf", "source_page": 1, "reason": "소방차 진입곤란 지정", "note": "", "stroke_width_pt": 4.25, "georef_median_error_m": 1.9, "georef_p90_error_m": 4.53, "georef_inliers": 175, "sheet_count": 2}}, {"type": "Feature", "geometry": {"type": "LineString", "coordinates": [[127.13697, 37.4348044], [127.1369807, 37.4348009], [127.137103, 37.4347629], [127.1373379, 37.4348173], [127.137409, 37.4348672], [127.1374339, 37.4348847], [127.1376184, 37.4350237]]}, "properties": {"id": "seongnam2-impassable-011", "dong": "성남동2(종합운동장부근)", "source_pdf": "성남동2(종합운동장부근).pdf", "source_page": 1, "reason": "소방차 진입곤란 지정", "note": "", "stroke_width_pt": 4.25, "georef_median_error_m": 1.9, "georef_p90_error_m": 4.53, "georef_inliers": 175, "sheet_count": 1}}, {"type": "Feature", "geometry": {"type": "LineString", "coordinates": [[127.139386, 37.4342892], [127.1396625, 37.4339655], [127.1397239, 37.4338897]]}, "properties": {"id": "seongnam2-impassable-012", "dong": "성남동2(종합운동장부근)", "source_pdf": "성남동2(종합운동장부근).pdf", "source_page": 1, "reason": "소방차 진입곤란 지정", "note": "", "stroke_width_pt": 4.25, "georef_median_error_m": 1.9, "georef_p90_error_m": 4.53, "georef_inliers": 175, "sheet_count": 1}}, {"type": "Feature", "geometry": {"type": "LineString", "coordinates": [[127.1385496, 37.4345962], [127.1386815, 37.4341103]]}, "properties": {"id": "seongnam2-impassable-013", "dong": "성남동2(종합운동장부근)", "source_pdf": "성남동2(종합운동장부근).pdf", "source_page": 1, "reason": "소방차 진입곤란 지정", "note": "", "stroke_width_pt": 4.25, "georef_median_error_m": 1.9, "georef_p90_error_m": 4.53, "georef_inliers": 175, "sheet_count": 1}}, {"type": "Feature", "geometry": {"type": "LineString", "coordinates": [[127.1382348, 37.4347353], [127.1382199, 37.4347754], [127.1381001, 37.4348609], [127.1379012, 37.4350233], [127.1378042, 37.4351028]]}, "properties": {"id": "seongnam2-impassable-014", "dong": "성남동2(종합운동장부근)", "source_pdf": "성남동2(종합운동장부근).pdf", "source_page": 1, "reason": "소방차 진입곤란 지정", "note": "", "stroke_width_pt": 4.25, "georef_median_error_m": 1.9, "georef_p90_error_m": 4.53, "georef_inliers": 175, "sheet_count": 1}}, {"type": "Feature", "geometry": {"type": "LineString", "coordinates": [[127.1365899, 37.4339132], [127.1367394, 37.4339536], [127.1376795, 37.4341346]]}, "properties": {"id": "seongnam2-impassable-015", "dong": "성남동2(종합운동장부근)", "source_pdf": "성남동2(종합운동장부근).pdf", "source_page": 1, "reason": "소방차 진입곤란 지정", "note": "", "stroke_width_pt": 4.25, "georef_median_error_m": 1.9, "georef_p90_error_m": 4.53, "georef_inliers": 175, "sheet_count": 1}}, {"type": "Feature", "geometry": {"type": "LineString", "coordinates": [[127.1379605, 37.4346785], [127.1379287, 37.4347393], [127.1378832, 37.4347897], [127.1377618, 37.4349127], [127.1376588, 37.4350161]]}, "properties": {"id": "seongnam2-impassable-016", "dong": "성남동2(종합운동장부근)", "source_pdf": "성남동2(종합운동장부근).pdf", "source_page": 1, "reason": "소방차 진입곤란 지정", "note": "", "stroke_width_pt": 4.25, "georef_median_error_m": 1.9, "georef_p90_error_m": 4.53, "georef_inliers": 175, "sheet_count": 1}}, {"type": "Feature", "geometry": {"type": "LineString", "coordinates": [[127.1335956, 37.4338178], [127.133497, 37.4341063]]}, "properties": {"id": "seongnam2-impassable-017", "dong": "성남동2(종합운동장부근)", "source_pdf": "성남동2(종합운동장부근).pdf", "source_page": 1, "reason": "소방차 진입곤란 지정", "note": "", "stroke_width_pt": 4.25, "georef_median_error_m": 1.9, "georef_p90_error_m": 4.53, "georef_inliers": 175, "sheet_count": 2}}, {"type": "Feature", "geometry": {"type": "LineString", "coordinates": [[127.1359303, 37.4346465], [127.1359755, 37.4342869]]}, "properties": {"id": "seongnam2-impassable-018", "dong": "성남동2(종합운동장부근)", "source_pdf": "성남동2(종합운동장부근).pdf", "source_page": 1, "reason": "소방차 진입곤란 지정", "note": "", "stroke_width_pt": 4.25, "georef_median_error_m": 1.9, "georef_p90_error_m": 4.53, "georef_inliers": 175, "sheet_count": 2}}, {"type": "Feature", "geometry": {"type": "LineString", "coordinates": [[127.1375049, 37.4345889], [127.137409, 37.4348672]]}, "properties": {"id": "seongnam2-impassable-019", "dong": "성남동2(종합운동장부근)", "source_pdf": "성남동2(종합운동장부근).pdf", "source_page": 1, "reason": "소방차 진입곤란 지정", "note": "", "stroke_width_pt": 4.25, "georef_median_error_m": 1.9, "georef_p90_error_m": 4.53, "georef_inliers": 175, "sheet_count": 1}}, {"type": "Feature", "geometry": {"type": "LineString", "coordinates": [[127.139037, 37.4340194], [127.1390416, 37.4340152], [127.1397082, 37.4334061]]}, "properties": {"id": "seongnam2-impassable-020", "dong": "성남동2(종합운동장부근)", "source_pdf": "성남동2(종합운동장부근).pdf", "source_page": 1, "reason": "소방차 진입곤란 지정", "note": "", "stroke_width_pt": 4.25, "georef_median_error_m": 1.9, "georef_p90_error_m": 4.53, "georef_inliers": 175, "sheet_count": 1}}, {"type": "Feature", "geometry": {"type": "LineString", "coordinates": [[127.1387344, 37.4358463], [127.1393826, 37.4355707]]}, "properties": {"id": "seongnam2-impassable-021", "dong": "성남동2(종합운동장부근)", "source_pdf": "성남동2(종합운동장부근).pdf", "source_page": 1, "reason": "소방차 진입곤란 지정", "note": "", "stroke_width_pt": 4.25, "georef_median_error_m": 1.9, "georef_p90_error_m": 4.53, "georef_inliers": 175, "sheet_count": 1}}, {"type": "Feature", "geometry": {"type": "LineString", "coordinates": [[127.1396464, 37.4354594], [127.1394185, 37.4355589], [127.1397109, 37.436025], [127.1397113, 37.4360253]]}, "properties": {"id": "seongnam2-impassable-022", "dong": "성남동2(종합운동장부근)", "source_pdf": "성남동2(종합운동장부근).pdf", "source_page": 1, "reason": "소방차 진입곤란 지정", "note": "", "stroke_width_pt": 4.25, "georef_median_error_m": 1.9, "georef_p90_error_m": 4.53, "georef_inliers": 175, "sheet_count": 1}}, {"type": "Feature", "geometry": {"type": "LineString", "coordinates": [[127.1348172, 37.4327172], [127.134552, 37.4332446]]}, "properties": {"id": "seongnam2-impassable-023", "dong": "성남동2(종합운동장부근)", "source_pdf": "성남동2(종합운동장부근).pdf", "source_page": 1, "reason": "소방차 진입곤란 지정", "note": "", "stroke_width_pt": 4.25, "georef_median_error_m": 1.9, "georef_p90_error_m": 4.53, "georef_inliers": 175, "sheet_count": 2}}, {"type": "Feature", "geometry": {"type": "LineString", "coordinates": [[127.1422285, 37.4364639], [127.1427174, 37.4367267], [127.1427192, 37.4367276], [127.1432274, 37.4369991]]}, "properties": {"id": "seongnam2-impassable-024", "dong": "성남동2(종합운동장부근)", "source_pdf": "성남동2(종합운동장부근).pdf", "source_page": 1, "reason": "소방차 진입곤란 지정", "note": "", "stroke_width_pt": 4.25, "georef_median_error_m": 1.9, "georef_p90_error_m": 4.53, "georef_inliers": 175, "sheet_count": 1}}, {"type": "Feature", "geometry": {"type": "LineString", "coordinates": [[127.141953, 37.4333006], [127.1421615, 37.4330549]]}, "properties": {"id": "seongnam2-impassable-025", "dong": "성남동2(종합운동장부근)", "source_pdf": "성남동2(종합운동장부근).pdf", "source_page": 1, "reason": "소방차 진입곤란 지정", "note": "", "stroke_width_pt": 4.25, "georef_median_error_m": 1.9, "georef_p90_error_m": 4.53, "georef_inliers": 175, "sheet_count": 1}}, {"type": "Feature", "geometry": {"type": "LineString", "coordinates": [[127.1434246, 37.4368672], [127.1439869, 37.4371657]]}, "properties": {"id": "seongnam2-impassable-026", "dong": "성남동2(종합운동장부근)", "source_pdf": "성남동2(종합운동장부근).pdf", "source_page": 1, "reason": "소방차 진입곤란 지정", "note": "", "stroke_width_pt": 4.25, "georef_median_error_m": 1.9, "georef_p90_error_m": 4.53, "georef_inliers": 175, "sheet_count": 1}}, {"type": "Feature", "geometry": {"type": "LineString", "coordinates": [[127.142583, 37.4375558], [127.1430391, 37.4378096], [127.1433615, 37.4379866]]}, "properties": {"id": "seongnam2-impassable-027", "dong": "성남동2(종합운동장부근)", "source_pdf": "성남동2(종합운동장부근).pdf", "source_page": 1, "reason": "소방차 진입곤란 지정", "note": "", "stroke_width_pt": 4.25, "georef_median_error_m": 1.9, "georef_p90_error_m": 4.53, "georef_inliers": 175, "sheet_count": 1}}, {"type": "Feature", "geometry": {"type": "LineString", "coordinates": [[127.1398358, 37.4364674], [127.1400455, 37.4362083], [127.1400478, 37.4362055], [127.1403435, 37.435843]]}, "properties": {"id": "seongnam2-impassable-028", "dong": "성남동2(종합운동장부근)", "source_pdf": "성남동2(종합운동장부근).pdf", "source_page": 1, "reason": "소방차 진입곤란 지정", "note": "", "stroke_width_pt": 4.25, "georef_median_error_m": 1.9, "georef_p90_error_m": 4.53, "georef_inliers": 175, "sheet_count": 1}}, {"type": "Feature", "geometry": {"type": "LineString", "coordinates": [[127.1444016, 37.437814], [127.1444771, 37.437725], [127.1446506, 37.437518], [127.1446527, 37.4375155], [127.1446564, 37.437511], [127.1447418, 37.4374092], [127.144823, 37.4373128], [127.1448234, 37.4373123], [127.1449788, 37.437128], [127.144984, 37.4371218]]}, "properties": {"id": "seongnam2-impassable-029", "dong": "성남동2(종합운동장부근)", "source_pdf": "성남동2(종합운동장부근).pdf", "source_page": 1, "reason": "소방차 진입곤란 지정", "note": "", "stroke_width_pt": 4.25, "georef_median_error_m": 1.9, "georef_p90_error_m": 4.53, "georef_inliers": 175, "sheet_count": 1}}, {"type": "Feature", "geometry": {"type": "LineString", "coordinates": [[127.1426891, 37.4337572], [127.1426178, 37.433716], [127.1424476, 37.433623], [127.1424451, 37.4336216], [127.1422196, 37.4334973], [127.1422186, 37.4334967], [127.1421823, 37.4334765], [127.141999, 37.4333745], [127.1419238, 37.4333328], [127.141669, 37.4331918], [127.1416684, 37.4331915], [127.1416604, 37.433187], [127.1413711, 37.4330301], [127.1411125, 37.4328877], [127.141111, 37.4328868], [127.1410169, 37.4328355], [127.140886, 37.4327642], [127.1408339, 37.4327358], [127.1407922, 37.432713]]}, "properties": {"id": "seongnam2-impassable-030", "dong": "성남동2(종합운동장부근)", "source_pdf": "성남동2(종합운동장부근).pdf", "source_page": 1, "reason": "소방차 진입곤란 지정", "note": "", "stroke_width_pt": 4.25, "georef_median_error_m": 1.9, "georef_p90_error_m": 4.53, "georef_inliers": 175, "sheet_count": 1}}, {"type": "Feature", "geometry": {"type": "LineString", "coordinates": [[127.140279, 37.4347864], [127.1406159, 37.4343979]]}, "properties": {"id": "seongnam2-impassable-031", "dong": "성남동2(종합운동장부근)", "source_pdf": "성남동2(종합운동장부근).pdf", "source_page": 1, "reason": "소방차 진입곤란 지정", "note": "", "stroke_width_pt": 4.25, "georef_median_error_m": 1.9, "georef_p90_error_m": 4.53, "georef_inliers": 175, "sheet_count": 1}}, {"type": "Feature", "geometry": {"type": "LineString", "coordinates": [[127.1408565, 37.4327967], [127.1407069, 37.4329745]]}, "properties": {"id": "seongnam2-impassable-032", "dong": "성남동2(종합운동장부근)", "source_pdf": "성남동2(종합운동장부근).pdf", "source_page": 1, "reason": "소방차 진입곤란 지정", "note": "", "stroke_width_pt": 4.25, "georef_median_error_m": 1.9, "georef_p90_error_m": 4.53, "georef_inliers": 175, "sheet_count": 1}}, {"type": "Feature", "geometry": {"type": "LineString", "coordinates": [[127.1406247, 37.436911], [127.1411467, 37.4363017]]}, "properties": {"id": "seongnam2-impassable-033", "dong": "성남동2(종합운동장부근)", "source_pdf": "성남동2(종합운동장부근).pdf", "source_page": 1, "reason": "소방차 진입곤란 지정", "note": "", "stroke_width_pt": 4.25, "georef_median_error_m": 1.9, "georef_p90_error_m": 4.53, "georef_inliers": 175, "sheet_count": 1}}, {"type": "Feature", "geometry": {"type": "LineString", "coordinates": [[127.1440323, 37.4361598], [127.1445738, 37.4364465]]}, "properties": {"id": "seongnam2-impassable-034", "dong": "성남동2(종합운동장부근)", "source_pdf": "성남동2(종합운동장부근).pdf", "source_page": 1, "reason": "소방차 진입곤란 지정", "note": "", "stroke_width_pt": 4.25, "georef_median_error_m": 1.9, "georef_p90_error_m": 4.53, "georef_inliers": 175, "sheet_count": 1}}, {"type": "Feature", "geometry": {"type": "LineString", "coordinates": [[127.1437709, 37.4364925], [127.1443208, 37.4367776]]}, "properties": {"id": "seongnam2-impassable-035", "dong": "성남동2(종합운동장부근)", "source_pdf": "성남동2(종합운동장부근).pdf", "source_page": 1, "reason": "소방차 진입곤란 지정", "note": "", "stroke_width_pt": 4.25, "georef_median_error_m": 1.9, "georef_p90_error_m": 4.53, "georef_inliers": 175, "sheet_count": 1}}, {"type": "Feature", "geometry": {"type": "LineString", "coordinates": [[127.1439167, 37.4363288], [127.1444542, 37.4366155]]}, "properties": {"id": "seongnam2-impassable-036", "dong": "성남동2(종합운동장부근)", "source_pdf": "성남동2(종합운동장부근).pdf", "source_page": 1, "reason": "소방차 진입곤란 지정", "note": "", "stroke_width_pt": 4.25, "georef_median_error_m": 1.9, "georef_p90_error_m": 4.53, "georef_inliers": 175, "sheet_count": 1}}, {"type": "Feature", "geometry": {"type": "LineString", "coordinates": [[127.141052, 37.4327953], [127.1411225, 37.4327128]]}, "properties": {"id": "seongnam2-impassable-037", "dong": "성남동2(종합운동장부근)", "source_pdf": "성남동2(종합운동장부근).pdf", "source_page": 1, "reason": "소방차 진입곤란 지정", "note": "", "stroke_width_pt": 4.25, "georef_median_error_m": 1.9, "georef_p90_error_m": 4.53, "georef_inliers": 175, "sheet_count": 1}}, {"type": "Feature", "geometry": {"type": "LineString", "coordinates": [[127.1437969, 37.4374868], [127.1438679, 37.437401], [127.143898, 37.4373643], [127.143899, 37.4373632], [127.1440359, 37.4371968], [127.1440379, 37.4371945], [127.1440384, 37.4371939], [127.1442014, 37.4369959], [127.1442036, 37.4369932], [127.1442046, 37.4369919], [127.1442146, 37.4369799], [127.1443611, 37.4368007], [127.144362, 37.4367996], [127.1443623, 37.4367992], [127.1443626, 37.4367988], [127.1444936, 37.4366387], [127.1444941, 37.4366381], [127.1444947, 37.4366374], [127.1446062, 37.436501], [127.1446184, 37.4364857], [127.1446262, 37.436476], [127.1446278, 37.436474], [127.1446373, 37.436462], [127.1447095, 37.4363712], [127.1447114, 37.4363687], [127.1447811, 37.4362955], [127.145068, 37.4364498], [127.1452176, 37.43653], [127.1453052, 37.4365748]]}, "properties": {"id": "seongnam2-impassable-038", "dong": "성남동2(종합운동장부근)", "source_pdf": "성남동2(종합운동장부근).pdf", "source_page": 1, "reason": "소방차 진입곤란 지정", "note": "", "stroke_width_pt": 4.25, "georef_median_error_m": 1.9, "georef_p90_error_m": 4.53, "georef_inliers": 175, "sheet_count": 1}}, {"type": "Feature", "geometry": {"type": "LineString", "coordinates": [[127.1416446, 37.4359361], [127.1414, 37.4357981]]}, "properties": {"id": "seongnam2-impassable-039", "dong": "성남동2(종합운동장부근)", "source_pdf": "성남동2(종합운동장부근).pdf", "source_page": 1, "reason": "소방차 진입곤란 지정", "note": "", "stroke_width_pt": 4.25, "georef_median_error_m": 1.9, "georef_p90_error_m": 4.53, "georef_inliers": 175, "sheet_count": 1}}, {"type": "Feature", "geometry": {"type": "LineString", "coordinates": [[127.1414788, 37.4362137], [127.1415773, 37.4361016], [127.1416976, 37.4359663], [127.1417127, 37.4359492], [127.1418371, 37.4358106]]}, "properties": {"id": "seongnam2-impassable-040", "dong": "성남동2(종합운동장부근)", "source_pdf": "성남동2(종합운동장부근).pdf", "source_page": 1, "reason": "소방차 진입곤란 지정", "note": "", "stroke_width_pt": 4.25, "georef_median_error_m": 1.9, "georef_p90_error_m": 4.53, "georef_inliers": 175, "sheet_count": 1}}, {"type": "Feature", "geometry": {"type": "LineString", "coordinates": [[127.1430931, 37.4352207], [127.1427993, 37.4350581], [127.1425635, 37.4349287], [127.1425634, 37.4349287], [127.1420527, 37.4346485], [127.1418475, 37.4345359], [127.1414966, 37.4343434], [127.1409314, 37.4340333], [127.1409296, 37.4340323], [127.1409085, 37.4340207], [127.1407726, 37.4339448], [127.140386, 37.4337288], [127.140383, 37.4337271], [127.140031, 37.4335344], [127.1399849, 37.4335091], [127.1398073, 37.4334132]]}, "properties": {"id": "seongnam2-impassable-041", "dong": "성남동2(종합운동장부근)", "source_pdf": "성남동2(종합운동장부근).pdf", "source_page": 1, "reason": "소방차 진입곤란 지정", "note": "", "stroke_width_pt": 4.25, "georef_median_error_m": 1.9, "georef_p90_error_m": 4.53, "georef_inliers": 175, "sheet_count": 1}}, {"type": "Feature", "geometry": {"type": "LineString", "coordinates": [[127.142591, 37.4349019], [127.142631, 37.434855], [127.1427353, 37.4347423], [127.142707, 37.4346815]]}, "properties": {"id": "seongnam2-impassable-042", "dong": "성남동2(종합운동장부근)", "source_pdf": "성남동2(종합운동장부근).pdf", "source_page": 1, "reason": "소방차 진입곤란 지정", "note": "", "stroke_width_pt": 4.25, "georef_median_error_m": 1.9, "georef_p90_error_m": 4.53, "georef_inliers": 175, "sheet_count": 1}}, {"type": "Feature", "geometry": {"type": "LineString", "coordinates": [[127.1451955, 37.4382518], [127.145452, 37.4378731], [127.1453929, 37.4379615], [127.1456036, 37.4376494], [127.1456051, 37.4376473], [127.1456796, 37.4375439]]}, "properties": {"id": "seongnam2-impassable-043", "dong": "성남동2(종합운동장부근)", "source_pdf": "성남동2(종합운동장부근).pdf", "source_page": 1, "reason": "소방차 진입곤란 지정", "note": "", "stroke_width_pt": 4.25, "georef_median_error_m": 1.9, "georef_p90_error_m": 4.53, "georef_inliers": 175, "sheet_count": 1}}, {"type": "Feature", "geometry": {"type": "LineString", "coordinates": [[127.1456965, 37.4376885], [127.1456051, 37.4376473], [127.1453893, 37.4375506], [127.145316, 37.4376579]]}, "properties": {"id": "seongnam2-impassable-044", "dong": "성남동2(종합운동장부근)", "source_pdf": "성남동2(종합운동장부근).pdf", "source_page": 1, "reason": "소방차 진입곤란 지정", "note": "", "stroke_width_pt": 4.25, "georef_median_error_m": 1.9, "georef_p90_error_m": 4.53, "georef_inliers": 175, "sheet_count": 1}}, {"type": "Feature", "geometry": {"type": "LineString", "coordinates": [[127.1454853, 37.4380027], [127.1453929, 37.4379615], [127.1449251, 37.4377514]]}, "properties": {"id": "seongnam2-impassable-045", "dong": "성남동2(종합운동장부근)", "source_pdf": "성남동2(종합운동장부근).pdf", "source_page": 1, "reason": "소방차 진입곤란 지정", "note": "", "stroke_width_pt": 4.25, "georef_median_error_m": 1.9, "georef_p90_error_m": 4.53, "georef_inliers": 175, "sheet_count": 1}}, {"type": "Feature", "geometry": {"type": "LineString", "coordinates": [[127.1446741, 37.4379717], [127.1448753, 37.4377312], [127.145041, 37.4375323]]}, "properties": {"id": "seongnam2-impassable-046", "dong": "성남동2(종합운동장부근)", "source_pdf": "성남동2(종합운동장부근).pdf", "source_page": 1, "reason": "소방차 진입곤란 지정", "note": "", "stroke_width_pt": 4.25, "georef_median_error_m": 1.9, "georef_p90_error_m": 4.53, "georef_inliers": 175, "sheet_count": 1}}, {"type": "Feature", "geometry": {"type": "LineString", "coordinates": [[127.1440754, 37.4372165], [127.1446043, 37.4374937]]}, "properties": {"id": "seongnam2-impassable-047", "dong": "성남동2(종합운동장부근)", "source_pdf": "성남동2(종합운동장부근).pdf", "source_page": 1, "reason": "소방차 진입곤란 지정", "note": "", "stroke_width_pt": 4.25, "georef_median_error_m": 1.9, "georef_p90_error_m": 4.53, "georef_inliers": 175, "sheet_count": 1}}, {"type": "Feature", "geometry": {"type": "LineString", "coordinates": [[127.1444042, 37.4368228], [127.144984, 37.4371218]]}, "properties": {"id": "seongnam2-impassable-048", "dong": "성남동2(종합운동장부근)", "source_pdf": "성남동2(종합운동장부근).pdf", "source_page": 1, "reason": "소방차 진입곤란 지정", "note": "", "stroke_width_pt": 4.25, "georef_median_error_m": 1.9, "georef_p90_error_m": 4.53, "georef_inliers": 175, "sheet_count": 1}}, {"type": "Feature", "geometry": {"type": "LineString", "coordinates": [[127.1445363, 37.4366607], [127.1446884, 37.436739], [127.1450522, 37.4369385]]}, "properties": {"id": "seongnam2-impassable-049", "dong": "성남동2(종합운동장부근)", "source_pdf": "성남동2(종합운동장부근).pdf", "source_page": 1, "reason": "소방차 진입곤란 지정", "note": "", "stroke_width_pt": 4.25, "georef_median_error_m": 1.9, "georef_p90_error_m": 4.53, "georef_inliers": 175, "sheet_count": 1}}, {"type": "Feature", "geometry": {"type": "LineString", "coordinates": [[127.1432957, 37.4370325], [127.1438459, 37.437335]]}, "properties": {"id": "seongnam2-impassable-050", "dong": "성남동2(종합운동장부근)", "source_pdf": "성남동2(종합운동장부근).pdf", "source_page": 1, "reason": "소방차 진입곤란 지정", "note": "", "stroke_width_pt": 4.25, "georef_median_error_m": 1.9, "georef_p90_error_m": 4.53, "georef_inliers": 175, "sheet_count": 1}}, {"type": "Feature", "geometry": {"type": "LineString", "coordinates": [[127.143352, 37.4368437], [127.1428525, 37.4365687], [127.1427463, 37.4366947]]}, "properties": {"id": "seongnam2-impassable-051", "dong": "성남동2(종합운동장부근)", "source_pdf": "성남동2(종합운동장부근).pdf", "source_page": 1, "reason": "소방차 진입곤란 지정", "note": "", "stroke_width_pt": 4.25, "georef_median_error_m": 1.9, "georef_p90_error_m": 4.53, "georef_inliers": 175, "sheet_count": 1}}, {"type": "Feature", "geometry": {"type": "LineString", "coordinates": [[127.1419052, 37.4329067], [127.141539, 37.4327207]]}, "properties": {"id": "seongnam2-impassable-052", "dong": "성남동2(종합운동장부근)", "source_pdf": "성남동2(종합운동장부근).pdf", "source_page": 1, "reason": "소방차 진입곤란 지정", "note": "", "stroke_width_pt": 4.25, "georef_median_error_m": 1.9, "georef_p90_error_m": 4.53, "georef_inliers": 175, "sheet_count": 1}}, {"type": "Feature", "geometry": {"type": "LineString", "coordinates": [[127.1409951, 37.4339554], [127.1413042, 37.433607], [127.1413046, 37.4336072], [127.1414744, 37.4337077]]}, "properties": {"id": "seongnam2-impassable-053", "dong": "성남동2(종합운동장부근)", "source_pdf": "성남동2(종합운동장부근).pdf", "source_page": 1, "reason": "소방차 진입곤란 지정", "note": "", "stroke_width_pt": 4.25, "georef_median_error_m": 1.9, "georef_p90_error_m": 4.53, "georef_inliers": 175, "sheet_count": 1}}, {"type": "Feature", "geometry": {"type": "LineString", "coordinates": [[127.1397132, 37.4360256], [127.1400102, 37.4361859]]}, "properties": {"id": "seongnam2-impassable-054", "dong": "성남동2(종합운동장부근)", "source_pdf": "성남동2(종합운동장부근).pdf", "source_page": 1, "reason": "소방차 진입곤란 지정", "note": "", "stroke_width_pt": 4.25, "georef_median_error_m": 1.9, "georef_p90_error_m": 4.53, "georef_inliers": 175, "sheet_count": 1}}, {"type": "Feature", "geometry": {"type": "LineString", "coordinates": [[127.1407883, 37.4360824], [127.1404799, 37.4364406], [127.1400877, 37.4362301]]}, "properties": {"id": "seongnam2-impassable-055", "dong": "성남동2(종합운동장부근)", "source_pdf": "성남동2(종합운동장부근).pdf", "source_page": 1, "reason": "소방차 진입곤란 지정", "note": "", "stroke_width_pt": 4.25, "georef_median_error_m": 1.9, "georef_p90_error_m": 4.53, "georef_inliers": 175, "sheet_count": 1}}, {"type": "Feature", "geometry": {"type": "LineString", "coordinates": [[127.1422662, 37.4362441], [127.1417581, 37.4359735]]}, "properties": {"id": "seongnam2-impassable-056", "dong": "성남동2(종합운동장부근)", "source_pdf": "성남동2(종합운동장부근).pdf", "source_page": 1, "reason": "소방차 진입곤란 지정", "note": "", "stroke_width_pt": 4.25, "georef_median_error_m": 1.9, "georef_p90_error_m": 4.53, "georef_inliers": 175, "sheet_count": 1}}, {"type": "Feature", "geometry": {"type": "LineString", "coordinates": [[127.1425071, 37.4354638], [127.1425976, 37.4353578]]}, "properties": {"id": "seongnam2-impassable-057", "dong": "성남동2(종합운동장부근)", "source_pdf": "성남동2(종합운동장부근).pdf", "source_page": 1, "reason": "소방차 진입곤란 지정", "note": "", "stroke_width_pt": 4.25, "georef_median_error_m": 1.9, "georef_p90_error_m": 4.53, "georef_inliers": 175, "sheet_count": 1}}, {"type": "Feature", "geometry": {"type": "LineString", "coordinates": [[127.1427681, 37.4350894], [127.1426447, 37.4352062]]}, "properties": {"id": "seongnam2-impassable-058", "dong": "성남동2(종합운동장부근)", "source_pdf": "성남동2(종합운동장부근).pdf", "source_page": 1, "reason": "소방차 진입곤란 지정", "note": "", "stroke_width_pt": 4.25, "georef_median_error_m": 1.9, "georef_p90_error_m": 4.53, "georef_inliers": 175, "sheet_count": 1}}, {"type": "Feature", "geometry": {"type": "LineString", "coordinates": [[127.1425394, 37.4349547], [127.1424592, 37.4350379]]}, "properties": {"id": "seongnam2-impassable-059", "dong": "성남동2(종합운동장부근)", "source_pdf": "성남동2(종합운동장부근).pdf", "source_page": 1, "reason": "소방차 진입곤란 지정", "note": "", "stroke_width_pt": 4.25, "georef_median_error_m": 1.9, "georef_p90_error_m": 4.53, "georef_inliers": 175, "sheet_count": 1}}, {"type": "Feature", "geometry": {"type": "LineString", "coordinates": [[127.1421783, 37.4352759], [127.1422478, 37.4351908], [127.1423109, 37.4352242]]}, "properties": {"id": "seongnam2-impassable-060", "dong": "성남동2(종합운동장부근)", "source_pdf": "성남동2(종합운동장부근).pdf", "source_page": 1, "reason": "소방차 진입곤란 지정", "note": "", "stroke_width_pt": 4.25, "georef_median_error_m": 1.9, "georef_p90_error_m": 4.53, "georef_inliers": 175, "sheet_count": 1}}, {"type": "Feature", "geometry": {"type": "LineString", "coordinates": [[127.143626, 37.4366766], [127.1441674, 37.4369728]]}, "properties": {"id": "seongnam2-impassable-061", "dong": "성남동2(종합운동장부근)", "source_pdf": "성남동2(종합운동장부근).pdf", "source_page": 1, "reason": "소방차 진입곤란 지정", "note": "", "stroke_width_pt": 4.25, "georef_median_error_m": 1.9, "georef_p90_error_m": 4.53, "georef_inliers": 175, "sheet_count": 1}}, {"type": "Feature", "geometry": {"type": "LineString", "coordinates": [[127.1436246, 37.4376776], [127.1431243, 37.4383523]]}, "properties": {"id": "seongnam2-impassable-062", "dong": "성남동2(종합운동장부근)", "source_pdf": "성남동2(종합운동장부근).pdf", "source_page": 1, "reason": "소방차 진입곤란 지정", "note": "", "stroke_width_pt": 4.25, "georef_median_error_m": 1.9, "georef_p90_error_m": 4.53, "georef_inliers": 175, "sheet_count": 1}}, {"type": "Feature", "geometry": {"type": "LineString", "coordinates": [[127.1444151, 37.4380776], [127.1439135, 37.4388165]]}, "properties": {"id": "seongnam2-impassable-063", "dong": "성남동2(종합운동장부근)", "source_pdf": "성남동2(종합운동장부근).pdf", "source_page": 1, "reason": "소방차 진입곤란 지정", "note": "", "stroke_width_pt": 4.25, "georef_median_error_m": 1.9, "georef_p90_error_m": 4.53, "georef_inliers": 175, "sheet_count": 1}}, {"type": "Feature", "geometry": {"type": "LineString", "coordinates": [[127.1449114, 37.4388425], [127.1441748, 37.4384337], [127.1434182, 37.4379945]]}, "properties": {"id": "seongnam2-impassable-064", "dong": "성남동2(종합운동장부근)", "source_pdf": "성남동2(종합운동장부근).pdf", "source_page": 1, "reason": "소방차 진입곤란 지정", "note": "", "stroke_width_pt": 4.25, "georef_median_error_m": 1.9, "georef_p90_error_m": 4.53, "georef_inliers": 175, "sheet_count": 1}}, {"type": "Feature", "geometry": {"type": "LineString", "coordinates": [[127.1419794, 37.4328191], [127.1413237, 37.4335847]]}, "properties": {"id": "seongnam2-impassable-066", "dong": "성남동2(종합운동장부근)", "source_pdf": "성남동2(종합운동장부근).pdf", "source_page": 1, "reason": "소방차 진입곤란 지정", "note": "", "stroke_width_pt": 4.25, "georef_median_error_m": 1.9, "georef_p90_error_m": 4.53, "georef_inliers": 175, "sheet_count": 1}}, {"type": "Feature", "geometry": {"type": "LineString", "coordinates": [[127.1408937, 37.4340775], [127.140632, 37.4343802], [127.1406306, 37.4343802]]}, "properties": {"id": "seongnam2-impassable-067", "dong": "성남동2(종합운동장부근)", "source_pdf": "성남동2(종합운동장부근).pdf", "source_page": 1, "reason": "소방차 진입곤란 지정", "note": "", "stroke_width_pt": 4.25, "georef_median_error_m": 1.9, "georef_p90_error_m": 4.53, "georef_inliers": 175, "sheet_count": 1}}, {"type": "Feature", "geometry": {"type": "LineString", "coordinates": [[127.1399939, 37.4335757], [127.1399637, 37.4336114], [127.139742, 37.4338736]]}, "properties": {"id": "seongnam2-impassable-068", "dong": "성남동2(종합운동장부근)", "source_pdf": "성남동2(종합운동장부근).pdf", "source_page": 1, "reason": "소방차 진입곤란 지정", "note": "", "stroke_width_pt": 4.25, "georef_median_error_m": 1.9, "georef_p90_error_m": 4.53, "georef_inliers": 175, "sheet_count": 1}}, {"type": "Feature", "geometry": {"type": "LineString", "coordinates": [[127.1431593, 37.4371358], [127.143251, 37.4370252], [127.1432564, 37.437019], [127.1432579, 37.4370172], [127.1432589, 37.4370161], [127.1433872, 37.4368667], [127.1433897, 37.4368638], [127.1433976, 37.4368546], [127.1435489, 37.4366783], [127.1435748, 37.4366482], [127.1437279, 37.4364699], [127.1437857, 37.4364025], [127.1438714, 37.436305], [127.1439979, 37.4361568]]}, "properties": {"id": "seongnam2-impassable-069", "dong": "성남동2(종합운동장부근)", "source_pdf": "성남동2(종합운동장부근).pdf", "source_page": 1, "reason": "소방차 진입곤란 지정", "note": "", "stroke_width_pt": 4.25, "georef_median_error_m": 1.9, "georef_p90_error_m": 4.53, "georef_inliers": 175, "sheet_count": 1}}, {"type": "Feature", "geometry": {"type": "LineString", "coordinates": [[127.144653, 37.4363417], [127.1444921, 37.4362537]]}, "properties": {"id": "seongnam2-impassable-070", "dong": "성남동2(종합운동장부근)", "source_pdf": "성남동2(종합운동장부근).pdf", "source_page": 1, "reason": "소방차 진입곤란 지정", "note": "", "stroke_width_pt": 4.25, "georef_median_error_m": 1.9, "georef_p90_error_m": 4.53, "georef_inliers": 175, "sheet_count": 1}}, {"type": "Feature", "geometry": {"type": "LineString", "coordinates": [[127.1446532, 37.4365043], [127.1452229, 37.4368037]]}, "properties": {"id": "seongnam2-impassable-071", "dong": "성남동2(종합운동장부근)", "source_pdf": "성남동2(종합운동장부근).pdf", "source_page": 1, "reason": "소방차 진입곤란 지정", "note": "", "stroke_width_pt": 4.25, "georef_median_error_m": 1.9, "georef_p90_error_m": 4.53, "georef_inliers": 175, "sheet_count": 1}}, {"type": "Feature", "geometry": {"type": "LineString", "coordinates": [[127.1421344, 37.4363983], [127.1416222, 37.4361258]]}, "properties": {"id": "seongnam2-impassable-072", "dong": "성남동2(종합운동장부근)", "source_pdf": "성남동2(종합운동장부근).pdf", "source_page": 1, "reason": "소방차 진입곤란 지정", "note": "", "stroke_width_pt": 4.25, "georef_median_error_m": 1.9, "georef_p90_error_m": 4.53, "georef_inliers": 175, "sheet_count": 1}}, {"type": "Feature", "geometry": {"type": "LineString", "coordinates": [[127.1424781, 37.4335818], [127.1427937, 37.4332252]]}, "properties": {"id": "seongnam2-impassable-073", "dong": "성남동2(종합운동장부근)", "source_pdf": "성남동2(종합운동장부근).pdf", "source_page": 1, "reason": "소방차 진입곤란 지정", "note": "", "stroke_width_pt": 4.25, "georef_median_error_m": 1.9, "georef_p90_error_m": 4.53, "georef_inliers": 175, "sheet_count": 1}}, {"type": "Feature", "geometry": {"type": "LineString", "coordinates": [[127.1422076, 37.4334483], [127.1424306, 37.4331886]]}, "properties": {"id": "seongnam2-impassable-074", "dong": "성남동2(종합운동장부근)", "source_pdf": "성남동2(종합운동장부근).pdf", "source_page": 1, "reason": "소방차 진입곤란 지정", "note": "", "stroke_width_pt": 4.25, "georef_median_error_m": 1.9, "georef_p90_error_m": 4.53, "georef_inliers": 175, "sheet_count": 1}}, {"type": "Feature", "geometry": {"type": "LineString", "coordinates": [[127.1449179, 37.4376588], [127.1446838, 37.4375258]]}, "properties": {"id": "seongnam2-impassable-075", "dong": "성남동2(종합운동장부근)", "source_pdf": "성남동2(종합운동장부근).pdf", "source_page": 1, "reason": "소방차 진입곤란 지정", "note": "", "stroke_width_pt": 4.25, "georef_median_error_m": 1.9, "georef_p90_error_m": 4.53, "georef_inliers": 175, "sheet_count": 1}}, {"type": "Feature", "geometry": {"type": "LineString", "coordinates": [[127.1442415, 37.437014], [127.1448027, 37.4373011], [127.1450037, 37.4373982], [127.1453789, 37.4375506]]}, "properties": {"id": "seongnam2-impassable-076", "dong": "성남동2(종합운동장부근)", "source_pdf": "성남동2(종합운동장부근).pdf", "source_page": 1, "reason": "소방차 진입곤란 지정", "note": "", "stroke_width_pt": 4.25, "georef_median_error_m": 1.9, "georef_p90_error_m": 4.53, "georef_inliers": 175, "sheet_count": 1}}, {"type": "Feature", "geometry": {"type": "LineString", "coordinates": [[127.1427828, 37.43566], [127.1417306, 37.4350869]]}, "properties": {"id": "seongnam2-impassable-077", "dong": "성남동2(종합운동장부근)", "source_pdf": "성남동2(종합운동장부근).pdf", "source_page": 1, "reason": "소방차 진입곤란 지정", "note": "", "stroke_width_pt": 4.25, "georef_median_error_m": 1.9, "georef_p90_error_m": 4.53, "georef_inliers": 175, "sheet_count": 1}}, {"type": "Feature", "geometry": {"type": "LineString", "coordinates": [[127.1440167, 37.4361358], [127.1438725, 37.4356604]]}, "properties": {"id": "seongnam2-impassable-078", "dong": "성남동2(종합운동장부근)", "source_pdf": "성남동2(종합운동장부근).pdf", "source_page": 1, "reason": "소방차 진입곤란 지정", "note": "", "stroke_width_pt": 4.25, "georef_median_error_m": 1.9, "georef_p90_error_m": 4.53, "georef_inliers": 175, "sheet_count": 1}}, {"type": "Feature", "geometry": {"type": "LineString", "coordinates": [[127.1403205, 37.4327134], [127.1397432, 37.4333762], [127.1396773, 37.4334263]]}, "properties": {"id": "seongnam2-impassable-079", "dong": "성남동2(종합운동장부근)", "source_pdf": "성남동2(종합운동장부근).pdf", "source_page": 1, "reason": "소방차 진입곤란 지정", "note": "", "stroke_width_pt": 4.25, "georef_median_error_m": 1.9, "georef_p90_error_m": 4.53, "georef_inliers": 175, "sheet_count": 1}}, {"type": "Feature", "geometry": {"type": "LineString", "coordinates": [[127.1396891, 37.4339344], [127.139742, 37.4338736]]}, "properties": {"id": "seongnam2-impassable-080", "dong": "성남동2(종합운동장부근)", "source_pdf": "성남동2(종합운동장부근).pdf", "source_page": 1, "reason": "소방차 진입곤란 지정", "note": "", "stroke_width_pt": 4.25, "georef_median_error_m": 1.9, "georef_p90_error_m": 4.53, "georef_inliers": 175, "sheet_count": 1}}, {"type": "Feature", "geometry": {"type": "LineString", "coordinates": [[127.1446689, 37.43075], [127.1447617, 37.4307579], [127.1450048, 37.4307776], [127.1451128, 37.4307521], [127.1451426, 37.4305006], [127.145149, 37.4304457], [127.145149, 37.4304457], [127.1451703, 37.4302618], [127.1451901, 37.4300772], [127.1451847, 37.4299669], [127.1451819, 37.4299085], [127.1452056, 37.4296682], [127.1452511, 37.4292512], [127.1452589, 37.4291209]]}, "properties": {"id": "seongnam2-impassable-081", "dong": "성남동2(종합운동장부근)", "source_pdf": "성남동2(종합운동장부근).pdf", "source_page": 1, "reason": "소방차 진입곤란 지정", "note": "", "stroke_width_pt": 4.25, "georef_median_error_m": 1.9, "georef_p90_error_m": 4.53, "georef_inliers": 175, "sheet_count": 1}}, {"type": "Feature", "geometry": {"type": "LineString", "coordinates": [[127.1443627, 37.4306652], [127.1442161, 37.4306383], [127.1439284, 37.4304924], [127.1439088, 37.4304478], [127.1439654, 37.4298967]]}, "properties": {"id": "seongnam2-impassable-083", "dong": "성남동2(종합운동장부근)", "source_pdf": "성남동2(종합운동장부근).pdf", "source_page": 1, "reason": "소방차 진입곤란 지정", "note": "", "stroke_width_pt": 4.25, "georef_median_error_m": 1.9, "georef_p90_error_m": 4.53, "georef_inliers": 175, "sheet_count": 1}}, {"type": "Feature", "geometry": {"type": "LineString", "coordinates": [[127.1407886, 37.4327136], [127.140469, 37.4325394]]}, "properties": {"id": "seongnam2-impassable-087", "dong": "성남동2(종합운동장부근)", "source_pdf": "성남동2(종합운동장부근).pdf", "source_page": 1, "reason": "소방차 진입곤란 지정", "note": "", "stroke_width_pt": 4.25, "georef_median_error_m": 1.9, "georef_p90_error_m": 4.53, "georef_inliers": 175, "sheet_count": 1}}, {"type": "Feature", "geometry": {"type": "LineString", "coordinates": [[127.1411189, 37.4327134], [127.1413421, 37.4324569]]}, "properties": {"id": "seongnam2-impassable-088", "dong": "성남동2(종합운동장부근)", "source_pdf": "성남동2(종합운동장부근).pdf", "source_page": 1, "reason": "소방차 진입곤란 지정", "note": "", "stroke_width_pt": 4.25, "georef_median_error_m": 1.9, "georef_p90_error_m": 4.53, "georef_inliers": 175, "sheet_count": 1}}, {"type": "Feature", "geometry": {"type": "LineString", "coordinates": [[127.1403169, 37.432714], [127.140469, 37.4325394], [127.1408549, 37.432098]]}, "properties": {"id": "seongnam2-impassable-089", "dong": "성남동2(종합운동장부근)", "source_pdf": "성남동2(종합운동장부근).pdf", "source_page": 1, "reason": "소방차 진입곤란 지정", "note": "", "stroke_width_pt": 4.25, "georef_median_error_m": 1.9, "georef_p90_error_m": 4.53, "georef_inliers": 175, "sheet_count": 1}}, {"type": "Feature", "geometry": {"type": "LineString", "coordinates": [[127.1408494, 37.4327136], [127.1411717, 37.4323287]]}, "properties": {"id": "seongnam2-impassable-090", "dong": "성남동2(종합운동장부근)", "source_pdf": "성남동2(종합운동장부근).pdf", "source_page": 1, "reason": "소방차 진입곤란 지정", "note": "", "stroke_width_pt": 4.25, "georef_median_error_m": 1.9, "georef_p90_error_m": 4.53, "georef_inliers": 175, "sheet_count": 1}}, {"type": "Feature", "geometry": {"type": "LineString", "coordinates": [[127.1477827, 37.4346777], [127.147673, 37.4346196], [127.1476517, 37.4346426], [127.1475513, 37.4347735], [127.147381, 37.4350038], [127.1473537, 37.435045], [127.1474872, 37.4351165]]}, "properties": {"id": "seongnam2-impassable-091", "dong": "성남동2(종합운동장부근)", "source_pdf": "성남동2(종합운동장부근).pdf", "source_page": 1, "reason": "소방차 진입곤란 지정", "note": "", "stroke_width_pt": 4.25, "georef_median_error_m": 1.9, "georef_p90_error_m": 4.53, "georef_inliers": 175, "sheet_count": 1}}, {"type": "Feature", "geometry": {"type": "LineString", "coordinates": [[127.1666194, 37.4553421], [127.1668855, 37.4555723]]}, "properties": {"id": "eunhaeng1-impassable-001", "dong": "은행1동", "source_pdf": "은행1동.pdf", "source_page": 1, "reason": "소방차 진입곤란 지정", "note": "", "stroke_width_pt": 4.25, "georef_median_error_m": 1.15, "georef_p90_error_m": 3.4, "georef_inliers": 131, "sheet_count": 3}}, {"type": "Feature", "geometry": {"type": "LineString", "coordinates": [[127.1663869, 37.4546899], [127.1666843, 37.4547381], [127.1667212, 37.4547505], [127.1667545, 37.4547755], [127.1668218, 37.4548332], [127.1668803, 37.4548834]]}, "properties": {"id": "eunhaeng1-impassable-002", "dong": "은행1동", "source_pdf": "은행1동.pdf", "source_page": 1, "reason": "소방차 진입곤란 지정", "note": "", "stroke_width_pt": 4.25, "georef_median_error_m": 1.15, "georef_p90_error_m": 3.4, "georef_inliers": 131, "sheet_count": 2}}, {"type": "Feature", "geometry": {"type": "LineString", "coordinates": [[127.1659499, 37.4541832], [127.1661862, 37.4543703]]}, "properties": {"id": "eunhaeng1-impassable-003", "dong": "은행1동", "source_pdf": "은행1동.pdf", "source_page": 1, "reason": "소방차 진입곤란 지정", "note": "", "stroke_width_pt": 4.25, "georef_median_error_m": 1.15, "georef_p90_error_m": 3.4, "georef_inliers": 131, "sheet_count": 2}}, {"type": "Feature", "geometry": {"type": "LineString", "coordinates": [[127.1659098, 37.4547399], [127.1656786, 37.454531], [127.1656515, 37.4545117], [127.1654205, 37.4543144]]}, "properties": {"id": "eunhaeng1-impassable-004", "dong": "은행1동", "source_pdf": "은행1동.pdf", "source_page": 1, "reason": "소방차 진입곤란 지정", "note": "", "stroke_width_pt": 4.25, "georef_median_error_m": 1.15, "georef_p90_error_m": 3.4, "georef_inliers": 131, "sheet_count": 2}}, {"type": "Feature", "geometry": {"type": "LineString", "coordinates": [[127.165625, 37.454955], [127.1655084, 37.4548424], [127.1652666, 37.454624]]}, "properties": {"id": "eunhaeng1-impassable-005", "dong": "은행1동", "source_pdf": "은행1동.pdf", "source_page": 1, "reason": "소방차 진입곤란 지정", "note": "", "stroke_width_pt": 4.25, "georef_median_error_m": 1.15, "georef_p90_error_m": 3.4, "georef_inliers": 131, "sheet_count": 2}}, {"type": "Feature", "geometry": {"type": "LineString", "coordinates": [[127.1654972, 37.4550474], [127.1652969, 37.4548464], [127.165149, 37.454716]]}, "properties": {"id": "eunhaeng1-impassable-006", "dong": "은행1동", "source_pdf": "은행1동.pdf", "source_page": 1, "reason": "소방차 진입곤란 지정", "note": "", "stroke_width_pt": 4.25, "georef_median_error_m": 1.15, "georef_p90_error_m": 3.4, "georef_inliers": 131, "sheet_count": 2}}, {"type": "Feature", "geometry": {"type": "LineString", "coordinates": [[127.1645837, 37.4548197], [127.1642692, 37.4545337]]}, "properties": {"id": "eunhaeng1-impassable-007", "dong": "은행1동", "source_pdf": "은행1동.pdf", "source_page": 1, "reason": "소방차 진입곤란 지정", "note": "", "stroke_width_pt": 4.25, "georef_median_error_m": 1.15, "georef_p90_error_m": 3.4, "georef_inliers": 131, "sheet_count": 2}}, {"type": "Feature", "geometry": {"type": "LineString", "coordinates": [[127.1652771, 37.4550456], [127.1650911, 37.4548635], [127.1650202, 37.4547989], [127.1649857, 37.4547707], [127.1649553, 37.4547336], [127.1646559, 37.4544687]]}, "properties": {"id": "eunhaeng1-impassable-008", "dong": "은행1동", "source_pdf": "은행1동.pdf", "source_page": 1, "reason": "소방차 진입곤란 지정", "note": "", "stroke_width_pt": 4.25, "georef_median_error_m": 1.15, "georef_p90_error_m": 3.4, "georef_inliers": 131, "sheet_count": 2}}, {"type": "Feature", "geometry": {"type": "LineString", "coordinates": [[127.1648537, 37.4548706], [127.1644404, 37.4544993]]}, "properties": {"id": "eunhaeng1-impassable-009", "dong": "은행1동", "source_pdf": "은행1동.pdf", "source_page": 1, "reason": "소방차 진입곤란 지정", "note": "", "stroke_width_pt": 4.25, "georef_median_error_m": 1.15, "georef_p90_error_m": 3.4, "georef_inliers": 131, "sheet_count": 2}}, {"type": "Feature", "geometry": {"type": "LineString", "coordinates": [[127.1655611, 37.4545989], [127.1657931, 37.4544307]]}, "properties": {"id": "eunhaeng1-impassable-010", "dong": "은행1동", "source_pdf": "은행1동.pdf", "source_page": 1, "reason": "소방차 진입곤란 지정", "note": "", "stroke_width_pt": 4.25, "georef_median_error_m": 1.15, "georef_p90_error_m": 3.4, "georef_inliers": 131, "sheet_count": 2}}, {"type": "Feature", "geometry": {"type": "LineString", "coordinates": [[127.1653504, 37.4545217], [127.1648188, 37.4549157]]}, "properties": {"id": "eunhaeng1-impassable-011", "dong": "은행1동", "source_pdf": "은행1동.pdf", "source_page": 1, "reason": "소방차 진입곤란 지정", "note": "", "stroke_width_pt": 4.25, "georef_median_error_m": 1.15, "georef_p90_error_m": 3.4, "georef_inliers": 131, "sheet_count": 2}}, {"type": "Feature", "geometry": {"type": "LineString", "coordinates": [[127.1645817, 37.4538593], [127.1646698, 37.4537721], [127.1647812, 37.4536597], [127.1648299, 37.4536115], [127.164884, 37.4535542], [127.165005, 37.4534623], [127.1650867, 37.4533769]]}, "properties": {"id": "eunhaeng1-impassable-012", "dong": "은행1동", "source_pdf": "은행1동.pdf", "source_page": 1, "reason": "소방차 진입곤란 지정", "note": "", "stroke_width_pt": 4.25, "georef_median_error_m": 1.15, "georef_p90_error_m": 3.4, "georef_inliers": 131, "sheet_count": 3}}, {"type": "Feature", "geometry": {"type": "LineString", "coordinates": [[127.1634198, 37.45358], [127.1639156, 37.4535026]]}, "properties": {"id": "eunhaeng1-impassable-013", "dong": "은행1동", "source_pdf": "은행1동.pdf", "source_page": 1, "reason": "소방차 진입곤란 지정", "note": "", "stroke_width_pt": 4.25, "georef_median_error_m": 1.15, "georef_p90_error_m": 3.4, "georef_inliers": 131, "sheet_count": 3}}, {"type": "Feature", "geometry": {"type": "LineString", "coordinates": [[127.1638258, 37.4543142], [127.1638454, 37.4543099], [127.1641733, 37.4542477], [127.1641893, 37.4542444], [127.1643073, 37.4542224]]}, "properties": {"id": "eunhaeng1-impassable-014", "dong": "은행1동", "source_pdf": "은행1동.pdf", "source_page": 1, "reason": "소방차 진입곤란 지정", "note": "", "stroke_width_pt": 4.25, "georef_median_error_m": 1.15, "georef_p90_error_m": 3.4, "georef_inliers": 131, "sheet_count": 2}}, {"type": "Feature", "geometry": {"type": "LineString", "coordinates": [[127.1633043, 37.4534234], [127.1636111, 37.453419]]}, "properties": {"id": "eunhaeng1-impassable-015", "dong": "은행1동", "source_pdf": "은행1동.pdf", "source_page": 1, "reason": "소방차 진입곤란 지정", "note": "", "stroke_width_pt": 4.25, "georef_median_error_m": 1.15, "georef_p90_error_m": 3.4, "georef_inliers": 131, "sheet_count": 3}}, {"type": "Feature", "geometry": {"type": "LineString", "coordinates": [[127.1637853, 37.4541993], [127.1640504, 37.4541454], [127.1640286, 37.4541043], [127.1641101, 37.4540511]]}, "properties": {"id": "eunhaeng1-impassable-016", "dong": "은행1동", "source_pdf": "은행1동.pdf", "source_page": 1, "reason": "소방차 진입곤란 지정", "note": "", "stroke_width_pt": 4.25, "georef_median_error_m": 1.15, "georef_p90_error_m": 3.4, "georef_inliers": 131, "sheet_count": 2}}, {"type": "Feature", "geometry": {"type": "LineString", "coordinates": [[127.1639845, 37.4536079], [127.1639537, 37.4534994], [127.1639554, 37.4534159]]}, "properties": {"id": "eunhaeng1-impassable-017", "dong": "은행1동", "source_pdf": "은행1동.pdf", "source_page": 1, "reason": "소방차 진입곤란 지정", "note": "", "stroke_width_pt": 4.25, "georef_median_error_m": 1.15, "georef_p90_error_m": 3.4, "georef_inliers": 131, "sheet_count": 3}}, {"type": "Feature", "geometry": {"type": "LineString", "coordinates": [[127.1648563, 37.4542659], [127.1644331, 37.4538933]]}, "properties": {"id": "eunhaeng1-impassable-018", "dong": "은행1동", "source_pdf": "은행1동.pdf", "source_page": 1, "reason": "소방차 진입곤란 지정", "note": "", "stroke_width_pt": 4.25, "georef_median_error_m": 1.15, "georef_p90_error_m": 3.4, "georef_inliers": 131, "sheet_count": 3}}, {"type": "Feature", "geometry": {"type": "LineString", "coordinates": [[127.1646793, 37.4543094], [127.1641717, 37.4538672]]}, "properties": {"id": "eunhaeng1-impassable-019", "dong": "은행1동", "source_pdf": "은행1동.pdf", "source_page": 1, "reason": "소방차 진입곤란 지정", "note": "", "stroke_width_pt": 4.25, "georef_median_error_m": 1.15, "georef_p90_error_m": 3.4, "georef_inliers": 131, "sheet_count": 3}}, {"type": "Feature", "geometry": {"type": "LineString", "coordinates": [[127.1655823, 37.4551111], [127.1658639, 37.4553459], [127.16589, 37.4553712], [127.1661102, 37.45556]]}, "properties": {"id": "eunhaeng1-impassable-020", "dong": "은행1동", "source_pdf": "은행1동.pdf", "source_page": 1, "reason": "소방차 진입곤란 지정", "note": "", "stroke_width_pt": 4.25, "georef_median_error_m": 1.15, "georef_p90_error_m": 3.4, "georef_inliers": 131, "sheet_count": 2}}, {"type": "Feature", "geometry": {"type": "LineString", "coordinates": [[127.1657001, 37.455017], [127.1659831, 37.4552574], [127.1660129, 37.4552842], [127.1662255, 37.4554713]]}, "properties": {"id": "eunhaeng1-impassable-021", "dong": "은행1동", "source_pdf": "은행1동.pdf", "source_page": 1, "reason": "소방차 진입곤란 지정", "note": "", "stroke_width_pt": 4.25, "georef_median_error_m": 1.15, "georef_p90_error_m": 3.4, "georef_inliers": 131, "sheet_count": 2}}, {"type": "Feature", "geometry": {"type": "LineString", "coordinates": [[127.1665178, 37.4552603], [127.1660078, 37.4548222]]}, "properties": {"id": "eunhaeng1-impassable-022", "dong": "은행1동", "source_pdf": "은행1동.pdf", "source_page": 1, "reason": "소방차 진입곤란 지정", "note": "", "stroke_width_pt": 4.25, "georef_median_error_m": 1.15, "georef_p90_error_m": 3.4, "georef_inliers": 131, "sheet_count": 2}}, {"type": "Feature", "geometry": {"type": "LineString", "coordinates": [[127.1657696, 37.4554371], [127.1661043, 37.4551888]]}, "properties": {"id": "eunhaeng1-impassable-023", "dong": "은행1동", "source_pdf": "은행1동.pdf", "source_page": 1, "reason": "소방차 진입곤란 지정", "note": "", "stroke_width_pt": 4.25, "georef_median_error_m": 1.15, "georef_p90_error_m": 3.4, "georef_inliers": 131, "sheet_count": 3}}, {"type": "Feature", "geometry": {"type": "LineString", "coordinates": [[127.1662138, 37.4551664], [127.1664494, 37.455003]]}, "properties": {"id": "eunhaeng1-impassable-024", "dong": "은행1동", "source_pdf": "은행1동.pdf", "source_page": 1, "reason": "소방차 진입곤란 지정", "note": "", "stroke_width_pt": 4.25, "georef_median_error_m": 1.15, "georef_p90_error_m": 3.4, "georef_inliers": 131, "sheet_count": 3}}, {"type": "Feature", "geometry": {"type": "LineString", "coordinates": [[127.1664614, 37.4538218], [127.1665807, 37.4540036]]}, "properties": {"id": "eunhaeng1-impassable-025", "dong": "은행1동", "source_pdf": "은행1동.pdf", "source_page": 1, "reason": "소방차 진입곤란 지정", "note": "", "stroke_width_pt": 4.25, "georef_median_error_m": 1.15, "georef_p90_error_m": 3.4, "georef_inliers": 131, "sheet_count": 2}}, {"type": "Feature", "geometry": {"type": "LineString", "coordinates": [[127.166842, 37.4548216], [127.1668893, 37.4547865]]}, "properties": {"id": "eunhaeng1-impassable-026", "dong": "은행1동", "source_pdf": "은행1동.pdf", "source_page": 1, "reason": "소방차 진입곤란 지정", "note": "", "stroke_width_pt": 4.25, "georef_median_error_m": 1.15, "georef_p90_error_m": 3.4, "georef_inliers": 131, "sheet_count": 2}}, {"type": "Feature", "geometry": {"type": "LineString", "coordinates": [[127.1611805, 37.4537164], [127.1618462, 37.4535228]]}, "properties": {"id": "eunhaeng1-impassable-027", "dong": "은행1동", "source_pdf": "은행1동.pdf", "source_page": 1, "reason": "소방차 진입곤란 지정", "note": "", "stroke_width_pt": 4.25, "georef_median_error_m": 1.15, "georef_p90_error_m": 3.4, "georef_inliers": 131, "sheet_count": 3}}, {"type": "Feature", "geometry": {"type": "LineString", "coordinates": [[127.161097, 37.4535287], [127.1617609, 37.4533344]]}, "properties": {"id": "eunhaeng1-impassable-028", "dong": "은행1동", "source_pdf": "은행1동.pdf", "source_page": 1, "reason": "소방차 진입곤란 지정", "note": "", "stroke_width_pt": 4.25, "georef_median_error_m": 1.15, "georef_p90_error_m": 3.4, "georef_inliers": 131, "sheet_count": 2}}, {"type": "Feature", "geometry": {"type": "LineString", "coordinates": [[127.1615395, 37.4525374], [127.1617595, 37.4524723]]}, "properties": {"id": "eunhaeng1-impassable-029", "dong": "은행1동", "source_pdf": "은행1동.pdf", "source_page": 1, "reason": "소방차 진입곤란 지정", "note": "", "stroke_width_pt": 4.25, "georef_median_error_m": 1.15, "georef_p90_error_m": 3.4, "georef_inliers": 131, "sheet_count": 2}}, {"type": "Feature", "geometry": {"type": "LineString", "coordinates": [[127.1610723, 37.451474], [127.1617707, 37.4512826]]}, "properties": {"id": "eunhaeng1-impassable-030", "dong": "은행1동", "source_pdf": "은행1동.pdf", "source_page": 1, "reason": "소방차 진입곤란 지정", "note": "", "stroke_width_pt": 4.25, "georef_median_error_m": 1.15, "georef_p90_error_m": 3.4, "georef_inliers": 131, "sheet_count": 2}}, {"type": "Feature", "geometry": {"type": "LineString", "coordinates": [[127.1632617, 37.449996], [127.1633767, 37.4500178], [127.1635836, 37.4500548], [127.1636245, 37.4500632]]}, "properties": {"id": "eunhaeng1-impassable-031", "dong": "은행1동", "source_pdf": "은행1동.pdf", "source_page": 1, "reason": "소방차 진입곤란 지정", "note": "", "stroke_width_pt": 4.25, "georef_median_error_m": 1.15, "georef_p90_error_m": 3.4, "georef_inliers": 131, "sheet_count": 2}}, {"type": "Feature", "geometry": {"type": "LineString", "coordinates": [[127.1631047, 37.4501889], [127.1631494, 37.4500605]]}, "properties": {"id": "eunhaeng1-impassable-032", "dong": "은행1동", "source_pdf": "은행1동.pdf", "source_page": 1, "reason": "소방차 진입곤란 지정", "note": "", "stroke_width_pt": 4.25, "georef_median_error_m": 1.15, "georef_p90_error_m": 3.4, "georef_inliers": 131, "sheet_count": 2}}, {"type": "Feature", "geometry": {"type": "LineString", "coordinates": [[127.1635969, 37.4502745], [127.1638209, 37.449598]]}, "properties": {"id": "eunhaeng1-impassable-033", "dong": "은행1동", "source_pdf": "은행1동.pdf", "source_page": 1, "reason": "소방차 진입곤란 지정", "note": "", "stroke_width_pt": 4.25, "georef_median_error_m": 1.15, "georef_p90_error_m": 3.4, "georef_inliers": 131, "sheet_count": 2}}, {"type": "Feature", "geometry": {"type": "LineString", "coordinates": [[127.1640362, 37.4503847], [127.1642492, 37.4497123]]}, "properties": {"id": "eunhaeng1-impassable-034", "dong": "은행1동", "source_pdf": "은행1동.pdf", "source_page": 1, "reason": "소방차 진입곤란 지정", "note": "", "stroke_width_pt": 4.25, "georef_median_error_m": 1.15, "georef_p90_error_m": 3.4, "georef_inliers": 131, "sheet_count": 3}}, {"type": "Feature", "geometry": {"type": "LineString", "coordinates": [[127.1649542, 37.4505816], [127.1651848, 37.449903]]}, "properties": {"id": "eunhaeng1-impassable-035", "dong": "은행1동", "source_pdf": "은행1동.pdf", "source_page": 1, "reason": "소방차 진입곤란 지정", "note": "", "stroke_width_pt": 4.25, "georef_median_error_m": 1.15, "georef_p90_error_m": 3.4, "georef_inliers": 131, "sheet_count": 3}}, {"type": "Feature", "geometry": {"type": "LineString", "coordinates": [[127.165405, 37.4506604], [127.1656269, 37.4500014]]}, "properties": {"id": "eunhaeng1-impassable-036", "dong": "은행1동", "source_pdf": "은행1동.pdf", "source_page": 1, "reason": "소방차 진입곤란 지정", "note": "", "stroke_width_pt": 4.25, "georef_median_error_m": 1.15, "georef_p90_error_m": 3.4, "georef_inliers": 131, "sheet_count": 3}}, {"type": "Feature", "geometry": {"type": "LineString", "coordinates": [[127.1652315, 37.4497981], [127.1654275, 37.4492304]]}, "properties": {"id": "eunhaeng1-impassable-037", "dong": "은행1동", "source_pdf": "은행1동.pdf", "source_page": 1, "reason": "소방차 진입곤란 지정", "note": "", "stroke_width_pt": 4.25, "georef_median_error_m": 1.15, "georef_p90_error_m": 3.4, "georef_inliers": 131, "sheet_count": 3}}, {"type": "Feature", "geometry": {"type": "LineString", "coordinates": [[127.1656663, 37.4499008], [127.1658585, 37.4493415]]}, "properties": {"id": "eunhaeng1-impassable-038", "dong": "은행1동", "source_pdf": "은행1동.pdf", "source_page": 1, "reason": "소방차 진입곤란 지정", "note": "", "stroke_width_pt": 4.25, "georef_median_error_m": 1.15, "georef_p90_error_m": 3.4, "georef_inliers": 131, "sheet_count": 2}}, {"type": "Feature", "geometry": {"type": "LineString", "coordinates": [[127.1661508, 37.4504693], [127.1663169, 37.450505], [127.1668117, 37.4506135], [127.1668756, 37.4506275]]}, "properties": {"id": "eunhaeng1-impassable-039", "dong": "은행1동", "source_pdf": "은행1동.pdf", "source_page": 1, "reason": "소방차 진입곤란 지정", "note": "", "stroke_width_pt": 4.25, "georef_median_error_m": 1.15, "georef_p90_error_m": 3.4, "georef_inliers": 131, "sheet_count": 2}}, {"type": "Feature", "geometry": {"type": "LineString", "coordinates": [[127.1662138, 37.4502876], [127.1664381, 37.4503341], [127.1668738, 37.4504314], [127.1668754, 37.4504318]]}, "properties": {"id": "eunhaeng1-impassable-040", "dong": "은행1동", "source_pdf": "은행1동.pdf", "source_page": 1, "reason": "소방차 진입곤란 지정", "note": "", "stroke_width_pt": 4.25, "georef_median_error_m": 1.15, "georef_p90_error_m": 3.4, "georef_inliers": 131, "sheet_count": 2}}, {"type": "Feature", "geometry": {"type": "LineString", "coordinates": [[127.1660794, 37.4506556], [127.1662208, 37.4506854], [127.1663044, 37.450703], [127.1667495, 37.4507959], [127.1667515, 37.4507964], [127.1668758, 37.4508223]]}, "properties": {"id": "eunhaeng1-impassable-041", "dong": "은행1동", "source_pdf": "은행1동.pdf", "source_page": 1, "reason": "소방차 진입곤란 지정", "note": "", "stroke_width_pt": 4.25, "georef_median_error_m": 1.15, "georef_p90_error_m": 3.4, "georef_inliers": 131, "sheet_count": 3}}, {"type": "Feature", "geometry": {"type": "LineString", "coordinates": [[127.1667035, 37.4509357], [127.1667495, 37.4507959], [127.1668117, 37.4506135], [127.1668738, 37.4504314], [127.1668978, 37.4503712]]}, "properties": {"id": "eunhaeng1-impassable-042", "dong": "은행1동", "source_pdf": "은행1동.pdf", "source_page": 1, "reason": "소방차 진입곤란 지정", "note": "", "stroke_width_pt": 4.25, "georef_median_error_m": 1.15, "georef_p90_error_m": 3.4, "georef_inliers": 131, "sheet_count": 3}}, {"type": "Feature", "geometry": {"type": "LineString", "coordinates": [[127.1669027, 37.4511153], [127.1668464, 37.4512744], [127.1668292, 37.4513254], [127.1667613, 37.4515274], [127.1667532, 37.4515563], [127.1667456, 37.4515832], [127.1666983, 37.4516697], [127.1665993, 37.4519704], [127.1665341, 37.4521493]]}, "properties": {"id": "eunhaeng1-impassable-043", "dong": "은행1동", "source_pdf": "은행1동.pdf", "source_page": 1, "reason": "소방차 진입곤란 지정", "note": "", "stroke_width_pt": 4.25, "georef_median_error_m": 1.15, "georef_p90_error_m": 3.4, "georef_inliers": 131, "sheet_count": 3}}, {"type": "Feature", "geometry": {"type": "LineString", "coordinates": [[127.1660857, 37.4511704], [127.1658093, 37.4517425]]}, "properties": {"id": "eunhaeng1-impassable-044", "dong": "은행1동", "source_pdf": "은행1동.pdf", "source_page": 1, "reason": "소방차 진입곤란 지정", "note": "", "stroke_width_pt": 4.25, "georef_median_error_m": 1.15, "georef_p90_error_m": 3.4, "georef_inliers": 131, "sheet_count": 3}}, {"type": "Feature", "geometry": {"type": "LineString", "coordinates": [[127.1662429, 37.4513122], [127.1659661, 37.4518249]]}, "properties": {"id": "eunhaeng1-impassable-045", "dong": "은행1동", "source_pdf": "은행1동.pdf", "source_page": 1, "reason": "소방차 진입곤란 지정", "note": "", "stroke_width_pt": 4.25, "georef_median_error_m": 1.15, "georef_p90_error_m": 3.4, "georef_inliers": 131, "sheet_count": 3}}, {"type": "Feature", "geometry": {"type": "LineString", "coordinates": [[127.1663985, 37.4514338], [127.1661496, 37.451921]]}, "properties": {"id": "eunhaeng1-impassable-046", "dong": "은행1동", "source_pdf": "은행1동.pdf", "source_page": 1, "reason": "소방차 진입곤란 지정", "note": "", "stroke_width_pt": 4.25, "georef_median_error_m": 1.15, "georef_p90_error_m": 3.4, "georef_inliers": 131, "sheet_count": 3}}, {"type": "Feature", "geometry": {"type": "LineString", "coordinates": [[127.1665459, 37.4515436], [127.1663647, 37.4520531]]}, "properties": {"id": "eunhaeng1-impassable-047", "dong": "은행1동", "source_pdf": "은행1동.pdf", "source_page": 1, "reason": "소방차 진입곤란 지정", "note": "", "stroke_width_pt": 4.25, "georef_median_error_m": 1.15, "georef_p90_error_m": 3.4, "georef_inliers": 131, "sheet_count": 3}}, {"type": "Feature", "geometry": {"type": "LineString", "coordinates": [[127.1668764, 37.4513362], [127.1668302, 37.4513256], [127.1668292, 37.4513254], [127.1663352, 37.4512201]]}, "properties": {"id": "eunhaeng1-impassable-048", "dong": "은행1동", "source_pdf": "은행1동.pdf", "source_page": 1, "reason": "소방차 진입곤란 지정", "note": "", "stroke_width_pt": 4.25, "georef_median_error_m": 1.15, "georef_p90_error_m": 3.4, "georef_inliers": 131, "sheet_count": 3}}, {"type": "Feature", "geometry": {"type": "LineString", "coordinates": [[127.1669043, 37.4517791], [127.1667243, 37.4522654]]}, "properties": {"id": "eunhaeng1-impassable-049", "dong": "은행1동", "source_pdf": "은행1동.pdf", "source_page": 1, "reason": "소방차 진입곤란 지정", "note": "", "stroke_width_pt": 4.25, "georef_median_error_m": 1.15, "georef_p90_error_m": 3.4, "georef_inliers": 131, "sheet_count": 2}}, {"type": "Feature", "geometry": {"type": "LineString", "coordinates": [[127.1682661, 37.4550308], [127.1682432, 37.4550158], [127.1680681, 37.4549004]]}, "properties": {"id": "eunhaeng1-impassable-050", "dong": "은행1동", "source_pdf": "은행1동.pdf", "source_page": 1, "reason": "소방차 진입곤란 지정", "note": "", "stroke_width_pt": 4.25, "georef_median_error_m": 1.15, "georef_p90_error_m": 3.4, "georef_inliers": 131, "sheet_count": 3}}, {"type": "Feature", "geometry": {"type": "LineString", "coordinates": [[127.1674389, 37.4553649], [127.1674622, 37.4553859], [127.1674675, 37.4553907], [127.1675624, 37.455476], [127.1676122, 37.4555207], [127.1676492, 37.4555555]]}, "properties": {"id": "eunhaeng1-impassable-051", "dong": "은행1동", "source_pdf": "은행1동.pdf", "source_page": 1, "reason": "소방차 진입곤란 지정", "note": "", "stroke_width_pt": 4.25, "georef_median_error_m": 1.15, "georef_p90_error_m": 3.4, "georef_inliers": 131, "sheet_count": 3}}, {"type": "Feature", "geometry": {"type": "LineString", "coordinates": [[127.1681832, 37.4551023], [127.1681082, 37.4550561], [127.1679774, 37.454999]]}, "properties": {"id": "eunhaeng1-impassable-052", "dong": "은행1동", "source_pdf": "은행1동.pdf", "source_page": 1, "reason": "소방차 진입곤란 지정", "note": "", "stroke_width_pt": 4.25, "georef_median_error_m": 1.15, "georef_p90_error_m": 3.4, "georef_inliers": 131, "sheet_count": 3}}, {"type": "Feature", "geometry": {"type": "LineString", "coordinates": [[127.1678061, 37.4556556], [127.168079, 37.455469], [127.1681655, 37.4553966]]}, "properties": {"id": "eunhaeng1-impassable-053", "dong": "은행1동", "source_pdf": "은행1동.pdf", "source_page": 1, "reason": "소방차 진입곤란 지정", "note": "", "stroke_width_pt": 4.25, "georef_median_error_m": 1.15, "georef_p90_error_m": 3.4, "georef_inliers": 131, "sheet_count": 3}}, {"type": "Feature", "geometry": {"type": "LineString", "coordinates": [[127.1675888, 37.4556306], [127.1676679, 37.4555719], [127.1676728, 37.4555682], [127.1678047, 37.4554886], [127.1680656, 37.455307]]}, "properties": {"id": "eunhaeng1-impassable-054", "dong": "은행1동", "source_pdf": "은행1동.pdf", "source_page": 1, "reason": "소방차 진입곤란 지정", "note": "", "stroke_width_pt": 4.25, "georef_median_error_m": 1.15, "georef_p90_error_m": 3.4, "georef_inliers": 131, "sheet_count": 3}}, {"type": "Feature", "geometry": {"type": "LineString", "coordinates": [[127.1675954, 37.4554518], [127.1676212, 37.4554381], [127.167808, 37.4553123], [127.1679146, 37.455224]]}, "properties": {"id": "eunhaeng1-impassable-055", "dong": "은행1동", "source_pdf": "은행1동.pdf", "source_page": 1, "reason": "소방차 진입곤란 지정", "note": "", "stroke_width_pt": 4.25, "georef_median_error_m": 1.15, "georef_p90_error_m": 3.4, "georef_inliers": 131, "sheet_count": 3}}, {"type": "Feature", "geometry": {"type": "LineString", "coordinates": [[127.1674896, 37.4553678], [127.1676451, 37.4552704]]}, "properties": {"id": "eunhaeng1-impassable-056", "dong": "은행1동", "source_pdf": "은행1동.pdf", "source_page": 1, "reason": "소방차 진입곤란 지정", "note": "", "stroke_width_pt": 4.25, "georef_median_error_m": 1.15, "georef_p90_error_m": 3.4, "georef_inliers": 131, "sheet_count": 3}}, {"type": "Feature", "geometry": {"type": "LineString", "coordinates": [[127.1668811, 37.4555689], [127.1669512, 37.4556296], [127.1669805, 37.4556457], [127.1669919, 37.4556561]]}, "properties": {"id": "eunhaeng1-impassable-057", "dong": "은행1동", "source_pdf": "은행1동.pdf", "source_page": 1, "reason": "소방차 진입곤란 지정", "note": "", "stroke_width_pt": 4.25, "georef_median_error_m": 1.15, "georef_p90_error_m": 3.4, "georef_inliers": 131, "sheet_count": 3}}, {"type": "Feature", "geometry": {"type": "LineString", "coordinates": [[127.1668804, 37.4548836], [127.1669288, 37.4549251]]}, "properties": {"id": "eunhaeng1-impassable-058", "dong": "은행1동", "source_pdf": "은행1동.pdf", "source_page": 1, "reason": "소방차 진입곤란 지정", "note": "", "stroke_width_pt": 4.25, "georef_median_error_m": 1.15, "georef_p90_error_m": 3.4, "georef_inliers": 131, "sheet_count": 3}}, {"type": "Feature", "geometry": {"type": "LineString", "coordinates": [[127.1668803, 37.4547917], [127.1669506, 37.4547415], [127.1670875, 37.4548584], [127.1672069, 37.4549673], [127.1674895, 37.4552237]]}, "properties": {"id": "eunhaeng1-impassable-059", "dong": "은행1동", "source_pdf": "은행1동.pdf", "source_page": 1, "reason": "소방차 진입곤란 지정", "note": "", "stroke_width_pt": 4.25, "georef_median_error_m": 1.15, "georef_p90_error_m": 3.4, "georef_inliers": 131, "sheet_count": 3}}, {"type": "Feature", "geometry": {"type": "LineString", "coordinates": [[127.1671182, 37.4546159], [127.1669704, 37.4547243]]}, "properties": {"id": "eunhaeng1-impassable-060", "dong": "은행1동", "source_pdf": "은행1동.pdf", "source_page": 1, "reason": "소방차 진입곤란 지정", "note": "", "stroke_width_pt": 4.25, "georef_median_error_m": 1.15, "georef_p90_error_m": 3.4, "georef_inliers": 131, "sheet_count": 3}}, {"type": "Feature", "geometry": {"type": "LineString", "coordinates": [[127.1670813, 37.4555454], [127.1669211, 37.4556675]]}, "properties": {"id": "eunhaeng1-impassable-061", "dong": "은행1동", "source_pdf": "은행1동.pdf", "source_page": 1, "reason": "소방차 진입곤란 지정", "note": "", "stroke_width_pt": 4.25, "georef_median_error_m": 1.15, "georef_p90_error_m": 3.4, "georef_inliers": 131, "sheet_count": 3}}, {"type": "Feature", "geometry": {"type": "LineString", "coordinates": [[127.1707801, 37.4556535], [127.1708985, 37.45559]]}, "properties": {"id": "eunhaeng1-impassable-062", "dong": "은행1동", "source_pdf": "은행1동.pdf", "source_page": 1, "reason": "소방차 진입곤란 지정", "note": "", "stroke_width_pt": 4.25, "georef_median_error_m": 1.15, "georef_p90_error_m": 3.4, "georef_inliers": 131, "sheet_count": 3}}, {"type": "Feature", "geometry": {"type": "LineString", "coordinates": [[127.1704729, 37.4556537], [127.1706322, 37.4555659]]}, "properties": {"id": "eunhaeng1-impassable-063", "dong": "은행1동", "source_pdf": "은행1동.pdf", "source_page": 1, "reason": "소방차 진입곤란 지정", "note": "", "stroke_width_pt": 4.25, "georef_median_error_m": 1.15, "georef_p90_error_m": 3.4, "georef_inliers": 131, "sheet_count": 3}}, {"type": "Feature", "geometry": {"type": "LineString", "coordinates": [[127.1701918, 37.4556539], [127.1702719, 37.4556103], [127.1703016, 37.4555949]]}, "properties": {"id": "eunhaeng1-impassable-064", "dong": "은행1동", "source_pdf": "은행1동.pdf", "source_page": 1, "reason": "소방차 진입곤란 지정", "note": "", "stroke_width_pt": 4.25, "georef_median_error_m": 1.15, "georef_p90_error_m": 3.4, "georef_inliers": 131, "sheet_count": 3}}, {"type": "Feature", "geometry": {"type": "LineString", "coordinates": [[127.1668757, 37.4506276], [127.167473, 37.4507578]]}, "properties": {"id": "eunhaeng1-impassable-065", "dong": "은행1동", "source_pdf": "은행1동.pdf", "source_page": 1, "reason": "소방차 진입곤란 지정", "note": "", "stroke_width_pt": 4.25, "georef_median_error_m": 1.15, "georef_p90_error_m": 3.4, "georef_inliers": 131, "sheet_count": 2}}, {"type": "Feature", "geometry": {"type": "LineString", "coordinates": [[127.1668755, 37.4504318], [127.1669102, 37.4504389], [127.1675889, 37.4505864]]}, "properties": {"id": "eunhaeng1-impassable-066", "dong": "은행1동", "source_pdf": "은행1동.pdf", "source_page": 1, "reason": "소방차 진입곤란 지정", "note": "", "stroke_width_pt": 4.25, "georef_median_error_m": 1.15, "georef_p90_error_m": 3.4, "georef_inliers": 131, "sheet_count": 2}}, {"type": "Feature", "geometry": {"type": "LineString", "coordinates": [[127.1668759, 37.4508224], [127.1674103, 37.4509327]]}, "properties": {"id": "eunhaeng1-impassable-067", "dong": "은행1동", "source_pdf": "은행1동.pdf", "source_page": 1, "reason": "소방차 진입곤란 지정", "note": "", "stroke_width_pt": 4.25, "georef_median_error_m": 1.15, "georef_p90_error_m": 3.4, "georef_inliers": 131, "sheet_count": 2}}, {"type": "Feature", "geometry": {"type": "LineString", "coordinates": [[127.1676361, 37.4511601], [127.1677536, 37.4508144]]}, "properties": {"id": "eunhaeng1-impassable-068", "dong": "은행1동", "source_pdf": "은행1동.pdf", "source_page": 1, "reason": "소방차 진입곤란 지정", "note": "", "stroke_width_pt": 4.25, "georef_median_error_m": 1.15, "georef_p90_error_m": 3.4, "georef_inliers": 131, "sheet_count": 2}}, {"type": "Feature", "geometry": {"type": "LineString", "coordinates": [[127.1674279, 37.4510964], [127.1674769, 37.4509478], [127.1675339, 37.4507719], [127.1675937, 37.4505872], [127.1676511, 37.4504175]]}, "properties": {"id": "eunhaeng1-impassable-069", "dong": "은행1동", "source_pdf": "은행1동.pdf", "source_page": 1, "reason": "소방차 진입곤란 지정", "note": "", "stroke_width_pt": 4.25, "georef_median_error_m": 1.15, "georef_p90_error_m": 3.4, "georef_inliers": 131, "sheet_count": 2}}, {"type": "Feature", "geometry": {"type": "LineString", "coordinates": [[127.1678092, 37.4512065], [127.1678952, 37.4509657]]}, "properties": {"id": "eunhaeng1-impassable-070", "dong": "은행1동", "source_pdf": "은행1동.pdf", "source_page": 1, "reason": "소방차 진입곤란 지정", "note": "", "stroke_width_pt": 4.25, "georef_median_error_m": 1.15, "georef_p90_error_m": 3.4, "georef_inliers": 131, "sheet_count": 2}}, {"type": "Feature", "geometry": {"type": "LineString", "coordinates": [[127.1668131, 37.4513835], [127.1668991, 37.4511427]]}, "properties": {"id": "eunhaeng1-impassable-071", "dong": "은행1동", "source_pdf": "은행1동.pdf", "source_page": 1, "reason": "소방차 진입곤란 지정", "note": "", "stroke_width_pt": 4.25, "georef_median_error_m": 1.15, "georef_p90_error_m": 3.4, "georef_inliers": 131, "sheet_count": 3}}, {"type": "Feature", "geometry": {"type": "LineString", "coordinates": [[127.1679879, 37.4512353], [127.1680747, 37.4510145]]}, "properties": {"id": "eunhaeng1-impassable-072", "dong": "은행1동", "source_pdf": "은행1동.pdf", "source_page": 1, "reason": "소방차 진입곤란 지정", "note": "", "stroke_width_pt": 4.25, "georef_median_error_m": 1.15, "georef_p90_error_m": 3.4, "georef_inliers": 131, "sheet_count": 2}}, {"type": "Feature", "geometry": {"type": "LineString", "coordinates": [[127.168345, 37.4513131], [127.1684307, 37.4510993]]}, "properties": {"id": "eunhaeng1-impassable-073", "dong": "은행1동", "source_pdf": "은행1동.pdf", "source_page": 1, "reason": "소방차 진입곤란 지정", "note": "", "stroke_width_pt": 4.25, "georef_median_error_m": 1.15, "georef_p90_error_m": 3.4, "georef_inliers": 131, "sheet_count": 2}}, {"type": "Feature", "geometry": {"type": "LineString", "coordinates": [[127.1685307, 37.4513542], [127.1686144, 37.4511467]]}, "properties": {"id": "eunhaeng1-impassable-074", "dong": "은행1동", "source_pdf": "은행1동.pdf", "source_page": 1, "reason": "소방차 진입곤란 지정", "note": "", "stroke_width_pt": 4.25, "georef_median_error_m": 1.15, "georef_p90_error_m": 3.4, "georef_inliers": 131, "sheet_count": 2}}, {"type": "Feature", "geometry": {"type": "LineString", "coordinates": [[127.1687167, 37.451403], [127.1688011, 37.4511733]]}, "properties": {"id": "eunhaeng1-impassable-075", "dong": "은행1동", "source_pdf": "은행1동.pdf", "source_page": 1, "reason": "소방차 진입곤란 지정", "note": "", "stroke_width_pt": 4.25, "georef_median_error_m": 1.15, "georef_p90_error_m": 3.4, "georef_inliers": 131, "sheet_count": 2}}, {"type": "Feature", "geometry": {"type": "LineString", "coordinates": [[127.1689029, 37.4514399], [127.1689922, 37.4511847]]}, "properties": {"id": "eunhaeng1-impassable-076", "dong": "은행1동", "source_pdf": "은행1동.pdf", "source_page": 1, "reason": "소방차 진입곤란 지정", "note": "", "stroke_width_pt": 4.25, "georef_median_error_m": 1.15, "georef_p90_error_m": 3.4, "georef_inliers": 131, "sheet_count": 2}}, {"type": "Feature", "geometry": {"type": "LineString", "coordinates": [[127.1681674, 37.4512815], [127.1682541, 37.4510539]]}, "properties": {"id": "eunhaeng1-impassable-077", "dong": "은행1동", "source_pdf": "은행1동.pdf", "source_page": 1, "reason": "소방차 진입곤란 지정", "note": "", "stroke_width_pt": 4.25, "georef_median_error_m": 1.15, "georef_p90_error_m": 3.4, "georef_inliers": 131, "sheet_count": 2}}, {"type": "Feature", "geometry": {"type": "LineString", "coordinates": [[127.1668755, 37.4504267], [127.1669227, 37.4502828]]}, "properties": {"id": "eunhaeng1-impassable-078", "dong": "은행1동", "source_pdf": "은행1동.pdf", "source_page": 1, "reason": "소방차 진입곤란 지정", "note": "", "stroke_width_pt": 4.25, "georef_median_error_m": 1.15, "georef_p90_error_m": 3.4, "georef_inliers": 131, "sheet_count": 2}}, {"type": "Feature", "geometry": {"type": "LineString", "coordinates": [[127.1688983, 37.4517642], [127.1694538, 37.4518835], [127.169569, 37.4519093], [127.1702724, 37.452067], [127.170304, 37.4520557], [127.1703378, 37.4520436], [127.1712923, 37.4522457]]}, "properties": {"id": "eunhaeng1-impassable-079", "dong": "은행1동", "source_pdf": "은행1동.pdf", "source_page": 1, "reason": "소방차 진입곤란 지정", "note": "", "stroke_width_pt": 4.25, "georef_median_error_m": 1.15, "georef_p90_error_m": 3.4, "georef_inliers": 131, "sheet_count": 1}}, {"type": "Feature", "geometry": {"type": "LineString", "coordinates": [[127.1688175, 37.4522621], [127.1686598, 37.4527855]]}, "properties": {"id": "eunhaeng1-impassable-080", "dong": "은행1동", "source_pdf": "은행1동.pdf", "source_page": 1, "reason": "소방차 진입곤란 지정", "note": "", "stroke_width_pt": 4.25, "georef_median_error_m": 1.15, "georef_p90_error_m": 3.4, "georef_inliers": 131, "sheet_count": 1}}, {"type": "Feature", "geometry": {"type": "LineString", "coordinates": [[127.1682513, 37.4519555], [127.1680172, 37.4526069]]}, "properties": {"id": "eunhaeng1-impassable-081", "dong": "은행1동", "source_pdf": "은행1동.pdf", "source_page": 1, "reason": "소방차 진입곤란 지정", "note": "", "stroke_width_pt": 4.25, "georef_median_error_m": 1.15, "georef_p90_error_m": 3.4, "georef_inliers": 131, "sheet_count": 2}}, {"type": "Feature", "geometry": {"type": "LineString", "coordinates": [[127.1689957, 37.452296], [127.1688444, 37.4528242]]}, "properties": {"id": "eunhaeng1-impassable-082", "dong": "은행1동", "source_pdf": "은행1동.pdf", "source_page": 1, "reason": "소방차 진입곤란 지정", "note": "", "stroke_width_pt": 4.25, "georef_median_error_m": 1.15, "georef_p90_error_m": 3.4, "georef_inliers": 131, "sheet_count": 1}}, {"type": "Feature", "geometry": {"type": "LineString", "coordinates": [[127.1691799, 37.452328], [127.169027, 37.4528618]]}, "properties": {"id": "eunhaeng1-impassable-083", "dong": "은행1동", "source_pdf": "은행1동.pdf", "source_page": 1, "reason": "소방차 진입곤란 지정", "note": "", "stroke_width_pt": 4.25, "georef_median_error_m": 1.15, "georef_p90_error_m": 3.4, "georef_inliers": 131, "sheet_count": 1}}, {"type": "Feature", "geometry": {"type": "LineString", "coordinates": [[127.1693583, 37.4523727], [127.1692064, 37.4528902]]}, "properties": {"id": "eunhaeng1-impassable-084", "dong": "은행1동", "source_pdf": "은행1동.pdf", "source_page": 1, "reason": "소방차 진입곤란 지정", "note": "", "stroke_width_pt": 4.25, "georef_median_error_m": 1.15, "georef_p90_error_m": 3.4, "georef_inliers": 131, "sheet_count": 1}}, {"type": "Feature", "geometry": {"type": "LineString", "coordinates": [[127.1695582, 37.4524012], [127.1693819, 37.4529417]]}, "properties": {"id": "eunhaeng1-impassable-085", "dong": "은행1동", "source_pdf": "은행1동.pdf", "source_page": 1, "reason": "소방차 진입곤란 지정", "note": "", "stroke_width_pt": 4.25, "georef_median_error_m": 1.15, "georef_p90_error_m": 3.4, "georef_inliers": 131, "sheet_count": 1}}, {"type": "Feature", "geometry": {"type": "LineString", "coordinates": [[127.1697525, 37.4524481], [127.1695675, 37.4529829]]}, "properties": {"id": "eunhaeng1-impassable-086", "dong": "은행1동", "source_pdf": "은행1동.pdf", "source_page": 1, "reason": "소방차 진입곤란 지정", "note": "", "stroke_width_pt": 4.25, "georef_median_error_m": 1.15, "georef_p90_error_m": 3.4, "georef_inliers": 131, "sheet_count": 1}}, {"type": "Feature", "geometry": {"type": "LineString", "coordinates": [[127.169941, 37.4524916], [127.1697517, 37.4530286]]}, "properties": {"id": "eunhaeng1-impassable-087", "dong": "은행1동", "source_pdf": "은행1동.pdf", "source_page": 1, "reason": "소방차 진입곤란 지정", "note": "", "stroke_width_pt": 4.25, "georef_median_error_m": 1.15, "georef_p90_error_m": 3.4, "georef_inliers": 131, "sheet_count": 1}}, {"type": "Feature", "geometry": {"type": "LineString", "coordinates": [[127.1705332, 37.4526371], [127.170342, 37.453151]]}, "properties": {"id": "eunhaeng1-impassable-088", "dong": "은행1동", "source_pdf": "은행1동.pdf", "source_page": 1, "reason": "소방차 진입곤란 지정", "note": "", "stroke_width_pt": 4.25, "georef_median_error_m": 1.15, "georef_p90_error_m": 3.4, "georef_inliers": 131, "sheet_count": 1}}, {"type": "Feature", "geometry": {"type": "LineString", "coordinates": [[127.1703285, 37.4525801], [127.170162, 37.453106]]}, "properties": {"id": "eunhaeng1-impassable-089", "dong": "은행1동", "source_pdf": "은행1동.pdf", "source_page": 1, "reason": "소방차 진입곤란 지정", "note": "", "stroke_width_pt": 4.25, "georef_median_error_m": 1.15, "georef_p90_error_m": 3.4, "georef_inliers": 131, "sheet_count": 1}}, {"type": "Feature", "geometry": {"type": "LineString", "coordinates": [[127.1696294, 37.4517372], [127.1695853, 37.4518625], [127.169569, 37.4519093], [127.1694965, 37.4521175], [127.1694945, 37.4521233], [127.1694932, 37.4521272], [127.1694363, 37.4522882]]}, "properties": {"id": "eunhaeng1-impassable-090", "dong": "은행1동", "source_pdf": "은행1동.pdf", "source_page": 1, "reason": "소방차 진입곤란 지정", "note": "", "stroke_width_pt": 4.25, "georef_median_error_m": 1.15, "georef_p90_error_m": 3.4, "georef_inliers": 131, "sheet_count": 2}}, {"type": "Feature", "geometry": {"type": "LineString", "coordinates": [[127.1695443, 37.4521351], [127.1701528, 37.4522746]]}, "properties": {"id": "eunhaeng1-impassable-091", "dong": "은행1동", "source_pdf": "은행1동.pdf", "source_page": 1, "reason": "소방차 진입곤란 지정", "note": "", "stroke_width_pt": 4.25, "georef_median_error_m": 1.15, "georef_p90_error_m": 3.4, "georef_inliers": 131, "sheet_count": 1}}, {"type": "Feature", "geometry": {"type": "LineString", "coordinates": [[127.1694488, 37.4521074], [127.1691113, 37.4520329]]}, "properties": {"id": "eunhaeng1-impassable-092", "dong": "은행1동", "source_pdf": "은행1동.pdf", "source_page": 1, "reason": "소방차 진입곤란 지정", "note": "", "stroke_width_pt": 4.25, "georef_median_error_m": 1.15, "georef_p90_error_m": 3.4, "georef_inliers": 131, "sheet_count": 1}}, {"type": "Feature", "geometry": {"type": "LineString", "coordinates": [[127.1716073, 37.4526766], [127.1715041, 37.4526564], [127.1708984, 37.4525063]]}, "properties": {"id": "eunhaeng1-impassable-093", "dong": "은행1동", "source_pdf": "은행1동.pdf", "source_page": 1, "reason": "소방차 진입곤란 지정", "note": "", "stroke_width_pt": 4.25, "georef_median_error_m": 1.15, "georef_p90_error_m": 3.4, "georef_inliers": 131, "sheet_count": 1}}, {"type": "Feature", "geometry": {"type": "LineString", "coordinates": [[127.168586, 37.4522741], [127.1681725, 37.4521812], [127.1677322, 37.4520854]]}, "properties": {"id": "eunhaeng1-impassable-094", "dong": "은행1동", "source_pdf": "은행1동.pdf", "source_page": 1, "reason": "소방차 진입곤란 지정", "note": "", "stroke_width_pt": 4.25, "georef_median_error_m": 1.15, "georef_p90_error_m": 3.4, "georef_inliers": 131, "sheet_count": 2}}, {"type": "Feature", "geometry": {"type": "LineString", "coordinates": [[127.1685107, 37.4524979], [127.1681185, 37.4524105], [127.1680227, 37.4523902], [127.1676328, 37.4523079]]}, "properties": {"id": "eunhaeng1-impassable-095", "dong": "은행1동", "source_pdf": "은행1동.pdf", "source_page": 1, "reason": "소방차 진입곤란 지정", "note": "", "stroke_width_pt": 4.25, "georef_median_error_m": 1.15, "georef_p90_error_m": 3.4, "georef_inliers": 131, "sheet_count": 2}}, {"type": "Feature", "geometry": {"type": "LineString", "coordinates": [[127.1675493, 37.4513049], [127.1675089, 37.4514316], [127.1674927, 37.451478], [127.167421, 37.4516832], [127.1674176, 37.4516948]]}, "properties": {"id": "eunhaeng1-impassable-096", "dong": "은행1동", "source_pdf": "은행1동.pdf", "source_page": 1, "reason": "소방차 진입곤란 지정", "note": "", "stroke_width_pt": 4.25, "georef_median_error_m": 1.15, "georef_p90_error_m": 3.4, "georef_inliers": 131, "sheet_count": 3}}, {"type": "Feature", "geometry": {"type": "LineString", "coordinates": [[127.1671573, 37.4516984], [127.1669432, 37.4523143]]}, "properties": {"id": "eunhaeng1-impassable-097", "dong": "은행1동", "source_pdf": "은행1동.pdf", "source_page": 1, "reason": "소방차 진입곤란 지정", "note": "", "stroke_width_pt": 4.25, "georef_median_error_m": 1.15, "georef_p90_error_m": 3.4, "georef_inliers": 131, "sheet_count": 3}}, {"type": "Feature", "geometry": {"type": "LineString", "coordinates": [[127.1675453, 37.4518019], [127.1674075, 37.4521825], [127.1673064, 37.4524255]]}, "properties": {"id": "eunhaeng1-impassable-098", "dong": "은행1동", "source_pdf": "은행1동.pdf", "source_page": 1, "reason": "소방차 진입곤란 지정", "note": "", "stroke_width_pt": 4.25, "georef_median_error_m": 1.15, "georef_p90_error_m": 3.4, "georef_inliers": 131, "sheet_count": 2}}, {"type": "Feature", "geometry": {"type": "LineString", "coordinates": [[127.1677394, 37.4518412], [127.1676766, 37.452074], [127.1676706, 37.4520962], [127.1675926, 37.452299], [127.1675221, 37.4524876]]}, "properties": {"id": "eunhaeng1-impassable-099", "dong": "은행1동", "source_pdf": "은행1동.pdf", "source_page": 1, "reason": "소방차 진입곤란 지정", "note": "", "stroke_width_pt": 4.25, "georef_median_error_m": 1.15, "georef_p90_error_m": 3.4, "georef_inliers": 131, "sheet_count": 2}}, {"type": "Feature", "geometry": {"type": "LineString", "coordinates": [[127.1673586, 37.4517575], [127.1671279, 37.4523705]]}, "properties": {"id": "eunhaeng1-impassable-100", "dong": "은행1동", "source_pdf": "은행1동.pdf", "source_page": 1, "reason": "소방차 진입곤란 지정", "note": "", "stroke_width_pt": 4.25, "georef_median_error_m": 1.15, "georef_p90_error_m": 3.4, "georef_inliers": 131, "sheet_count": 2}}, {"type": "Feature", "geometry": {"type": "LineString", "coordinates": [[127.1682057, 37.451456], [127.1681479, 37.4516202], [127.1681466, 37.451624], [127.1680834, 37.4518244]]}, "properties": {"id": "eunhaeng1-impassable-101", "dong": "은행1동", "source_pdf": "은행1동.pdf", "source_page": 1, "reason": "소방차 진입곤란 지정", "note": "", "stroke_width_pt": 4.25, "georef_median_error_m": 1.15, "georef_p90_error_m": 3.4, "georef_inliers": 131, "sheet_count": 2}}, {"type": "Feature", "geometry": {"type": "LineString", "coordinates": [[127.1687184, 37.4517448], [127.1681466, 37.451624], [127.1681431, 37.4516233], [127.1674934, 37.4514782], [127.1674927, 37.451478], [127.1668765, 37.4513363]]}, "properties": {"id": "eunhaeng1-impassable-102", "dong": "은행1동", "source_pdf": "은행1동.pdf", "source_page": 1, "reason": "소방차 진입곤란 지정", "note": "", "stroke_width_pt": 4.25, "georef_median_error_m": 1.15, "georef_p90_error_m": 3.4, "georef_inliers": 131, "sheet_count": 3}}, {"type": "Feature", "geometry": {"type": "LineString", "coordinates": [[127.1669533, 37.4516492], [127.1668606, 37.4518968]]}, "properties": {"id": "eunhaeng1-impassable-103", "dong": "은행1동", "source_pdf": "은행1동.pdf", "source_page": 1, "reason": "소방차 진입곤란 지정", "note": "", "stroke_width_pt": 4.25, "georef_median_error_m": 1.15, "georef_p90_error_m": 3.4, "georef_inliers": 131, "sheet_count": 3}}, {"type": "Feature", "geometry": {"type": "LineString", "coordinates": [[127.1702568, 37.4523655], [127.1707571, 37.4524731], [127.1708273, 37.452491], [127.1708778, 37.4525018]]}, "properties": {"id": "eunhaeng1-impassable-104", "dong": "은행1동", "source_pdf": "은행1동.pdf", "source_page": 1, "reason": "소방차 진입곤란 지정", "note": "", "stroke_width_pt": 4.25, "georef_median_error_m": 1.15, "georef_p90_error_m": 3.4, "georef_inliers": 131, "sheet_count": 1}}, {"type": "Feature", "geometry": {"type": "LineString", "coordinates": [[127.1668479, 37.4548233], [127.1668725, 37.4548061]]}, "properties": {"id": "eunhaeng2-1-impassable-083", "dong": "은행2동1", "source_pdf": "은행2동1.pdf", "source_page": 1, "reason": "소방차 진입곤란 지정", "note": "", "stroke_width_pt": 4.25, "georef_median_error_m": 1.49, "georef_p90_error_m": 3.26, "georef_inliers": 174, "sheet_count": 1}}, {"type": "Feature", "geometry": {"type": "LineString", "coordinates": [[127.1661138, 37.4555609], [127.1658657, 37.4553449]]}, "properties": {"id": "eunhaeng2-1-impassable-088", "dong": "은행2동1", "source_pdf": "은행2동1.pdf", "source_page": 1, "reason": "소방차 진입곤란 지정", "note": "", "stroke_width_pt": 4.25, "georef_median_error_m": 1.49, "georef_p90_error_m": 3.26, "georef_inliers": 174, "sheet_count": 1}}, {"type": "Feature", "geometry": {"type": "LineString", "coordinates": [[127.1662369, 37.4554764], [127.1660057, 37.4552723]]}, "properties": {"id": "eunhaeng2-1-impassable-089", "dong": "은행2동1", "source_pdf": "은행2동1.pdf", "source_page": 1, "reason": "소방차 진입곤란 지정", "note": "", "stroke_width_pt": 4.25, "georef_median_error_m": 1.49, "georef_p90_error_m": 3.26, "georef_inliers": 174, "sheet_count": 1}}, {"type": "Feature", "geometry": {"type": "LineString", "coordinates": [[127.1665231, 37.455262], [127.1663412, 37.455108]]}, "properties": {"id": "eunhaeng2-1-impassable-090", "dong": "은행2동1", "source_pdf": "은행2동1.pdf", "source_page": 1, "reason": "소방차 진입곤란 지정", "note": "", "stroke_width_pt": 4.25, "georef_median_error_m": 1.49, "georef_p90_error_m": 3.26, "georef_inliers": 174, "sheet_count": 1}}, {"type": "Feature", "geometry": {"type": "LineString", "coordinates": [[127.1648058, 37.4562788], [127.1647259, 37.4561878]]}, "properties": {"id": "eunhaeng2-2-impassable-001", "dong": "은행2동2", "source_pdf": "은행2동2.pdf", "source_page": 1, "reason": "소방차 진입곤란 지정", "note": "", "stroke_width_pt": 4.25, "georef_median_error_m": 1.31, "georef_p90_error_m": 3.31, "georef_inliers": 173, "sheet_count": 2}}, {"type": "Feature", "geometry": {"type": "LineString", "coordinates": [[127.1662157, 37.4578996], [127.1664232, 37.4581423]]}, "properties": {"id": "eunhaeng2-2-impassable-002", "dong": "은행2동2", "source_pdf": "은행2동2.pdf", "source_page": 1, "reason": "소방차 진입곤란 지정", "note": "", "stroke_width_pt": 4.25, "georef_median_error_m": 1.31, "georef_p90_error_m": 3.31, "georef_inliers": 173, "sheet_count": 2}}, {"type": "Feature", "geometry": {"type": "LineString", "coordinates": [[127.1660936, 37.4578701], [127.1659693, 37.4576959]]}, "properties": {"id": "eunhaeng2-2-impassable-003", "dong": "은행2동2", "source_pdf": "은행2동2.pdf", "source_page": 1, "reason": "소방차 진입곤란 지정", "note": "", "stroke_width_pt": 4.25, "georef_median_error_m": 1.31, "georef_p90_error_m": 3.31, "georef_inliers": 173, "sheet_count": 2}}, {"type": "Feature", "geometry": {"type": "LineString", "coordinates": [[127.1663579, 37.4578043], [127.1664834, 37.4578092]]}, "properties": {"id": "eunhaeng2-2-impassable-004", "dong": "은행2동2", "source_pdf": "은행2동2.pdf", "source_page": 1, "reason": "소방차 진입곤란 지정", "note": "", "stroke_width_pt": 4.25, "georef_median_error_m": 1.31, "georef_p90_error_m": 3.31, "georef_inliers": 173, "sheet_count": 2}}, {"type": "Feature", "geometry": {"type": "LineString", "coordinates": [[127.1663545, 37.4576097], [127.1664525, 37.457611]]}, "properties": {"id": "eunhaeng2-2-impassable-005", "dong": "은행2동2", "source_pdf": "은행2동2.pdf", "source_page": 1, "reason": "소방차 진입곤란 지정", "note": "", "stroke_width_pt": 4.25, "georef_median_error_m": 1.31, "georef_p90_error_m": 3.31, "georef_inliers": 173, "sheet_count": 2}}, {"type": "Feature", "geometry": {"type": "LineString", "coordinates": [[127.1662834, 37.4575675], [127.1661252, 37.4575657]]}, "properties": {"id": "eunhaeng2-2-impassable-006", "dong": "은행2동2", "source_pdf": "은행2동2.pdf", "source_page": 1, "reason": "소방차 진입곤란 지정", "note": "", "stroke_width_pt": 4.25, "georef_median_error_m": 1.31, "georef_p90_error_m": 3.31, "georef_inliers": 173, "sheet_count": 2}}, {"type": "Feature", "geometry": {"type": "LineString", "coordinates": [[127.1663613, 37.4574238], [127.1668946, 37.4571392]]}, "properties": {"id": "eunhaeng2-2-impassable-007", "dong": "은행2동2", "source_pdf": "은행2동2.pdf", "source_page": 1, "reason": "소방차 진입곤란 지정", "note": "", "stroke_width_pt": 4.25, "georef_median_error_m": 1.31, "georef_p90_error_m": 3.31, "georef_inliers": 173, "sheet_count": 2}}, {"type": "Feature", "geometry": {"type": "LineString", "coordinates": [[127.1650982, 37.4574596], [127.1645554, 37.4568308]]}, "properties": {"id": "eunhaeng2-2-impassable-008", "dong": "은행2동2", "source_pdf": "은행2동2.pdf", "source_page": 1, "reason": "소방차 진입곤란 지정", "note": "", "stroke_width_pt": 4.25, "georef_median_error_m": 1.31, "georef_p90_error_m": 3.31, "georef_inliers": 173, "sheet_count": 2}}, {"type": "Feature", "geometry": {"type": "LineString", "coordinates": [[127.1651099, 37.4569154], [127.1648148, 37.4570729]]}, "properties": {"id": "eunhaeng2-2-impassable-009", "dong": "은행2동2", "source_pdf": "은행2동2.pdf", "source_page": 1, "reason": "소방차 진입곤란 지정", "note": "", "stroke_width_pt": 4.25, "georef_median_error_m": 1.31, "georef_p90_error_m": 3.31, "georef_inliers": 173, "sheet_count": 2}}, {"type": "Feature", "geometry": {"type": "LineString", "coordinates": [[127.1646877, 37.4569192], [127.1649704, 37.4567601]]}, "properties": {"id": "eunhaeng2-2-impassable-010", "dong": "은행2동2", "source_pdf": "은행2동2.pdf", "source_page": 1, "reason": "소방차 진입곤란 지정", "note": "", "stroke_width_pt": 4.25, "georef_median_error_m": 1.31, "georef_p90_error_m": 3.31, "georef_inliers": 173, "sheet_count": 2}}, {"type": "Feature", "geometry": {"type": "LineString", "coordinates": [[127.1652507, 37.4573935], [127.1651109, 37.4572356]]}, "properties": {"id": "eunhaeng2-2-impassable-011", "dong": "은행2동2", "source_pdf": "은행2동2.pdf", "source_page": 1, "reason": "소방차 진입곤란 지정", "note": "", "stroke_width_pt": 4.25, "georef_median_error_m": 1.31, "georef_p90_error_m": 3.31, "georef_inliers": 173, "sheet_count": 2}}, {"type": "Feature", "geometry": {"type": "LineString", "coordinates": [[127.1654375, 37.4565526], [127.1656961, 37.4564119]]}, "properties": {"id": "eunhaeng2-2-impassable-012", "dong": "은행2동2", "source_pdf": "은행2동2.pdf", "source_page": 1, "reason": "소방차 진입곤란 지정", "note": "", "stroke_width_pt": 4.25, "georef_median_error_m": 1.31, "georef_p90_error_m": 3.31, "georef_inliers": 173, "sheet_count": 2}}, {"type": "Feature", "geometry": {"type": "LineString", "coordinates": [[127.1658706, 37.4563229], [127.1660438, 37.4562303]]}, "properties": {"id": "eunhaeng2-2-impassable-013", "dong": "은행2동2", "source_pdf": "은행2동2.pdf", "source_page": 1, "reason": "소방차 진입곤란 지정", "note": "", "stroke_width_pt": 4.25, "georef_median_error_m": 1.31, "georef_p90_error_m": 3.31, "georef_inliers": 173, "sheet_count": 2}}, {"type": "Feature", "geometry": {"type": "LineString", "coordinates": [[127.1663567, 37.4567981], [127.1660181, 37.4562713]]}, "properties": {"id": "eunhaeng2-2-impassable-014", "dong": "은행2동2", "source_pdf": "은행2동2.pdf", "source_page": 1, "reason": "소방차 진입곤란 지정", "note": "", "stroke_width_pt": 4.25, "georef_median_error_m": 1.31, "georef_p90_error_m": 3.31, "georef_inliers": 173, "sheet_count": 2}}, {"type": "Feature", "geometry": {"type": "LineString", "coordinates": [[127.1667551, 37.4565857], [127.1662324, 37.4561223]]}, "properties": {"id": "eunhaeng2-2-impassable-015", "dong": "은행2동2", "source_pdf": "은행2동2.pdf", "source_page": 1, "reason": "소방차 진입곤란 지정", "note": "", "stroke_width_pt": 4.25, "georef_median_error_m": 1.31, "georef_p90_error_m": 3.31, "georef_inliers": 173, "sheet_count": 2}}, {"type": "Feature", "geometry": {"type": "LineString", "coordinates": [[127.1666169, 37.4559997], [127.1668873, 37.4562395]]}, "properties": {"id": "eunhaeng2-2-impassable-016", "dong": "은행2동2", "source_pdf": "은행2동2.pdf", "source_page": 1, "reason": "소방차 진입곤란 지정", "note": "", "stroke_width_pt": 4.25, "georef_median_error_m": 1.31, "georef_p90_error_m": 3.31, "georef_inliers": 173, "sheet_count": 2}}, {"type": "Feature", "geometry": {"type": "LineString", "coordinates": [[127.1667846, 37.4559517], [127.166887, 37.4560487]]}, "properties": {"id": "eunhaeng2-2-impassable-017", "dong": "은행2동2", "source_pdf": "은행2동2.pdf", "source_page": 1, "reason": "소방차 진입곤란 지정", "note": "", "stroke_width_pt": 4.25, "georef_median_error_m": 1.31, "georef_p90_error_m": 3.31, "georef_inliers": 173, "sheet_count": 2}}, {"type": "Feature", "geometry": {"type": "LineString", "coordinates": [[127.1664868, 37.4563714], [127.1663897, 37.4564422]]}, "properties": {"id": "eunhaeng2-2-impassable-018", "dong": "은행2동2", "source_pdf": "은행2동2.pdf", "source_page": 1, "reason": "소방차 진입곤란 지정", "note": "", "stroke_width_pt": 4.25, "georef_median_error_m": 1.31, "georef_p90_error_m": 3.31, "georef_inliers": 173, "sheet_count": 2}}, {"type": "Feature", "geometry": {"type": "LineString", "coordinates": [[127.1668944, 37.45569], [127.166853, 37.4557229]]}, "properties": {"id": "eunhaeng2-2-impassable-019", "dong": "은행2동2", "source_pdf": "은행2동2.pdf", "source_page": 1, "reason": "소방차 진입곤란 지정", "note": "", "stroke_width_pt": 4.25, "georef_median_error_m": 1.31, "georef_p90_error_m": 3.31, "georef_inliers": 173, "sheet_count": 2}}, {"type": "Feature", "geometry": {"type": "LineString", "coordinates": [[127.1659511, 37.4570281], [127.1656531, 37.4565669], [127.1655908, 37.4564718], [127.1655001, 37.4563332]]}, "properties": {"id": "eunhaeng2-2-impassable-020", "dong": "은행2동2", "source_pdf": "은행2동2.pdf", "source_page": 1, "reason": "소방차 진입곤란 지정", "note": "", "stroke_width_pt": 4.25, "georef_median_error_m": 1.31, "georef_p90_error_m": 3.31, "georef_inliers": 173, "sheet_count": 2}}, {"type": "Feature", "geometry": {"type": "LineString", "coordinates": [[127.1656825, 37.4571704], [127.1654442, 37.4568649]]}, "properties": {"id": "eunhaeng2-2-impassable-021", "dong": "은행2동2", "source_pdf": "은행2동2.pdf", "source_page": 1, "reason": "소방차 진입곤란 지정", "note": "", "stroke_width_pt": 4.25, "georef_median_error_m": 1.31, "georef_p90_error_m": 3.31, "georef_inliers": 173, "sheet_count": 2}}, {"type": "Feature", "geometry": {"type": "LineString", "coordinates": [[127.1642075, 37.4563192], [127.1644294, 37.4561934]]}, "properties": {"id": "eunhaeng2-2-impassable-022", "dong": "은행2동2", "source_pdf": "은행2동2.pdf", "source_page": 1, "reason": "소방차 진입곤란 지정", "note": "", "stroke_width_pt": 4.25, "georef_median_error_m": 1.31, "georef_p90_error_m": 3.31, "georef_inliers": 173, "sheet_count": 2}}, {"type": "Feature", "geometry": {"type": "LineString", "coordinates": [[127.1669158, 37.4571067], [127.1668695, 37.4570572]]}, "properties": {"id": "eunhaeng2-2-impassable-023", "dong": "은행2동2", "source_pdf": "은행2동2.pdf", "source_page": 1, "reason": "소방차 진입곤란 지정", "note": "", "stroke_width_pt": 4.25, "georef_median_error_m": 1.31, "georef_p90_error_m": 3.31, "georef_inliers": 173, "sheet_count": 2}}, {"type": "Feature", "geometry": {"type": "LineString", "coordinates": [[127.166024, 37.458394], [127.1662121, 37.4582896]]}, "properties": {"id": "eunhaeng2-2-impassable-024", "dong": "은행2동2", "source_pdf": "은행2동2.pdf", "source_page": 1, "reason": "소방차 진입곤란 지정", "note": "", "stroke_width_pt": 4.25, "georef_median_error_m": 1.31, "georef_p90_error_m": 3.31, "georef_inliers": 173, "sheet_count": 2}}, {"type": "Feature", "geometry": {"type": "LineString", "coordinates": [[127.1702356, 37.4561884], [127.1703734, 37.45634], [127.1706259, 37.4566215], [127.1708978, 37.4569288], [127.1709108, 37.4569439]]}, "properties": {"id": "eunhaeng2-2-impassable-025", "dong": "은행2동2", "source_pdf": "은행2동2.pdf", "source_page": 1, "reason": "소방차 진입곤란 지정", "note": "", "stroke_width_pt": 4.25, "georef_median_error_m": 1.31, "georef_p90_error_m": 3.31, "georef_inliers": 173, "sheet_count": 2}}, {"type": "Feature", "geometry": {"type": "LineString", "coordinates": [[127.1707983, 37.4562921], [127.1710299, 37.4565494], [127.1711506, 37.4566886], [127.1711961, 37.4567404]]}, "properties": {"id": "eunhaeng2-2-impassable-026", "dong": "은행2동2", "source_pdf": "은행2동2.pdf", "source_page": 1, "reason": "소방차 진입곤란 지정", "note": "", "stroke_width_pt": 4.25, "georef_median_error_m": 1.31, "georef_p90_error_m": 3.31, "georef_inliers": 173, "sheet_count": 2}}, {"type": "Feature", "geometry": {"type": "LineString", "coordinates": [[127.1706452, 37.4563808], [127.1707448, 37.4564889], [127.1710576, 37.4568383]]}, "properties": {"id": "eunhaeng2-2-impassable-027", "dong": "은행2동2", "source_pdf": "은행2동2.pdf", "source_page": 1, "reason": "소방차 진입곤란 지정", "note": "", "stroke_width_pt": 4.25, "georef_median_error_m": 1.31, "georef_p90_error_m": 3.31, "georef_inliers": 173, "sheet_count": 2}}, {"type": "Feature", "geometry": {"type": "LineString", "coordinates": [[127.170404, 37.4568563], [127.1701086, 37.4567176]]}, "properties": {"id": "eunhaeng2-2-impassable-028", "dong": "은행2동2", "source_pdf": "은행2동2.pdf", "source_page": 1, "reason": "소방차 진입곤란 지정", "note": "", "stroke_width_pt": 4.25, "georef_median_error_m": 1.31, "georef_p90_error_m": 3.31, "georef_inliers": 173, "sheet_count": 2}}, {"type": "Feature", "geometry": {"type": "LineString", "coordinates": [[127.1701062, 37.4567463], [127.1703123, 37.4569721], [127.170468, 37.4571401]]}, "properties": {"id": "eunhaeng2-2-impassable-029", "dong": "은행2동2", "source_pdf": "은행2동2.pdf", "source_page": 1, "reason": "소방차 진입곤란 지정", "note": "", "stroke_width_pt": 4.25, "georef_median_error_m": 1.31, "georef_p90_error_m": 3.31, "georef_inliers": 173, "sheet_count": 2}}, {"type": "Feature", "geometry": {"type": "LineString", "coordinates": [[127.1699727, 37.4568231], [127.1700111, 37.4568648], [127.1702487, 37.4571249], [127.1703389, 37.45722]]}, "properties": {"id": "eunhaeng2-2-impassable-030", "dong": "은행2동2", "source_pdf": "은행2동2.pdf", "source_page": 1, "reason": "소방차 진입곤란 지정", "note": "", "stroke_width_pt": 4.25, "georef_median_error_m": 1.31, "georef_p90_error_m": 3.31, "georef_inliers": 173, "sheet_count": 2}}, {"type": "Feature", "geometry": {"type": "LineString", "coordinates": [[127.1708049, 37.4556469], [127.1705873, 37.4557674]]}, "properties": {"id": "eunhaeng2-2-impassable-031", "dong": "은행2동2", "source_pdf": "은행2동2.pdf", "source_page": 1, "reason": "소방차 진입곤란 지정", "note": "", "stroke_width_pt": 4.25, "georef_median_error_m": 1.31, "georef_p90_error_m": 3.31, "georef_inliers": 173, "sheet_count": 2}}, {"type": "Feature", "geometry": {"type": "LineString", "coordinates": [[127.1710351, 37.4557135], [127.1707092, 37.4558903]]}, "properties": {"id": "eunhaeng2-2-impassable-032", "dong": "은행2동2", "source_pdf": "은행2동2.pdf", "source_page": 1, "reason": "소방차 진입곤란 지정", "note": "", "stroke_width_pt": 4.25, "georef_median_error_m": 1.31, "georef_p90_error_m": 3.31, "georef_inliers": 173, "sheet_count": 2}}, {"type": "Feature", "geometry": {"type": "LineString", "coordinates": [[127.1705207, 37.4558109], [127.1701881, 37.4559918]]}, "properties": {"id": "eunhaeng2-2-impassable-033", "dong": "은행2동2", "source_pdf": "은행2동2.pdf", "source_page": 1, "reason": "소방차 진입곤란 지정", "note": "", "stroke_width_pt": 4.25, "georef_median_error_m": 1.31, "georef_p90_error_m": 3.31, "georef_inliers": 173, "sheet_count": 2}}, {"type": "Feature", "geometry": {"type": "LineString", "coordinates": [[127.1701394, 37.4560206], [127.1699297, 37.4561283]]}, "properties": {"id": "eunhaeng2-2-impassable-034", "dong": "은행2동2", "source_pdf": "은행2동2.pdf", "source_page": 1, "reason": "소방차 진입곤란 지정", "note": "", "stroke_width_pt": 4.25, "georef_median_error_m": 1.31, "georef_p90_error_m": 3.31, "georef_inliers": 173, "sheet_count": 2}}, {"type": "Feature", "geometry": {"type": "LineString", "coordinates": [[127.1698362, 37.4560141], [127.1700344, 37.4559094]]}, "properties": {"id": "eunhaeng2-2-impassable-035", "dong": "은행2동2", "source_pdf": "은행2동2.pdf", "source_page": 1, "reason": "소방차 진입곤란 지정", "note": "", "stroke_width_pt": 4.25, "georef_median_error_m": 1.31, "georef_p90_error_m": 3.31, "georef_inliers": 173, "sheet_count": 2}}, {"type": "Feature", "geometry": {"type": "LineString", "coordinates": [[127.170093, 37.4558803], [127.1704242, 37.4556947]]}, "properties": {"id": "eunhaeng2-2-impassable-036", "dong": "은행2동2", "source_pdf": "은행2동2.pdf", "source_page": 1, "reason": "소방차 진입곤란 지정", "note": "", "stroke_width_pt": 4.25, "georef_median_error_m": 1.31, "georef_p90_error_m": 3.31, "georef_inliers": 173, "sheet_count": 2}}, {"type": "Feature", "geometry": {"type": "LineString", "coordinates": [[127.1697358, 37.4559058], [127.1699445, 37.455791]]}, "properties": {"id": "eunhaeng2-2-impassable-037", "dong": "은행2동2", "source_pdf": "은행2동2.pdf", "source_page": 1, "reason": "소방차 진입곤란 지정", "note": "", "stroke_width_pt": 4.25, "georef_median_error_m": 1.31, "georef_p90_error_m": 3.31, "georef_inliers": 173, "sheet_count": 2}}, {"type": "Feature", "geometry": {"type": "LineString", "coordinates": [[127.1700048, 37.4557601], [127.1702246, 37.4556443]]}, "properties": {"id": "eunhaeng2-2-impassable-038", "dong": "은행2동2", "source_pdf": "은행2동2.pdf", "source_page": 1, "reason": "소방차 진입곤란 지정", "note": "", "stroke_width_pt": 4.25, "georef_median_error_m": 1.31, "georef_p90_error_m": 3.31, "georef_inliers": 173, "sheet_count": 2}}, {"type": "Feature", "geometry": {"type": "LineString", "coordinates": [[127.1696474, 37.4557835], [127.1698425, 37.4556769]]}, "properties": {"id": "eunhaeng2-2-impassable-039", "dong": "은행2동2", "source_pdf": "은행2동2.pdf", "source_page": 1, "reason": "소방차 진입곤란 지정", "note": "", "stroke_width_pt": 4.25, "georef_median_error_m": 1.31, "georef_p90_error_m": 3.31, "georef_inliers": 173, "sheet_count": 2}}, {"type": "Feature", "geometry": {"type": "LineString", "coordinates": [[127.1697915, 37.4562065], [127.169463, 37.45638]]}, "properties": {"id": "eunhaeng2-2-impassable-040", "dong": "은행2동2", "source_pdf": "은행2동2.pdf", "source_page": 1, "reason": "소방차 진입곤란 지정", "note": "", "stroke_width_pt": 4.25, "georef_median_error_m": 1.31, "georef_p90_error_m": 3.31, "georef_inliers": 173, "sheet_count": 2}}, {"type": "Feature", "geometry": {"type": "LineString", "coordinates": [[127.1693736, 37.4562649], [127.169705, 37.456088]]}, "properties": {"id": "eunhaeng2-2-impassable-041", "dong": "은행2동2", "source_pdf": "은행2동2.pdf", "source_page": 1, "reason": "소방차 진입곤란 지정", "note": "", "stroke_width_pt": 4.25, "georef_median_error_m": 1.31, "georef_p90_error_m": 3.31, "georef_inliers": 173, "sheet_count": 2}}, {"type": "Feature", "geometry": {"type": "LineString", "coordinates": [[127.1696171, 37.45598], [127.1692705, 37.456159]]}, "properties": {"id": "eunhaeng2-2-impassable-042", "dong": "은행2동2", "source_pdf": "은행2동2.pdf", "source_page": 1, "reason": "소방차 진입곤란 지정", "note": "", "stroke_width_pt": 4.25, "georef_median_error_m": 1.31, "georef_p90_error_m": 3.31, "georef_inliers": 173, "sheet_count": 2}}, {"type": "Feature", "geometry": {"type": "LineString", "coordinates": [[127.1691858, 37.4560375], [127.1695095, 37.4558588]]}, "properties": {"id": "eunhaeng2-2-impassable-043", "dong": "은행2동2", "source_pdf": "은행2동2.pdf", "source_page": 1, "reason": "소방차 진입곤란 지정", "note": "", "stroke_width_pt": 4.25, "georef_median_error_m": 1.31, "georef_p90_error_m": 3.31, "georef_inliers": 173, "sheet_count": 2}}, {"type": "Feature", "geometry": {"type": "LineString", "coordinates": [[127.1692225, 37.4566565], [127.1685827, 37.4559047]]}, "properties": {"id": "eunhaeng2-2-impassable-044", "dong": "은행2동2", "source_pdf": "은행2동2.pdf", "source_page": 1, "reason": "소방차 진입곤란 지정", "note": "", "stroke_width_pt": 4.25, "georef_median_error_m": 1.31, "georef_p90_error_m": 3.31, "georef_inliers": 173, "sheet_count": 2}}, {"type": "Feature", "geometry": {"type": "LineString", "coordinates": [[127.168972, 37.4562467], [127.1687117, 37.4563718]]}, "properties": {"id": "eunhaeng2-2-impassable-045", "dong": "은행2동2", "source_pdf": "은행2동2.pdf", "source_page": 1, "reason": "소방차 진입곤란 지정", "note": "", "stroke_width_pt": 4.25, "georef_median_error_m": 1.31, "georef_p90_error_m": 3.31, "georef_inliers": 173, "sheet_count": 2}}, {"type": "Feature", "geometry": {"type": "LineString", "coordinates": [[127.1692769, 37.4567683], [127.1694777, 37.4569924]]}, "properties": {"id": "eunhaeng2-2-impassable-046", "dong": "은행2동2", "source_pdf": "은행2동2.pdf", "source_page": 1, "reason": "소방차 진입곤란 지정", "note": "", "stroke_width_pt": 4.25, "georef_median_error_m": 1.31, "georef_p90_error_m": 3.31, "georef_inliers": 173, "sheet_count": 2}}, {"type": "Feature", "geometry": {"type": "LineString", "coordinates": [[127.1695485, 37.4570664], [127.169916, 37.4574654]]}, "properties": {"id": "eunhaeng2-2-impassable-047", "dong": "은행2동2", "source_pdf": "은행2동2.pdf", "source_page": 1, "reason": "소방차 진입곤란 지정", "note": "", "stroke_width_pt": 4.25, "georef_median_error_m": 1.31, "georef_p90_error_m": 3.31, "georef_inliers": 173, "sheet_count": 2}}, {"type": "Feature", "geometry": {"type": "LineString", "coordinates": [[127.169641, 37.4576241], [127.1692704, 37.4572348]]}, "properties": {"id": "eunhaeng2-2-impassable-048", "dong": "은행2동2", "source_pdf": "은행2동2.pdf", "source_page": 1, "reason": "소방차 진입곤란 지정", "note": "", "stroke_width_pt": 4.25, "georef_median_error_m": 1.31, "georef_p90_error_m": 3.31, "georef_inliers": 173, "sheet_count": 2}}, {"type": "Feature", "geometry": {"type": "LineString", "coordinates": [[127.1691003, 37.4579657], [127.1687397, 37.4575701]]}, "properties": {"id": "eunhaeng2-2-impassable-049", "dong": "은행2동2", "source_pdf": "은행2동2.pdf", "source_page": 1, "reason": "소방차 진입곤란 지정", "note": "", "stroke_width_pt": 4.25, "georef_median_error_m": 1.31, "georef_p90_error_m": 3.31, "georef_inliers": 173, "sheet_count": 2}}, {"type": "Feature", "geometry": {"type": "LineString", "coordinates": [[127.1686058, 37.4576465], [127.1689602, 37.4580469]]}, "properties": {"id": "eunhaeng2-2-impassable-050", "dong": "은행2동2", "source_pdf": "은행2동2.pdf", "source_page": 1, "reason": "소방차 진입곤란 지정", "note": "", "stroke_width_pt": 4.25, "georef_median_error_m": 1.31, "georef_p90_error_m": 3.31, "georef_inliers": 173, "sheet_count": 2}}, {"type": "Feature", "geometry": {"type": "LineString", "coordinates": [[127.1682641, 37.456788], [127.1675655, 37.4565419]]}, "properties": {"id": "eunhaeng2-2-impassable-051", "dong": "은행2동2", "source_pdf": "은행2동2.pdf", "source_page": 1, "reason": "소방차 진입곤란 지정", "note": "", "stroke_width_pt": 4.25, "georef_median_error_m": 1.31, "georef_p90_error_m": 3.31, "georef_inliers": 173, "sheet_count": 2}}, {"type": "Feature", "geometry": {"type": "LineString", "coordinates": [[127.1681852, 37.457192], [127.1678381, 37.4567756]]}, "properties": {"id": "eunhaeng2-2-impassable-052", "dong": "은행2동2", "source_pdf": "은행2동2.pdf", "source_page": 1, "reason": "소방차 진입곤란 지정", "note": "", "stroke_width_pt": 4.25, "georef_median_error_m": 1.31, "georef_p90_error_m": 3.31, "georef_inliers": 173, "sheet_count": 2}}, {"type": "Feature", "geometry": {"type": "LineString", "coordinates": [[127.1683129, 37.457106], [127.167652, 37.4563203]]}, "properties": {"id": "eunhaeng2-2-impassable-053", "dong": "은행2동2", "source_pdf": "은행2동2.pdf", "source_page": 1, "reason": "소방차 진입곤란 지정", "note": "", "stroke_width_pt": 4.25, "georef_median_error_m": 1.31, "georef_p90_error_m": 3.31, "georef_inliers": 173, "sheet_count": 2}}, {"type": "Feature", "geometry": {"type": "LineString", "coordinates": [[127.1684023, 37.4564275], [127.1685854, 37.4563177]]}, "properties": {"id": "eunhaeng2-2-impassable-054", "dong": "은행2동2", "source_pdf": "은행2동2.pdf", "source_page": 1, "reason": "소방차 진입곤란 지정", "note": "", "stroke_width_pt": 4.25, "georef_median_error_m": 1.31, "georef_p90_error_m": 3.31, "georef_inliers": 173, "sheet_count": 2}}, {"type": "Feature", "geometry": {"type": "LineString", "coordinates": [[127.1688908, 37.4568143], [127.1681705, 37.4560158]]}, "properties": {"id": "eunhaeng2-2-impassable-055", "dong": "은행2동2", "source_pdf": "은행2동2.pdf", "source_page": 1, "reason": "소방차 진입곤란 지정", "note": "", "stroke_width_pt": 4.25, "georef_median_error_m": 1.31, "georef_p90_error_m": 3.31, "georef_inliers": 173, "sheet_count": 2}}, {"type": "Feature", "geometry": {"type": "LineString", "coordinates": [[127.1674137, 37.4568101], [127.1672156, 37.4565655]]}, "properties": {"id": "eunhaeng2-2-impassable-056", "dong": "은행2동2", "source_pdf": "은행2동2.pdf", "source_page": 1, "reason": "소방차 진입곤란 지정", "note": "", "stroke_width_pt": 4.25, "georef_median_error_m": 1.31, "georef_p90_error_m": 3.31, "georef_inliers": 173, "sheet_count": 2}}, {"type": "Feature", "geometry": {"type": "LineString", "coordinates": [[127.1672467, 37.4568476], [127.1670751, 37.4566356]]}, "properties": {"id": "eunhaeng2-2-impassable-057", "dong": "은행2동2", "source_pdf": "은행2동2.pdf", "source_page": 1, "reason": "소방차 진입곤란 지정", "note": "", "stroke_width_pt": 4.25, "georef_median_error_m": 1.31, "georef_p90_error_m": 3.31, "georef_inliers": 173, "sheet_count": 2}}, {"type": "Feature", "geometry": {"type": "LineString", "coordinates": [[127.166928, 37.4567285], [127.1670783, 37.4569048]]}, "properties": {"id": "eunhaeng2-2-impassable-058", "dong": "은행2동2", "source_pdf": "은행2동2.pdf", "source_page": 1, "reason": "소방차 진입곤란 지정", "note": "", "stroke_width_pt": 4.25, "georef_median_error_m": 1.31, "georef_p90_error_m": 3.31, "georef_inliers": 173, "sheet_count": 2}}, {"type": "Feature", "geometry": {"type": "LineString", "coordinates": [[127.1669963, 37.4556571], [127.1671169, 37.4557674]]}, "properties": {"id": "eunhaeng2-2-impassable-059", "dong": "은행2동2", "source_pdf": "은행2동2.pdf", "source_page": 1, "reason": "소방차 진입곤란 지정", "note": "", "stroke_width_pt": 4.25, "georef_median_error_m": 1.31, "georef_p90_error_m": 3.31, "georef_inliers": 173, "sheet_count": 2}}, {"type": "Feature", "geometry": {"type": "LineString", "coordinates": [[127.1670777, 37.4564107], [127.1668859, 37.4562398]]}, "properties": {"id": "eunhaeng2-2-impassable-060", "dong": "은행2동2", "source_pdf": "은행2동2.pdf", "source_page": 1, "reason": "소방차 진입곤란 지정", "note": "", "stroke_width_pt": 4.25, "georef_median_error_m": 1.31, "georef_p90_error_m": 3.31, "georef_inliers": 173, "sheet_count": 2}}, {"type": "Feature", "geometry": {"type": "LineString", "coordinates": [[127.1672147, 37.456334], [127.1668895, 37.4560504]]}, "properties": {"id": "eunhaeng2-2-impassable-061", "dong": "은행2동2", "source_pdf": "은행2동2.pdf", "source_page": 1, "reason": "소방차 진입곤란 지정", "note": "", "stroke_width_pt": 4.25, "georef_median_error_m": 1.31, "georef_p90_error_m": 3.31, "georef_inliers": 173, "sheet_count": 2}}, {"type": "Feature", "geometry": {"type": "LineString", "coordinates": [[127.1675353, 37.4561688], [127.167373, 37.455996], [127.1671828, 37.4558256]]}, "properties": {"id": "eunhaeng2-2-impassable-062", "dong": "은행2동2", "source_pdf": "은행2동2.pdf", "source_page": 1, "reason": "소방차 진입곤란 지정", "note": "", "stroke_width_pt": 4.25, "georef_median_error_m": 1.31, "georef_p90_error_m": 3.31, "georef_inliers": 173, "sheet_count": 2}}, {"type": "Feature", "geometry": {"type": "LineString", "coordinates": [[127.1668742, 37.4557051], [127.1669541, 37.4556476]]}, "properties": {"id": "eunhaeng2-2-impassable-063", "dong": "은행2동2", "source_pdf": "은행2동2.pdf", "source_page": 1, "reason": "소방차 진입곤란 지정", "note": "", "stroke_width_pt": 4.25, "georef_median_error_m": 1.31, "georef_p90_error_m": 3.31, "georef_inliers": 173, "sheet_count": 2}}, {"type": "Feature", "geometry": {"type": "LineString", "coordinates": [[127.1677818, 37.455679], [127.1678132, 37.4556565]]}, "properties": {"id": "eunhaeng2-2-impassable-064", "dong": "은행2동2", "source_pdf": "은행2동2.pdf", "source_page": 1, "reason": "소방차 진입곤란 지정", "note": "", "stroke_width_pt": 4.25, "georef_median_error_m": 1.31, "georef_p90_error_m": 3.31, "georef_inliers": 173, "sheet_count": 2}}, {"type": "Feature", "geometry": {"type": "LineString", "coordinates": [[127.1668836, 37.4571445], [127.1669219, 37.4571243], [127.1668758, 37.4570652]]}, "properties": {"id": "eunhaeng2-2-impassable-065", "dong": "은행2동2", "source_pdf": "은행2동2.pdf", "source_page": 1, "reason": "소방차 진입곤란 지정", "note": "", "stroke_width_pt": 4.25, "georef_median_error_m": 1.31, "georef_p90_error_m": 3.31, "georef_inliers": 173, "sheet_count": 2}}, {"type": "Feature", "geometry": {"type": "LineString", "coordinates": [[127.1677614, 37.45679], [127.1680935, 37.4566019]]}, "properties": {"id": "eunhaeng2-2-impassable-128", "dong": "은행2동2", "source_pdf": "은행2동2.pdf", "source_page": 1, "reason": "소방차 진입곤란 지정", "note": "", "stroke_width_pt": 4.25, "georef_median_error_m": 1.31, "georef_p90_error_m": 3.31, "georef_inliers": 173, "sheet_count": 2}}, {"type": "Feature", "geometry": {"type": "LineString", "coordinates": [[127.1682447, 37.4565174], [127.1683403, 37.4564621]]}, "properties": {"id": "eunhaeng2-2-impassable-129", "dong": "은행2동2", "source_pdf": "은행2동2.pdf", "source_page": 1, "reason": "소방차 진입곤란 지정", "note": "", "stroke_width_pt": 4.25, "georef_median_error_m": 1.31, "georef_p90_error_m": 3.31, "georef_inliers": 173, "sheet_count": 2}}, {"type": "Feature", "geometry": {"type": "LineString", "coordinates": [[127.1533876, 37.4421281], [127.1532877, 37.4422742]]}, "properties": {"id": "jungang1-impassable-001", "dong": "중앙동1", "source_pdf": "중앙동1.pdf", "source_page": 1, "reason": "소방차 진입곤란 지정", "note": "", "stroke_width_pt": 2.84, "georef_median_error_m": 1.47, "georef_p90_error_m": 3.02, "georef_inliers": 101, "sheet_count": 2}}, {"type": "Feature", "geometry": {"type": "LineString", "coordinates": [[127.1532873, 37.4417015], [127.1532953, 37.4416895], [127.1533845, 37.4415216], [127.1533849, 37.4415209], [127.153485, 37.4413964]]}, "properties": {"id": "jungang1-impassable-002", "dong": "중앙동1", "source_pdf": "중앙동1.pdf", "source_page": 1, "reason": "소방차 진입곤란 지정", "note": "", "stroke_width_pt": 2.84, "georef_median_error_m": 1.47, "georef_p90_error_m": 3.02, "georef_inliers": 101, "sheet_count": 2}}, {"type": "Feature", "geometry": {"type": "LineString", "coordinates": [[127.1533515, 37.4419133], [127.1534555, 37.4417665], [127.1535087, 37.441693], [127.1535638, 37.441602], [127.1535647, 37.4416004], [127.1536252, 37.4415146], [127.153657, 37.4414643]]}, "properties": {"id": "jungang1-impassable-003", "dong": "중앙동1", "source_pdf": "중앙동1.pdf", "source_page": 1, "reason": "소방차 진입곤란 지정", "note": "", "stroke_width_pt": 2.84, "georef_median_error_m": 1.47, "georef_p90_error_m": 3.02, "georef_inliers": 101, "sheet_count": 2}}, {"type": "Feature", "geometry": {"type": "LineString", "coordinates": [[127.1533634, 37.4413241], [127.1534989, 37.4413811], [127.1535002, 37.4413817], [127.1536573, 37.4414457], [127.1536673, 37.4414498], [127.1537644, 37.4414888], [127.1537879, 37.4415007], [127.15385, 37.4415319], [127.1539841, 37.4415931], [127.1539943, 37.4415975], [127.1540712, 37.4416306], [127.1541037, 37.4416451]]}, "properties": {"id": "jungang1-impassable-004", "dong": "중앙동1", "source_pdf": "중앙동1.pdf", "source_page": 1, "reason": "소방차 진입곤란 지정", "note": "", "stroke_width_pt": 2.84, "georef_median_error_m": 1.47, "georef_p90_error_m": 3.02, "georef_inliers": 101, "sheet_count": 2}}, {"type": "Feature", "geometry": {"type": "LineString", "coordinates": [[127.1535091, 37.4419882], [127.1537272, 37.4416965]]}, "properties": {"id": "jungang1-impassable-005", "dong": "중앙동1", "source_pdf": "중앙동1.pdf", "source_page": 1, "reason": "소방차 진입곤란 지정", "note": "", "stroke_width_pt": 2.84, "georef_median_error_m": 1.47, "georef_p90_error_m": 3.02, "georef_inliers": 101, "sheet_count": 2}}, {"type": "Feature", "geometry": {"type": "LineString", "coordinates": [[127.1536896, 37.4416359], [127.1538355, 37.4414175]]}, "properties": {"id": "jungang1-impassable-006", "dong": "중앙동1", "source_pdf": "중앙동1.pdf", "source_page": 1, "reason": "소방차 진입곤란 지정", "note": "", "stroke_width_pt": 2.84, "georef_median_error_m": 1.47, "georef_p90_error_m": 3.02, "georef_inliers": 101, "sheet_count": 2}}, {"type": "Feature", "geometry": {"type": "LineString", "coordinates": [[127.1526434, 37.4425533], [127.1528138, 37.4423276]]}, "properties": {"id": "jungang1-impassable-007", "dong": "중앙동1", "source_pdf": "중앙동1.pdf", "source_page": 1, "reason": "소방차 진입곤란 지정", "note": "", "stroke_width_pt": 2.84, "georef_median_error_m": 1.47, "georef_p90_error_m": 3.02, "georef_inliers": 101, "sheet_count": 2}}, {"type": "Feature", "geometry": {"type": "LineString", "coordinates": [[127.1528033, 37.442633], [127.1528762, 37.4425299], [127.1529548, 37.4424269], [127.1529815, 37.44239]]}, "properties": {"id": "jungang1-impassable-008", "dong": "중앙동1", "source_pdf": "중앙동1.pdf", "source_page": 1, "reason": "소방차 진입곤란 지정", "note": "", "stroke_width_pt": 2.84, "georef_median_error_m": 1.47, "georef_p90_error_m": 3.02, "georef_inliers": 101, "sheet_count": 2}}, {"type": "Feature", "geometry": {"type": "LineString", "coordinates": [[127.1529619, 37.4427075], [127.1530549, 37.4425768], [127.153126, 37.4424792], [127.1531393, 37.4424622]]}, "properties": {"id": "jungang1-impassable-009", "dong": "중앙동1", "source_pdf": "중앙동1.pdf", "source_page": 1, "reason": "소방차 진입곤란 지정", "note": "", "stroke_width_pt": 2.84, "georef_median_error_m": 1.47, "georef_p90_error_m": 3.02, "georef_inliers": 101, "sheet_count": 2}}, {"type": "Feature", "geometry": {"type": "LineString", "coordinates": [[127.1532872, 37.4422735], [127.1532837, 37.4422787], [127.1531914, 37.4423958]]}, "properties": {"id": "jungang1-impassable-010", "dong": "중앙동1", "source_pdf": "중앙동1.pdf", "source_page": 1, "reason": "소방차 진입곤란 지정", "note": "", "stroke_width_pt": 2.84, "georef_median_error_m": 1.47, "georef_p90_error_m": 3.02, "georef_inliers": 101, "sheet_count": 2}}, {"type": "Feature", "geometry": {"type": "LineString", "coordinates": [[127.1532252, 37.4420605], [127.1531755, 37.4421355], [127.1530212, 37.4423335]]}, "properties": {"id": "jungang1-impassable-011", "dong": "중앙동1", "source_pdf": "중앙동1.pdf", "source_page": 1, "reason": "소방차 진입곤란 지정", "note": "", "stroke_width_pt": 2.84, "georef_median_error_m": 1.47, "georef_p90_error_m": 3.02, "georef_inliers": 101, "sheet_count": 2}}, {"type": "Feature", "geometry": {"type": "LineString", "coordinates": [[127.1530658, 37.4419941], [127.1529589, 37.4421351], [127.1528633, 37.4422573]]}, "properties": {"id": "jungang1-impassable-012", "dong": "중앙동1", "source_pdf": "중앙동1.pdf", "source_page": 1, "reason": "소방차 진입곤란 지정", "note": "", "stroke_width_pt": 2.84, "georef_median_error_m": 1.47, "georef_p90_error_m": 3.02, "georef_inliers": 101, "sheet_count": 2}}, {"type": "Feature", "geometry": {"type": "LineString", "coordinates": [[127.1531915, 37.4418383], [127.1532432, 37.4417668], [127.1532869, 37.4417009]]}, "properties": {"id": "jungang1-impassable-013", "dong": "중앙동1", "source_pdf": "중앙동1.pdf", "source_page": 1, "reason": "소방차 진입곤란 지정", "note": "", "stroke_width_pt": 2.84, "georef_median_error_m": 1.47, "georef_p90_error_m": 3.02, "georef_inliers": 101, "sheet_count": 2}}, {"type": "Feature", "geometry": {"type": "LineString", "coordinates": [[127.1519719, 37.4422221], [127.15213, 37.4420023]]}, "properties": {"id": "jungang1-impassable-014", "dong": "중앙동1", "source_pdf": "중앙동1.pdf", "source_page": 1, "reason": "소방차 진입곤란 지정", "note": "", "stroke_width_pt": 2.84, "georef_median_error_m": 1.47, "georef_p90_error_m": 3.02, "georef_inliers": 101, "sheet_count": 2}}, {"type": "Feature", "geometry": {"type": "LineString", "coordinates": [[127.1472781, 37.4404528], [127.1473241, 37.4403868]]}, "properties": {"id": "jungang1-impassable-015", "dong": "중앙동1", "source_pdf": "중앙동1.pdf", "source_page": 1, "reason": "소방차 진입곤란 지정", "note": "", "stroke_width_pt": 2.84, "georef_median_error_m": 1.47, "georef_p90_error_m": 3.02, "georef_inliers": 101, "sheet_count": 1}}, {"type": "Feature", "geometry": {"type": "LineString", "coordinates": [[127.1504853, 37.4416425], [127.1505164, 37.441576], [127.1505668, 37.4414971], [127.1506402, 37.4413733], [127.1506541, 37.4413444]]}, "properties": {"id": "jungang1-impassable-016", "dong": "중앙동1", "source_pdf": "중앙동1.pdf", "source_page": 1, "reason": "소방차 진입곤란 지정", "note": "", "stroke_width_pt": 2.84, "georef_median_error_m": 1.47, "georef_p90_error_m": 3.02, "georef_inliers": 101, "sheet_count": 1}}, {"type": "Feature", "geometry": {"type": "LineString", "coordinates": [[127.151181, 37.4418702], [127.1512323, 37.4417825], [127.1513308, 37.441635]]}, "properties": {"id": "jungang1-impassable-017", "dong": "중앙동1", "source_pdf": "중앙동1.pdf", "source_page": 1, "reason": "소방차 진입곤란 지정", "note": "", "stroke_width_pt": 2.84, "georef_median_error_m": 1.47, "georef_p90_error_m": 3.02, "georef_inliers": 101, "sheet_count": 2}}, {"type": "Feature", "geometry": {"type": "LineString", "coordinates": [[127.1493418, 37.4412576], [127.1494952, 37.4410173], [127.1496, 37.4408863]]}, "properties": {"id": "jungang1-impassable-018", "dong": "중앙동1", "source_pdf": "중앙동1.pdf", "source_page": 1, "reason": "소방차 진입곤란 지정", "note": "", "stroke_width_pt": 2.84, "georef_median_error_m": 1.47, "georef_p90_error_m": 3.02, "georef_inliers": 101, "sheet_count": 1}}, {"type": "Feature", "geometry": {"type": "LineString", "coordinates": [[127.1513377, 37.4419397], [127.1514873, 37.4417114]]}, "properties": {"id": "jungang1-impassable-019", "dong": "중앙동1", "source_pdf": "중앙동1.pdf", "source_page": 1, "reason": "소방차 진입곤란 지정", "note": "", "stroke_width_pt": 2.84, "georef_median_error_m": 1.47, "georef_p90_error_m": 3.02, "georef_inliers": 101, "sheet_count": 2}}, {"type": "Feature", "geometry": {"type": "LineString", "coordinates": [[127.1516608, 37.4420924], [127.151817, 37.4418641]]}, "properties": {"id": "jungang1-impassable-020", "dong": "중앙동1", "source_pdf": "중앙동1.pdf", "source_page": 1, "reason": "소방차 진입곤란 지정", "note": "", "stroke_width_pt": 2.84, "georef_median_error_m": 1.47, "georef_p90_error_m": 3.02, "georef_inliers": 101, "sheet_count": 2}}, {"type": "Feature", "geometry": {"type": "LineString", "coordinates": [[127.1502835, 37.4415768], [127.1504324, 37.4413702], [127.1504935, 37.4412743]]}, "properties": {"id": "jungang1-impassable-021", "dong": "중앙동1", "source_pdf": "중앙동1.pdf", "source_page": 1, "reason": "소방차 진입곤란 지정", "note": "", "stroke_width_pt": 2.84, "georef_median_error_m": 1.47, "georef_p90_error_m": 3.02, "georef_inliers": 101, "sheet_count": 1}}, {"type": "Feature", "geometry": {"type": "LineString", "coordinates": [[127.1495133, 37.4413178], [127.149656, 37.4411084], [127.1497674, 37.440951]]}, "properties": {"id": "jungang1-impassable-022", "dong": "중앙동1", "source_pdf": "중앙동1.pdf", "source_page": 1, "reason": "소방차 진입곤란 지정", "note": "", "stroke_width_pt": 2.84, "georef_median_error_m": 1.47, "georef_p90_error_m": 3.02, "georef_inliers": 101, "sheet_count": 1}}, {"type": "Feature", "geometry": {"type": "LineString", "coordinates": [[127.15101, 37.4418078], [127.1511635, 37.4415685]]}, "properties": {"id": "jungang1-impassable-023", "dong": "중앙동1", "source_pdf": "중앙동1.pdf", "source_page": 1, "reason": "소방차 진입곤란 지정", "note": "", "stroke_width_pt": 2.84, "georef_median_error_m": 1.47, "georef_p90_error_m": 3.02, "georef_inliers": 101, "sheet_count": 2}}, {"type": "Feature", "geometry": {"type": "LineString", "coordinates": [[127.1514986, 37.4420144], [127.1516538, 37.4417934]]}, "properties": {"id": "jungang1-impassable-024", "dong": "중앙동1", "source_pdf": "중앙동1.pdf", "source_page": 1, "reason": "소방차 진입곤란 지정", "note": "", "stroke_width_pt": 2.84, "georef_median_error_m": 1.47, "georef_p90_error_m": 3.02, "georef_inliers": 101, "sheet_count": 2}}, {"type": "Feature", "geometry": {"type": "LineString", "coordinates": [[127.1482909, 37.4408396], [127.1485775, 37.4404317]]}, "properties": {"id": "jungang1-impassable-025", "dong": "중앙동1", "source_pdf": "중앙동1.pdf", "source_page": 1, "reason": "소방차 진입곤란 지정", "note": "", "stroke_width_pt": 2.84, "georef_median_error_m": 1.47, "georef_p90_error_m": 3.02, "georef_inliers": 101, "sheet_count": 1}}, {"type": "Feature", "geometry": {"type": "LineString", "coordinates": [[127.1501133, 37.4415215], [127.1502624, 37.4413064], [127.1503355, 37.4411974]]}, "properties": {"id": "jungang1-impassable-026", "dong": "중앙동1", "source_pdf": "중앙동1.pdf", "source_page": 1, "reason": "소방차 진입곤란 지정", "note": "", "stroke_width_pt": 2.84, "georef_median_error_m": 1.47, "georef_p90_error_m": 3.02, "georef_inliers": 101, "sheet_count": 1}}, {"type": "Feature", "geometry": {"type": "LineString", "coordinates": [[127.1496902, 37.4413759], [127.1499286, 37.4410313]]}, "properties": {"id": "jungang1-impassable-027", "dong": "중앙동1", "source_pdf": "중앙동1.pdf", "source_page": 1, "reason": "소방차 진입곤란 지정", "note": "", "stroke_width_pt": 2.84, "georef_median_error_m": 1.47, "georef_p90_error_m": 3.02, "georef_inliers": 101, "sheet_count": 1}}, {"type": "Feature", "geometry": {"type": "LineString", "coordinates": [[127.1508327, 37.4417554], [127.1509937, 37.4414964]]}, "properties": {"id": "jungang1-impassable-028", "dong": "중앙동1", "source_pdf": "중앙동1.pdf", "source_page": 1, "reason": "소방차 진입곤란 지정", "note": "", "stroke_width_pt": 2.84, "georef_median_error_m": 1.47, "georef_p90_error_m": 3.02, "georef_inliers": 101, "sheet_count": 1}}, {"type": "Feature", "geometry": {"type": "LineString", "coordinates": [[127.1518133, 37.4421589], [127.1518787, 37.4420634], [127.1519759, 37.4419289]]}, "properties": {"id": "jungang1-impassable-029", "dong": "중앙동1", "source_pdf": "중앙동1.pdf", "source_page": 1, "reason": "소방차 진입곤란 지정", "note": "", "stroke_width_pt": 2.84, "georef_median_error_m": 1.47, "georef_p90_error_m": 3.02, "georef_inliers": 101, "sheet_count": 2}}, {"type": "Feature", "geometry": {"type": "LineString", "coordinates": [[127.1528939, 37.4412983], [127.1527859, 37.4412494], [127.1526312, 37.441181], [127.1526289, 37.4411799], [127.152463, 37.4411041], [127.1523012, 37.4410302], [127.1522974, 37.4410285], [127.1521364, 37.4409571], [127.1519746, 37.4408852], [127.1518119, 37.440813], [127.1518113, 37.4408127], [127.1516476, 37.4407399], [127.1514892, 37.4406694], [127.1513259, 37.4405967], [127.15116, 37.4405228], [127.1509968, 37.4404502], [127.1508883, 37.4404019], [127.1508516, 37.4403853]]}, "properties": {"id": "jungang1-impassable-030", "dong": "중앙동1", "source_pdf": "중앙동1.pdf", "source_page": 1, "reason": "소방차 진입곤란 지정", "note": "", "stroke_width_pt": 2.84, "georef_median_error_m": 1.47, "georef_p90_error_m": 3.02, "georef_inliers": 101, "sheet_count": 2}}, {"type": "Feature", "geometry": {"type": "LineString", "coordinates": [[127.1501444, 37.4404497], [127.1501888, 37.4403856]]}, "properties": {"id": "jungang1-impassable-031", "dong": "중앙동1", "source_pdf": "중앙동1.pdf", "source_page": 1, "reason": "소방차 진입곤란 지정", "note": "", "stroke_width_pt": 2.84, "georef_median_error_m": 1.47, "georef_p90_error_m": 3.02, "georef_inliers": 101, "sheet_count": 1}}, {"type": "Feature", "geometry": {"type": "LineString", "coordinates": [[127.150786, 37.4407599], [127.1509806, 37.4404758]]}, "properties": {"id": "jungang1-impassable-032", "dong": "중앙동1", "source_pdf": "중앙동1.pdf", "source_page": 1, "reason": "소방차 진입곤란 지정", "note": "", "stroke_width_pt": 2.84, "georef_median_error_m": 1.47, "georef_p90_error_m": 3.02, "georef_inliers": 101, "sheet_count": 1}}, {"type": "Feature", "geometry": {"type": "LineString", "coordinates": [[127.150945, 37.4408293], [127.1511471, 37.4405413]]}, "properties": {"id": "jungang1-impassable-033", "dong": "중앙동1", "source_pdf": "중앙동1.pdf", "source_page": 1, "reason": "소방차 진입곤란 지정", "note": "", "stroke_width_pt": 2.84, "georef_median_error_m": 1.47, "georef_p90_error_m": 3.02, "georef_inliers": 101, "sheet_count": 1}}, {"type": "Feature", "geometry": {"type": "LineString", "coordinates": [[127.1512712, 37.4409846], [127.151329, 37.4409084], [127.1514895, 37.4406736], [127.1514892, 37.4406694], [127.1514881, 37.4406539], [127.1515374, 37.4405835]]}, "properties": {"id": "jungang1-impassable-034", "dong": "중앙동1", "source_pdf": "중앙동1.pdf", "source_page": 1, "reason": "소방차 진입곤란 지정", "note": "", "stroke_width_pt": 2.84, "georef_median_error_m": 1.47, "georef_p90_error_m": 3.02, "georef_inliers": 101, "sheet_count": 1}}, {"type": "Feature", "geometry": {"type": "LineString", "coordinates": [[127.151427, 37.4410502], [127.1515361, 37.4409043], [127.1516461, 37.4407436], [127.1516476, 37.4407399], [127.1516526, 37.440727], [127.151713, 37.4406443]]}, "properties": {"id": "jungang1-impassable-035", "dong": "중앙동1", "source_pdf": "중앙동1.pdf", "source_page": 1, "reason": "소방차 진입곤란 지정", "note": "", "stroke_width_pt": 2.84, "georef_median_error_m": 1.47, "georef_p90_error_m": 3.02, "georef_inliers": 101, "sheet_count": 1}}, {"type": "Feature", "geometry": {"type": "LineString", "coordinates": [[127.1523952, 37.4414899], [127.1526253, 37.4411928], [127.1526289, 37.4411799], [127.1526336, 37.4411635], [127.1527773, 37.440961]]}, "properties": {"id": "jungang1-impassable-036", "dong": "중앙동1", "source_pdf": "중앙동1.pdf", "source_page": 1, "reason": "소방차 진입곤란 지정", "note": "", "stroke_width_pt": 2.84, "georef_median_error_m": 1.47, "georef_p90_error_m": 3.02, "georef_inliers": 101, "sheet_count": 2}}, {"type": "Feature", "geometry": {"type": "LineString", "coordinates": [[127.1474529, 37.4405196], [127.1475245, 37.4404264], [127.1475539, 37.4403867]]}, "properties": {"id": "jungang1-impassable-037", "dong": "중앙동1", "source_pdf": "중앙동1.pdf", "source_page": 1, "reason": "소방차 진입곤란 지정", "note": "", "stroke_width_pt": 2.84, "georef_median_error_m": 1.47, "georef_p90_error_m": 3.02, "georef_inliers": 101, "sheet_count": 1}}, {"type": "Feature", "geometry": {"type": "LineString", "coordinates": [[127.1476249, 37.4405777], [127.147689, 37.4404928], [127.1477404, 37.4404243], [127.1477681, 37.4403866]]}, "properties": {"id": "jungang1-impassable-038", "dong": "중앙동1", "source_pdf": "중앙동1.pdf", "source_page": 1, "reason": "소방차 진입곤란 지정", "note": "", "stroke_width_pt": 2.84, "georef_median_error_m": 1.47, "georef_p90_error_m": 3.02, "georef_inliers": 101, "sheet_count": 1}}, {"type": "Feature", "geometry": {"type": "LineString", "coordinates": [[127.1477971, 37.4406387], [127.1479692, 37.4404029], [127.1479918, 37.4403703]]}, "properties": {"id": "jungang1-impassable-039", "dong": "중앙동1", "source_pdf": "중앙동1.pdf", "source_page": 1, "reason": "소방차 진입곤란 지정", "note": "", "stroke_width_pt": 2.84, "georef_median_error_m": 1.47, "georef_p90_error_m": 3.02, "georef_inliers": 101, "sheet_count": 1}}, {"type": "Feature", "geometry": {"type": "LineString", "coordinates": [[127.1479516, 37.4407106], [127.1480664, 37.4405589], [127.1481685, 37.4404195], [127.148191, 37.4403864]]}, "properties": {"id": "jungang1-impassable-040", "dong": "중앙동1", "source_pdf": "중앙동1.pdf", "source_page": 1, "reason": "소방차 진입곤란 지정", "note": "", "stroke_width_pt": 2.84, "georef_median_error_m": 1.47, "georef_p90_error_m": 3.02, "georef_inliers": 101, "sheet_count": 1}}, {"type": "Feature", "geometry": {"type": "LineString", "coordinates": [[127.1481211, 37.4407732], [127.1482286, 37.4406322], [127.1484005, 37.4403863]]}, "properties": {"id": "jungang1-impassable-041", "dong": "중앙동1", "source_pdf": "중앙동1.pdf", "source_page": 1, "reason": "소방차 진입곤란 지정", "note": "", "stroke_width_pt": 2.84, "georef_median_error_m": 1.47, "georef_p90_error_m": 3.02, "georef_inliers": 101, "sheet_count": 1}}, {"type": "Feature", "geometry": {"type": "LineString", "coordinates": [[127.1484905, 37.440916], [127.1487552, 37.4405167]]}, "properties": {"id": "jungang1-impassable-042", "dong": "중앙동1", "source_pdf": "중앙동1.pdf", "source_page": 1, "reason": "소방차 진입곤란 지정", "note": "", "stroke_width_pt": 2.84, "georef_median_error_m": 1.47, "georef_p90_error_m": 3.02, "georef_inliers": 101, "sheet_count": 1}}, {"type": "Feature", "geometry": {"type": "LineString", "coordinates": [[127.1486599, 37.4409943], [127.1489323, 37.4405903]]}, "properties": {"id": "jungang1-impassable-043", "dong": "중앙동1", "source_pdf": "중앙동1.pdf", "source_page": 1, "reason": "소방차 진입곤란 지정", "note": "", "stroke_width_pt": 2.84, "georef_median_error_m": 1.47, "georef_p90_error_m": 3.02, "georef_inliers": 101, "sheet_count": 1}}, {"type": "Feature", "geometry": {"type": "LineString", "coordinates": [[127.1488247, 37.441068], [127.1490934, 37.4406586]]}, "properties": {"id": "jungang1-impassable-044", "dong": "중앙동1", "source_pdf": "중앙동1.pdf", "source_page": 1, "reason": "소방차 진입곤란 지정", "note": "", "stroke_width_pt": 2.84, "georef_median_error_m": 1.47, "georef_p90_error_m": 3.02, "georef_inliers": 101, "sheet_count": 1}}, {"type": "Feature", "geometry": {"type": "LineString", "coordinates": [[127.1489962, 37.4411284], [127.1492526, 37.4407336]]}, "properties": {"id": "jungang1-impassable-045", "dong": "중앙동1", "source_pdf": "중앙동1.pdf", "source_page": 1, "reason": "소방차 진입곤란 지정", "note": "", "stroke_width_pt": 2.84, "georef_median_error_m": 1.47, "georef_p90_error_m": 3.02, "georef_inliers": 101, "sheet_count": 1}}, {"type": "Feature", "geometry": {"type": "LineString", "coordinates": [[127.1491657, 37.4411941], [127.1494226, 37.4408107]]}, "properties": {"id": "jungang1-impassable-046", "dong": "중앙동1", "source_pdf": "중앙동1.pdf", "source_page": 1, "reason": "소방차 진입곤란 지정", "note": "", "stroke_width_pt": 2.84, "georef_median_error_m": 1.47, "georef_p90_error_m": 3.02, "georef_inliers": 101, "sheet_count": 1}}, {"type": "Feature", "geometry": {"type": "LineString", "coordinates": [[127.1486276, 37.4403863], [127.1486193, 37.4404003]]}, "properties": {"id": "jungang1-impassable-047", "dong": "중앙동1", "source_pdf": "중앙동1.pdf", "source_page": 1, "reason": "소방차 진입곤란 지정", "note": "", "stroke_width_pt": 2.84, "georef_median_error_m": 1.47, "georef_p90_error_m": 3.02, "georef_inliers": 101, "sheet_count": 1}}, {"type": "Feature", "geometry": {"type": "LineString", "coordinates": [[127.1490756, 37.4403861], [127.1489746, 37.4405464]]}, "properties": {"id": "jungang1-impassable-048", "dong": "중앙동1", "source_pdf": "중앙동1.pdf", "source_page": 1, "reason": "소방차 진입곤란 지정", "note": "", "stroke_width_pt": 2.84, "georef_median_error_m": 1.47, "georef_p90_error_m": 3.02, "georef_inliers": 101, "sheet_count": 1}}, {"type": "Feature", "geometry": {"type": "LineString", "coordinates": [[127.1492839, 37.440386], [127.1492153, 37.4404933], [127.1491345, 37.4406168]]}, "properties": {"id": "jungang1-impassable-049", "dong": "중앙동1", "source_pdf": "중앙동1.pdf", "source_page": 1, "reason": "소방차 진입곤란 지정", "note": "", "stroke_width_pt": 2.84, "georef_median_error_m": 1.47, "georef_p90_error_m": 3.02, "georef_inliers": 101, "sheet_count": 1}}, {"type": "Feature", "geometry": {"type": "LineString", "coordinates": [[127.1494872, 37.4403859], [127.1494827, 37.4403924], [127.1492976, 37.4406713]]}, "properties": {"id": "jungang1-impassable-050", "dong": "중앙동1", "source_pdf": "중앙동1.pdf", "source_page": 1, "reason": "소방차 진입곤란 지정", "note": "", "stroke_width_pt": 2.84, "georef_median_error_m": 1.47, "georef_p90_error_m": 3.02, "georef_inliers": 101, "sheet_count": 1}}, {"type": "Feature", "geometry": {"type": "LineString", "coordinates": [[127.1496553, 37.4404764], [127.1494689, 37.4407483]]}, "properties": {"id": "jungang1-impassable-051", "dong": "중앙동1", "source_pdf": "중앙동1.pdf", "source_page": 1, "reason": "소방차 진입곤란 지정", "note": "", "stroke_width_pt": 2.84, "georef_median_error_m": 1.47, "georef_p90_error_m": 3.02, "georef_inliers": 101, "sheet_count": 1}}, {"type": "Feature", "geometry": {"type": "LineString", "coordinates": [[127.1498293, 37.4405476], [127.1497718, 37.4406276], [127.1497198, 37.4407044], [127.149638, 37.4408268]]}, "properties": {"id": "jungang1-impassable-052", "dong": "중앙동1", "source_pdf": "중앙동1.pdf", "source_page": 1, "reason": "소방차 진입곤란 지정", "note": "", "stroke_width_pt": 2.84, "georef_median_error_m": 1.47, "georef_p90_error_m": 3.02, "georef_inliers": 101, "sheet_count": 1}}, {"type": "Feature", "geometry": {"type": "LineString", "coordinates": [[127.1500042, 37.4406206], [127.1499401, 37.440708], [127.1498397, 37.4408504], [127.1498054, 37.4409034]]}, "properties": {"id": "jungang1-impassable-053", "dong": "중앙동1", "source_pdf": "중앙동1.pdf", "source_page": 1, "reason": "소방차 진입곤란 지정", "note": "", "stroke_width_pt": 2.84, "georef_median_error_m": 1.47, "georef_p90_error_m": 3.02, "georef_inliers": 101, "sheet_count": 1}}, {"type": "Feature", "geometry": {"type": "LineString", "coordinates": [[127.1501701, 37.4407003], [127.1500119, 37.4409162], [127.1499721, 37.440977]]}, "properties": {"id": "jungang1-impassable-054", "dong": "중앙동1", "source_pdf": "중앙동1.pdf", "source_page": 1, "reason": "소방차 진입곤란 지정", "note": "", "stroke_width_pt": 2.84, "georef_median_error_m": 1.47, "georef_p90_error_m": 3.02, "georef_inliers": 101, "sheet_count": 1}}, {"type": "Feature", "geometry": {"type": "LineString", "coordinates": [[127.152372, 37.4416623], [127.1521682, 37.4419527]]}, "properties": {"id": "jungang1-impassable-055", "dong": "중앙동1", "source_pdf": "중앙동1.pdf", "source_page": 1, "reason": "소방차 진입곤란 지정", "note": "", "stroke_width_pt": 2.84, "georef_median_error_m": 1.47, "georef_p90_error_m": 3.02, "georef_inliers": 101, "sheet_count": 2}}, {"type": "Feature", "geometry": {"type": "LineString", "coordinates": [[127.1520553, 37.4415215], [127.151851, 37.4418118]]}, "properties": {"id": "jungang1-impassable-056", "dong": "중앙동1", "source_pdf": "중앙동1.pdf", "source_page": 1, "reason": "소방차 진입곤란 지정", "note": "", "stroke_width_pt": 2.84, "georef_median_error_m": 1.47, "georef_p90_error_m": 3.02, "georef_inliers": 101, "sheet_count": 2}}, {"type": "Feature", "geometry": {"type": "LineString", "coordinates": [[127.1518858, 37.4414471], [127.1516904, 37.4417338]]}, "properties": {"id": "jungang1-impassable-057", "dong": "중앙동1", "source_pdf": "중앙동1.pdf", "source_page": 1, "reason": "소방차 진입곤란 지정", "note": "", "stroke_width_pt": 2.84, "georef_median_error_m": 1.47, "georef_p90_error_m": 3.02, "georef_inliers": 101, "sheet_count": 2}}, {"type": "Feature", "geometry": {"type": "LineString", "coordinates": [[127.1517241, 37.4413691], [127.151527, 37.4416573]]}, "properties": {"id": "jungang1-impassable-058", "dong": "중앙동1", "source_pdf": "중앙동1.pdf", "source_page": 1, "reason": "소방차 진입곤란 지정", "note": "", "stroke_width_pt": 2.84, "georef_median_error_m": 1.47, "georef_p90_error_m": 3.02, "georef_inliers": 101, "sheet_count": 2}}, {"type": "Feature", "geometry": {"type": "LineString", "coordinates": [[127.1515561, 37.4413049], [127.1514606, 37.4414481], [127.1513892, 37.4415489], [127.1513625, 37.4415903]]}, "properties": {"id": "jungang1-impassable-059", "dong": "중앙동1", "source_pdf": "중앙동1.pdf", "source_page": 1, "reason": "소방차 진입곤란 지정", "note": "", "stroke_width_pt": 2.84, "georef_median_error_m": 1.47, "georef_p90_error_m": 3.02, "georef_inliers": 101, "sheet_count": 2}}, {"type": "Feature", "geometry": {"type": "LineString", "coordinates": [[127.151396, 37.4412264], [127.1512043, 37.4415116]]}, "properties": {"id": "jungang1-impassable-060", "dong": "중앙동1", "source_pdf": "중앙동1.pdf", "source_page": 1, "reason": "소방차 진입곤란 지정", "note": "", "stroke_width_pt": 2.84, "georef_median_error_m": 1.47, "georef_p90_error_m": 3.02, "georef_inliers": 101, "sheet_count": 2}}, {"type": "Feature", "geometry": {"type": "LineString", "coordinates": [[127.1512257, 37.4411548], [127.1510311, 37.4414382]]}, "properties": {"id": "jungang1-impassable-061", "dong": "중앙동1", "source_pdf": "중앙동1.pdf", "source_page": 1, "reason": "소방차 진입곤란 지정", "note": "", "stroke_width_pt": 2.84, "georef_median_error_m": 1.47, "georef_p90_error_m": 3.02, "georef_inliers": 101, "sheet_count": 1}}, {"type": "Feature", "geometry": {"type": "LineString", "coordinates": [[127.1510559, 37.4410741], [127.1509273, 37.4412719], [127.150863, 37.4413641]]}, "properties": {"id": "jungang1-impassable-062", "dong": "중앙동1", "source_pdf": "중앙동1.pdf", "source_page": 1, "reason": "소방차 진입곤란 지정", "note": "", "stroke_width_pt": 2.84, "georef_median_error_m": 1.47, "georef_p90_error_m": 3.02, "georef_inliers": 101, "sheet_count": 1}}, {"type": "Feature", "geometry": {"type": "LineString", "coordinates": [[127.1505746, 37.4408565], [127.1505207, 37.4409359], [127.1504681, 37.4410097], [127.1503989, 37.4411055], [127.1503719, 37.4411434]]}, "properties": {"id": "jungang1-impassable-063", "dong": "중앙동1", "source_pdf": "중앙동1.pdf", "source_page": 1, "reason": "소방차 진입곤란 지정", "note": "", "stroke_width_pt": 2.84, "georef_median_error_m": 1.47, "georef_p90_error_m": 3.02, "georef_inliers": 101, "sheet_count": 1}}, {"type": "Feature", "geometry": {"type": "LineString", "coordinates": [[127.1525653, 37.4415605], [127.1527732, 37.4412669], [127.1527859, 37.4412494], [127.1527942, 37.4412379], [127.152922, 37.441056]]}, "properties": {"id": "jungang1-impassable-064", "dong": "중앙동1", "source_pdf": "중앙동1.pdf", "source_page": 1, "reason": "소방차 진입곤란 지정", "note": "", "stroke_width_pt": 2.84, "georef_median_error_m": 1.47, "georef_p90_error_m": 3.02, "georef_inliers": 101, "sheet_count": 2}}, {"type": "Feature", "geometry": {"type": "LineString", "coordinates": [[127.1520813, 37.441346], [127.1521367, 37.4412677], [127.1522984, 37.4410448], [127.1523012, 37.4410303], [127.1523039, 37.4410169], [127.1524318, 37.4408373]]}, "properties": {"id": "jungang1-impassable-065", "dong": "중앙동1", "source_pdf": "중앙동1.pdf", "source_page": 1, "reason": "소방차 진입곤란 지정", "note": "", "stroke_width_pt": 2.84, "georef_median_error_m": 1.47, "georef_p90_error_m": 3.02, "georef_inliers": 101, "sheet_count": 2}}, {"type": "Feature", "geometry": {"type": "LineString", "coordinates": [[127.152239, 37.4414146], [127.1522705, 37.4413695], [127.1523355, 37.4412797], [127.1524561, 37.441119], [127.152463, 37.4411041], [127.152469, 37.4410911], [127.1526113, 37.4408969]]}, "properties": {"id": "jungang1-impassable-066", "dong": "중앙동1", "source_pdf": "중앙동1.pdf", "source_page": 1, "reason": "소방차 진입곤란 지정", "note": "", "stroke_width_pt": 2.84, "georef_median_error_m": 1.47, "georef_p90_error_m": 3.02, "georef_inliers": 101, "sheet_count": 2}}, {"type": "Feature", "geometry": {"type": "LineString", "coordinates": [[127.1519105, 37.4412748], [127.1521301, 37.4409714], [127.1521364, 37.4409571], [127.1521419, 37.4409446], [127.1522515, 37.4407839]]}, "properties": {"id": "jungang1-impassable-067", "dong": "중앙동1", "source_pdf": "중앙동1.pdf", "source_page": 1, "reason": "소방차 진입곤란 지정", "note": "", "stroke_width_pt": 2.84, "georef_median_error_m": 1.47, "georef_p90_error_m": 3.02, "georef_inliers": 101, "sheet_count": 2}}, {"type": "Feature", "geometry": {"type": "LineString", "coordinates": [[127.151755, 37.4411976], [127.1519703, 37.4409005], [127.1519746, 37.4408852], [127.1519779, 37.4408738], [127.1520256, 37.4408011], [127.1520702, 37.4407336]]}, "properties": {"id": "jungang1-impassable-068", "dong": "중앙동1", "source_pdf": "중앙동1.pdf", "source_page": 1, "reason": "소방차 진입곤란 지정", "note": "", "stroke_width_pt": 2.84, "georef_median_error_m": 1.47, "georef_p90_error_m": 3.02, "georef_inliers": 101, "sheet_count": 2}}, {"type": "Feature", "geometry": {"type": "LineString", "coordinates": [[127.1515946, 37.441124], [127.1516434, 37.4410492], [127.1517009, 37.4409715], [127.1518063, 37.4408271], [127.1518113, 37.4408127], [127.151816, 37.4407996], [127.1518584, 37.4407399]]}, "properties": {"id": "jungang1-impassable-069", "dong": "중앙동1", "source_pdf": "중앙동1.pdf", "source_page": 1, "reason": "소방차 진입곤란 지정", "note": "", "stroke_width_pt": 2.84, "georef_median_error_m": 1.47, "georef_p90_error_m": 3.02, "georef_inliers": 101, "sheet_count": 2}}, {"type": "Feature", "geometry": {"type": "LineString", "coordinates": [[127.1502993, 37.4405201], [127.1503903, 37.4403855]]}, "properties": {"id": "jungang1-impassable-070", "dong": "중앙동1", "source_pdf": "중앙동1.pdf", "source_page": 1, "reason": "소방차 진입곤란 지정", "note": "", "stroke_width_pt": 2.84, "georef_median_error_m": 1.47, "georef_p90_error_m": 3.02, "georef_inliers": 101, "sheet_count": 1}}, {"type": "Feature", "geometry": {"type": "LineString", "coordinates": [[127.1511148, 37.4409047], [127.1513135, 37.4406167]]}, "properties": {"id": "jungang1-impassable-071", "dong": "중앙동1", "source_pdf": "중앙동1.pdf", "source_page": 1, "reason": "소방차 진입곤란 지정", "note": "", "stroke_width_pt": 2.84, "georef_median_error_m": 1.47, "georef_p90_error_m": 3.02, "georef_inliers": 101, "sheet_count": 1}}, {"type": "Feature", "geometry": {"type": "LineString", "coordinates": [[127.1522171, 37.4415913], [127.1520142, 37.4418773]]}, "properties": {"id": "jungang1-impassable-072", "dong": "중앙동1", "source_pdf": "중앙동1.pdf", "source_page": 1, "reason": "소방차 진입곤란 지정", "note": "", "stroke_width_pt": 2.84, "georef_median_error_m": 1.47, "georef_p90_error_m": 3.02, "georef_inliers": 101, "sheet_count": 2}}, {"type": "Feature", "geometry": {"type": "LineString", "coordinates": [[127.1488639, 37.4403862], [127.1488051, 37.4404724]]}, "properties": {"id": "jungang1-impassable-073", "dong": "중앙동1", "source_pdf": "중앙동1.pdf", "source_page": 1, "reason": "소방차 진입곤란 지정", "note": "", "stroke_width_pt": 2.84, "georef_median_error_m": 1.47, "georef_p90_error_m": 3.02, "georef_inliers": 101, "sheet_count": 1}}, {"type": "Feature", "geometry": {"type": "LineString", "coordinates": [[127.1537986, 37.4376225], [127.1538869, 37.437623], [127.1543301, 37.4376276], [127.1544164, 37.4376223], [127.1547679, 37.4376221], [127.1548575, 37.4376116]]}, "properties": {"id": "jungang1-impassable-074", "dong": "중앙동1", "source_pdf": "중앙동1.pdf", "source_page": 1, "reason": "소방차 진입곤란 지정", "note": "", "stroke_width_pt": 2.84, "georef_median_error_m": 1.47, "georef_p90_error_m": 3.02, "georef_inliers": 101, "sheet_count": 1}}, {"type": "Feature", "geometry": {"type": "LineString", "coordinates": [[127.1464915, 37.4384708], [127.1466446, 37.4385381], [127.1468046, 37.4386082], [127.1469612, 37.438677], [127.1471361, 37.4387537], [127.1471365, 37.4387539], [127.1473104, 37.4388302], [127.1474683, 37.4388995], [127.1476282, 37.4389697], [127.1476284, 37.4389698], [127.1477893, 37.43904], [127.1479559, 37.4391126], [127.148115, 37.439182], [127.1481272, 37.4391876], [127.1481469, 37.4391966], [127.1483063, 37.4392684], [127.1484784, 37.4393458], [127.1486376, 37.4394175], [127.1487703, 37.4394772], [127.1488047, 37.4394919], [127.1489706, 37.4395628], [127.1491987, 37.4396603], [127.1492511, 37.4396827], [127.1493257, 37.439716], [127.1494727, 37.4397817], [127.149656, 37.4398636], [127.1496638, 37.4398672], [127.1498237, 37.4399352], [127.1499567, 37.4399917]]}, "properties": {"id": "jungang1-impassable-075", "dong": "중앙동1", "source_pdf": "중앙동1.pdf", "source_page": 1, "reason": "소방차 진입곤란 지정", "note": "", "stroke_width_pt": 2.84, "georef_median_error_m": 1.47, "georef_p90_error_m": 3.02, "georef_inliers": 101, "sheet_count": 1}}, {"type": "Feature", "geometry": {"type": "LineString", "coordinates": [[127.1474234, 37.4392648], [127.1474659, 37.4392034], [127.1476282, 37.4389697], [127.1478315, 37.4386771], [127.1478437, 37.4386558], [127.1478542, 37.4386375], [127.1481538, 37.4382059], [127.1481637, 37.4381917], [127.1482584, 37.438054], [127.1483574, 37.4379102], [127.1484513, 37.4377737], [127.1485501, 37.4376302], [127.1486266, 37.4375193]]}, "properties": {"id": "jungang1-impassable-076", "dong": "중앙동1", "source_pdf": "중앙동1.pdf", "source_page": 1, "reason": "소방차 진입곤란 지정", "note": "", "stroke_width_pt": 2.84, "georef_median_error_m": 1.47, "georef_p90_error_m": 3.02, "georef_inliers": 101, "sheet_count": 1}}, {"type": "Feature", "geometry": {"type": "LineString", "coordinates": [[127.149605, 37.4402344], [127.1498085, 37.4399486], [127.1498237, 37.4399352], [127.1498401, 37.4399206], [127.1503496, 37.439177], [127.1503857, 37.4391511], [127.1506685, 37.4387427], [127.1506768, 37.4387206], [127.1508956, 37.4384062]]}, "properties": {"id": "jungang1-impassable-077", "dong": "중앙동1", "source_pdf": "중앙동1.pdf", "source_page": 1, "reason": "소방차 진입곤란 지정", "note": "", "stroke_width_pt": 2.84, "georef_median_error_m": 1.47, "georef_p90_error_m": 3.02, "georef_inliers": 101, "sheet_count": 1}}, {"type": "Feature", "geometry": {"type": "LineString", "coordinates": [[127.1471011, 37.4391216], [127.147299, 37.438848], [127.1473104, 37.4388302], [127.1473203, 37.4388148], [127.1475099, 37.4385365]]}, "properties": {"id": "jungang1-impassable-078", "dong": "중앙동1", "source_pdf": "중앙동1.pdf", "source_page": 1, "reason": "소방차 진입곤란 지정", "note": "", "stroke_width_pt": 2.84, "georef_median_error_m": 1.47, "georef_p90_error_m": 3.02, "georef_inliers": 101, "sheet_count": 1}}, {"type": "Feature", "geometry": {"type": "LineString", "coordinates": [[127.1473243, 37.4403865], [127.1474015, 37.4402834], [127.1475084, 37.4401406], [127.147608, 37.4400106]]}, "properties": {"id": "jungang1-impassable-079", "dong": "중앙동1", "source_pdf": "중앙동1.pdf", "source_page": 1, "reason": "소방차 진입곤란 지정", "note": "", "stroke_width_pt": 2.84, "georef_median_error_m": 1.47, "georef_p90_error_m": 3.02, "georef_inliers": 101, "sheet_count": 1}}, {"type": "Feature", "geometry": {"type": "LineString", "coordinates": [[127.1477384, 37.4394125], [127.147795, 37.4393458], [127.1479453, 37.4391284], [127.1479559, 37.4391126], [127.1479677, 37.4390948], [127.1481629, 37.4388213], [127.1481749, 37.4388033], [127.1481859, 37.4387867], [127.148327, 37.4385788], [127.1484975, 37.4383368], [127.1485057, 37.4383252], [127.1486474, 37.4381178], [127.1486685, 37.4380936], [127.1489715, 37.4376559]]}, "properties": {"id": "jungang1-impassable-080", "dong": "중앙동1", "source_pdf": "중앙동1.pdf", "source_page": 1, "reason": "소방차 진입곤란 지정", "note": "", "stroke_width_pt": 2.84, "georef_median_error_m": 1.47, "georef_p90_error_m": 3.02, "georef_inliers": 101, "sheet_count": 1}}, {"type": "Feature", "geometry": {"type": "LineString", "coordinates": [[127.1480863, 37.4374398], [127.148164, 37.4374746], [127.1485083, 37.4376134]]}, "properties": {"id": "jungang1-impassable-081", "dong": "중앙동1", "source_pdf": "중앙동1.pdf", "source_page": 1, "reason": "소방차 진입곤란 지정", "note": "", "stroke_width_pt": 2.84, "georef_median_error_m": 1.47, "georef_p90_error_m": 3.02, "georef_inliers": 101, "sheet_count": 1}}, {"type": "Feature", "geometry": {"type": "LineString", "coordinates": [[127.1484122, 37.4397124], [127.148616, 37.4394411]]}, "properties": {"id": "jungang1-impassable-082", "dong": "중앙동1", "source_pdf": "중앙동1.pdf", "source_page": 1, "reason": "소방차 진입곤란 지정", "note": "", "stroke_width_pt": 2.84, "georef_median_error_m": 1.47, "georef_p90_error_m": 3.02, "georef_inliers": 101, "sheet_count": 1}}, {"type": "Feature", "geometry": {"type": "LineString", "coordinates": [[127.1485801, 37.4397836], [127.1487866, 37.4395132]]}, "properties": {"id": "jungang1-impassable-083", "dong": "중앙동1", "source_pdf": "중앙동1.pdf", "source_page": 1, "reason": "소방차 진입곤란 지정", "note": "", "stroke_width_pt": 2.84, "georef_median_error_m": 1.47, "georef_p90_error_m": 3.02, "georef_inliers": 101, "sheet_count": 1}}, {"type": "Feature", "geometry": {"type": "LineString", "coordinates": [[127.1482478, 37.4396367], [127.148457, 37.4393743]]}, "properties": {"id": "jungang1-impassable-084", "dong": "중앙동1", "source_pdf": "중앙동1.pdf", "source_page": 1, "reason": "소방차 진입곤란 지정", "note": "", "stroke_width_pt": 2.84, "georef_median_error_m": 1.47, "georef_p90_error_m": 3.02, "georef_inliers": 101, "sheet_count": 1}}, {"type": "Feature", "geometry": {"type": "LineString", "coordinates": [[127.1465911, 37.4388974], [127.1467381, 37.4386885], [127.1467961, 37.4386197], [127.1468046, 37.4386082], [127.1468152, 37.4385938], [127.1470068, 37.4383067], [127.14702, 37.4382915], [127.1470337, 37.4382757], [127.1473368, 37.4378338], [127.1475434, 37.4375326], [127.1475528, 37.4375186], [127.1475639, 37.4375022], [127.1478063, 37.4371618]]}, "properties": {"id": "jungang1-impassable-085", "dong": "중앙동1", "source_pdf": "중앙동1.pdf", "source_page": 1, "reason": "소방차 진입곤란 지정", "note": "", "stroke_width_pt": 2.84, "georef_median_error_m": 1.47, "georef_p90_error_m": 3.02, "georef_inliers": 101, "sheet_count": 1}}, {"type": "Feature", "geometry": {"type": "LineString", "coordinates": [[127.1464905, 37.4370636], [127.1465777, 37.4371016], [127.146737, 37.4371712], [127.1469033, 37.4372437], [127.1469045, 37.4372443], [127.147061, 37.4373105], [127.1472246, 37.4373797], [127.1473902, 37.4374498], [127.1475528, 37.4375186], [127.1477167, 37.437588], [127.1478535, 37.437647]]}, "properties": {"id": "jungang1-impassable-086", "dong": "중앙동1", "source_pdf": "중앙동1.pdf", "source_page": 1, "reason": "소방차 진입곤란 지정", "note": "", "stroke_width_pt": 2.84, "georef_median_error_m": 1.47, "georef_p90_error_m": 3.02, "georef_inliers": 101, "sheet_count": 1}}, {"type": "Feature", "geometry": {"type": "LineString", "coordinates": [[127.1464912, 37.4381449], [127.1465233, 37.4380981], [127.1465362, 37.4380803], [127.1465474, 37.4380648], [127.1468486, 37.437623], [127.1468924, 37.4375588], [127.1470519, 37.437326], [127.147061, 37.4373105], [127.1470691, 37.4372969], [127.147311, 37.436946]]}, "properties": {"id": "jungang1-impassable-087", "dong": "중앙동1", "source_pdf": "중앙동1.pdf", "source_page": 1, "reason": "소방차 진입곤란 지정", "note": "", "stroke_width_pt": 2.84, "georef_median_error_m": 1.47, "georef_p90_error_m": 3.02, "georef_inliers": 101, "sheet_count": 1}}, {"type": "Feature", "geometry": {"type": "LineString", "coordinates": [[127.146491, 37.4378381], [127.146676, 37.4375686], [127.1466869, 37.4375532], [127.1468942, 37.4372608], [127.1469033, 37.4372437], [127.1469121, 37.4372271], [127.1471526, 37.4368773]]}, "properties": {"id": "jungang1-impassable-088", "dong": "중앙동1", "source_pdf": "중앙동1.pdf", "source_page": 1, "reason": "소방차 진입곤란 지정", "note": "", "stroke_width_pt": 2.84, "georef_median_error_m": 1.47, "georef_p90_error_m": 3.02, "georef_inliers": 101, "sheet_count": 1}}, {"type": "Feature", "geometry": {"type": "LineString", "coordinates": [[127.1492664, 37.4400902], [127.1494831, 37.4398095], [127.1494727, 37.4397817], [127.149465, 37.4397611], [127.1495927, 37.4395815], [127.1496261, 37.4395207], [127.149975, 37.4390161], [127.1499812, 37.4389797], [127.1505331, 37.4381838]]}, "properties": {"id": "jungang1-impassable-089", "dong": "중앙동1", "source_pdf": "중앙동1.pdf", "source_page": 1, "reason": "소방차 진입곤란 지정", "note": "", "stroke_width_pt": 2.84, "georef_median_error_m": 1.47, "georef_p90_error_m": 3.02, "georef_inliers": 101, "sheet_count": 1}}, {"type": "Feature", "geometry": {"type": "LineString", "coordinates": [[127.1482714, 37.4390507], [127.1484066, 37.4391118], [127.1485568, 37.4391831], [127.1487988, 37.4392886], [127.1489456, 37.4393522], [127.1491007, 37.439419], [127.1493205, 37.439514]]}, "properties": {"id": "jungang1-impassable-090", "dong": "중앙동1", "source_pdf": "중앙동1.pdf", "source_page": 1, "reason": "소방차 진입곤란 지정", "note": "", "stroke_width_pt": 2.84, "georef_median_error_m": 1.47, "georef_p90_error_m": 3.02, "georef_inliers": 101, "sheet_count": 1}}, {"type": "Feature", "geometry": {"type": "LineString", "coordinates": [[127.1464924, 37.4398781], [127.1465818, 37.439918], [127.1465843, 37.4399191], [127.1466659, 37.4399568], [127.1467443, 37.4399908], [127.1467456, 37.4399914], [127.1469078, 37.4400637], [127.1469091, 37.4400642], [127.1470703, 37.440135], [127.1470727, 37.4401361], [127.1472283, 37.4402058], [127.1473625, 37.4402659]]}, "properties": {"id": "jungang1-impassable-091", "dong": "중앙동1", "source_pdf": "중앙동1.pdf", "source_page": 1, "reason": "소방차 진입곤란 지정", "note": "", "stroke_width_pt": 2.84, "georef_median_error_m": 1.47, "georef_p90_error_m": 3.02, "georef_inliers": 101, "sheet_count": 1}}, {"type": "Feature", "geometry": {"type": "LineString", "coordinates": [[127.1464906, 37.4372247], [127.1465648, 37.437118], [127.1465777, 37.4371016], [127.1465887, 37.4370877], [127.1468242, 37.4367393]]}, "properties": {"id": "jungang1-impassable-092", "dong": "중앙동1", "source_pdf": "중앙동1.pdf", "source_page": 1, "reason": "소방차 진입곤란 지정", "note": "", "stroke_width_pt": 2.84, "georef_median_error_m": 1.47, "georef_p90_error_m": 3.02, "georef_inliers": 101, "sheet_count": 1}}, {"type": "Feature", "geometry": {"type": "LineString", "coordinates": [[127.1490912, 37.4400159], [127.1493257, 37.439716]]}, "properties": {"id": "jungang1-impassable-093", "dong": "중앙동1", "source_pdf": "중앙동1.pdf", "source_page": 1, "reason": "소방차 진입곤란 지정", "note": "", "stroke_width_pt": 2.84, "georef_median_error_m": 1.47, "georef_p90_error_m": 3.02, "georef_inliers": 101, "sheet_count": 1}}, {"type": "Feature", "geometry": {"type": "LineString", "coordinates": [[127.1472639, 37.4391968], [127.1474572, 37.4389159], [127.1474683, 37.4388995], [127.1475767, 37.4387399], [127.1476705, 37.4386132]]}, "properties": {"id": "jungang1-impassable-094", "dong": "중앙동1", "source_pdf": "중앙동1.pdf", "source_page": 1, "reason": "소방차 진입곤란 지정", "note": "", "stroke_width_pt": 2.84, "georef_median_error_m": 1.47, "georef_p90_error_m": 3.02, "georef_inliers": 101, "sheet_count": 1}}, {"type": "Feature", "geometry": {"type": "LineString", "coordinates": [[127.1464916, 37.4387368], [127.1465762, 37.4386157], [127.1466341, 37.4385505], [127.1466446, 37.438538], [127.1466539, 37.4385271], [127.1468514, 37.4382366], [127.1468613, 37.4382215], [127.146873, 37.4382036], [127.1471638, 37.4377783], [127.147174, 37.4377635], [127.1473793, 37.4374675], [127.1473902, 37.4374498], [127.1473991, 37.4374355], [127.1476416, 37.4370899]]}, "properties": {"id": "jungang1-impassable-095", "dong": "중앙동1", "source_pdf": "중앙동1.pdf", "source_page": 1, "reason": "소방차 진입곤란 지정", "note": "", "stroke_width_pt": 2.84, "georef_median_error_m": 1.47, "georef_p90_error_m": 3.02, "georef_inliers": 101, "sheet_count": 1}}, {"type": "Feature", "geometry": {"type": "LineString", "coordinates": [[127.1494404, 37.4401646], [127.1496443, 37.4398761], [127.149656, 37.4398637], [127.1496723, 37.439846], [127.1501883, 37.439108], [127.1501883, 37.4390713], [127.1504718, 37.4386594], [127.1504784, 37.4386355], [127.1507108, 37.4382954]]}, "properties": {"id": "jungang1-impassable-096", "dong": "중앙동1", "source_pdf": "중앙동1.pdf", "source_page": 1, "reason": "소방차 진입곤란 지정", "note": "", "stroke_width_pt": 2.84, "georef_median_error_m": 1.47, "georef_p90_error_m": 3.02, "georef_inliers": 101, "sheet_count": 1}}, {"type": "Feature", "geometry": {"type": "LineString", "coordinates": [[127.1478038, 37.4378494], [127.1482225, 37.4380374]]}, "properties": {"id": "jungang1-impassable-097", "dong": "중앙동1", "source_pdf": "중앙동1.pdf", "source_page": 1, "reason": "소방차 진입곤란 지정", "note": "", "stroke_width_pt": 2.84, "georef_median_error_m": 1.47, "georef_p90_error_m": 3.02, "georef_inliers": 101, "sheet_count": 1}}, {"type": "Feature", "geometry": {"type": "LineString", "coordinates": [[127.1478997, 37.4377138], [127.1479408, 37.4377297], [127.1483193, 37.437894]]}, "properties": {"id": "jungang1-impassable-098", "dong": "중앙동1", "source_pdf": "중앙동1.pdf", "source_page": 1, "reason": "소방차 진입곤란 지정", "note": "", "stroke_width_pt": 2.84, "georef_median_error_m": 1.47, "georef_p90_error_m": 3.02, "georef_inliers": 101, "sheet_count": 1}}, {"type": "Feature", "geometry": {"type": "LineString", "coordinates": [[127.1464908, 37.4374691], [127.1465212, 37.4374821], [127.1466869, 37.4375532], [127.1466972, 37.4375576], [127.1468486, 37.437623], [127.1470092, 37.4376923], [127.147174, 37.4377635], [127.1473368, 37.4378338], [127.1473376, 37.4378341], [127.1475, 37.4379044], [127.1476768, 37.4379809], [127.1481637, 37.4381916], [127.1481646, 37.4381921], [127.1483341, 37.4382658], [127.1484975, 37.4383368], [127.148512, 37.4383432], [127.1486427, 37.4383984]]}, "properties": {"id": "jungang1-impassable-099", "dong": "중앙동1", "source_pdf": "중앙동1.pdf", "source_page": 1, "reason": "소방차 진입곤란 지정", "note": "", "stroke_width_pt": 2.84, "georef_median_error_m": 1.47, "georef_p90_error_m": 3.02, "georef_inliers": 101, "sheet_count": 1}}, {"type": "Feature", "geometry": {"type": "LineString", "coordinates": [[127.1464908, 37.4375258], [127.1465212, 37.4374822], [127.1467237, 37.4371903], [127.146737, 37.4371712], [127.1469906, 37.4368063]]}, "properties": {"id": "jungang1-impassable-100", "dong": "중앙동1", "source_pdf": "중앙동1.pdf", "source_page": 1, "reason": "소방차 진입곤란 지정", "note": "", "stroke_width_pt": 2.84, "georef_median_error_m": 1.47, "georef_p90_error_m": 3.02, "georef_inliers": 101, "sheet_count": 1}}, {"type": "Feature", "geometry": {"type": "LineString", "coordinates": [[127.1467507, 37.4389725], [127.1469612, 37.438677], [127.1471794, 37.4383686], [127.1471831, 37.4383633], [127.1474985, 37.4379066], [127.1475, 37.4379044], [127.1477074, 37.4376028], [127.1477167, 37.437588], [127.1477259, 37.4375733], [127.1479597, 37.4372378]]}, "properties": {"id": "jungang1-impassable-101", "dong": "중앙동1", "source_pdf": "중앙동1.pdf", "source_page": 1, "reason": "소방차 진입곤란 지정", "note": "", "stroke_width_pt": 2.84, "georef_median_error_m": 1.47, "georef_p90_error_m": 3.02, "georef_inliers": 101, "sheet_count": 1}}, {"type": "Feature", "geometry": {"type": "LineString", "coordinates": [[127.1475703, 37.4393371], [127.1476934, 37.4391794], [127.1477892, 37.43904], [127.1480009, 37.4387321], [127.1480043, 37.4387273], [127.1483248, 37.4382827], [127.1483341, 37.4382658], [127.148342, 37.4382512], [127.1487956, 37.4375878]]}, "properties": {"id": "jungang1-impassable-102", "dong": "중앙동1", "source_pdf": "중앙동1.pdf", "source_page": 1, "reason": "소방차 진입곤란 지정", "note": "", "stroke_width_pt": 2.84, "georef_median_error_m": 1.47, "georef_p90_error_m": 3.02, "georef_inliers": 101, "sheet_count": 1}}, {"type": "Feature", "geometry": {"type": "LineString", "coordinates": [[127.1487408, 37.4398646], [127.1489535, 37.4395836]]}, "properties": {"id": "jungang1-impassable-103", "dong": "중앙동1", "source_pdf": "중앙동1.pdf", "source_page": 1, "reason": "소방차 진입곤란 지정", "note": "", "stroke_width_pt": 2.84, "georef_median_error_m": 1.47, "georef_p90_error_m": 3.02, "georef_inliers": 101, "sheet_count": 1}}, {"type": "Feature", "geometry": {"type": "LineString", "coordinates": [[127.1479911, 37.4375757], [127.1484098, 37.437756]]}, "properties": {"id": "jungang1-impassable-104", "dong": "중앙동1", "source_pdf": "중앙동1.pdf", "source_page": 1, "reason": "소방차 진입곤란 지정", "note": "", "stroke_width_pt": 2.84, "georef_median_error_m": 1.47, "georef_p90_error_m": 3.02, "georef_inliers": 101, "sheet_count": 1}}, {"type": "Feature", "geometry": {"type": "LineString", "coordinates": [[127.1464885, 37.4384536], [127.1466843, 37.4381663], [127.146697, 37.4381502], [127.1467087, 37.4381354], [127.1469988, 37.4377059], [127.1470092, 37.4376923], [127.1470185, 37.4376802], [127.1472143, 37.4373973], [127.1472246, 37.4373797], [127.1472328, 37.4373657], [127.1474759, 37.4370177]]}, "properties": {"id": "jungang1-impassable-105", "dong": "중앙동1", "source_pdf": "중앙동1.pdf", "source_page": 1, "reason": "소방차 진입곤란 지정", "note": "", "stroke_width_pt": 2.84, "georef_median_error_m": 1.47, "georef_p90_error_m": 3.02, "georef_inliers": 101, "sheet_count": 1}}, {"type": "Feature", "geometry": {"type": "LineString", "coordinates": [[127.1480956, 37.4395643], [127.1482437, 37.4393581], [127.1482888, 37.4392938]]}, "properties": {"id": "jungang1-impassable-106", "dong": "중앙동1", "source_pdf": "중앙동1.pdf", "source_page": 1, "reason": "소방차 진입곤란 지정", "note": "", "stroke_width_pt": 2.84, "georef_median_error_m": 1.47, "georef_p90_error_m": 3.02, "georef_inliers": 101, "sheet_count": 1}}, {"type": "Feature", "geometry": {"type": "LineString", "coordinates": [[127.1508518, 37.4403851], [127.1508378, 37.4403788], [127.1507105, 37.4403213], [127.150705, 37.4403188], [127.1506535, 37.4402923], [127.1505028, 37.4402242], [127.1503431, 37.4401521], [127.1501802, 37.4400785], [127.150039, 37.4400135]]}, "properties": {"id": "jungang1-impassable-107", "dong": "중앙동1", "source_pdf": "중앙동1.pdf", "source_page": 1, "reason": "소방차 진입곤란 지정", "note": "", "stroke_width_pt": 2.84, "georef_median_error_m": 1.47, "georef_p90_error_m": 3.02, "georef_inliers": 101, "sheet_count": 1}}, {"type": "Feature", "geometry": {"type": "LineString", "coordinates": [[127.1499694, 37.4403854], [127.1501651, 37.4401031]]}, "properties": {"id": "jungang1-impassable-108", "dong": "중앙동1", "source_pdf": "중앙동1.pdf", "source_page": 1, "reason": "소방차 진입곤란 지정", "note": "", "stroke_width_pt": 2.84, "georef_median_error_m": 1.47, "georef_p90_error_m": 3.02, "georef_inliers": 101, "sheet_count": 1}}, {"type": "Feature", "geometry": {"type": "LineString", "coordinates": [[127.150189, 37.4403853], [127.1503232, 37.4401806]]}, "properties": {"id": "jungang1-impassable-109", "dong": "중앙동1", "source_pdf": "중앙동1.pdf", "source_page": 1, "reason": "소방차 진입곤란 지정", "note": "", "stroke_width_pt": 2.84, "georef_median_error_m": 1.47, "georef_p90_error_m": 3.02, "georef_inliers": 101, "sheet_count": 1}}, {"type": "Feature", "geometry": {"type": "LineString", "coordinates": [[127.1464925, 37.4400479], [127.146571, 37.4399347], [127.1465843, 37.4399191], [127.146595, 37.4399065], [127.1467994, 37.4396348]]}, "properties": {"id": "jungang1-impassable-110", "dong": "중앙동1", "source_pdf": "중앙동1.pdf", "source_page": 1, "reason": "소방차 진입곤란 지정", "note": "", "stroke_width_pt": 2.84, "georef_median_error_m": 1.47, "georef_p90_error_m": 3.02, "georef_inliers": 101, "sheet_count": 1}}, {"type": "Feature", "geometry": {"type": "LineString", "coordinates": [[127.1465844, 37.4402162], [127.1467343, 37.4400044], [127.1467456, 37.4399914], [127.1467577, 37.4399774], [127.1469621, 37.4397062]]}, "properties": {"id": "jungang1-impassable-111", "dong": "중앙동1", "source_pdf": "중앙동1.pdf", "source_page": 1, "reason": "소방차 진입곤란 지정", "note": "", "stroke_width_pt": 2.84, "georef_median_error_m": 1.47, "georef_p90_error_m": 3.02, "georef_inliers": 101, "sheet_count": 1}}, {"type": "Feature", "geometry": {"type": "LineString", "coordinates": [[127.1467548, 37.4402756], [127.1468983, 37.4400777], [127.1469091, 37.4400642], [127.1469217, 37.4400484], [127.1471251, 37.4397794]]}, "properties": {"id": "jungang1-impassable-112", "dong": "중앙동1", "source_pdf": "중앙동1.pdf", "source_page": 1, "reason": "소방차 진입곤란 지정", "note": "", "stroke_width_pt": 2.84, "georef_median_error_m": 1.47, "georef_p90_error_m": 3.02, "georef_inliers": 101, "sheet_count": 1}}, {"type": "Feature", "geometry": {"type": "LineString", "coordinates": [[127.1469317, 37.440337], [127.1469514, 37.4402978], [127.1470592, 37.4401479], [127.1470703, 37.440135], [127.1470819, 37.4401215], [127.1472869, 37.4398524]]}, "properties": {"id": "jungang1-impassable-113", "dong": "중앙동1", "source_pdf": "중앙동1.pdf", "source_page": 1, "reason": "소방차 진입곤란 지정", "note": "", "stroke_width_pt": 2.84, "georef_median_error_m": 1.47, "georef_p90_error_m": 3.02, "georef_inliers": 101, "sheet_count": 1}}, {"type": "Feature", "geometry": {"type": "LineString", "coordinates": [[127.1471003, 37.4403866], [127.1472159, 37.440219], [127.1472283, 37.4402058], [127.1472423, 37.4401911], [127.1473487, 37.440054], [127.1474461, 37.4399276]]}, "properties": {"id": "jungang1-impassable-114", "dong": "중앙동1", "source_pdf": "중앙동1.pdf", "source_page": 1, "reason": "소방차 진입곤란 지정", "note": "", "stroke_width_pt": 2.84, "georef_median_error_m": 1.47, "georef_p90_error_m": 3.02, "georef_inliers": 101, "sheet_count": 1}}, {"type": "Feature", "geometry": {"type": "LineString", "coordinates": [[127.1475541, 37.4403864], [127.1476832, 37.4402122], [127.1477403, 37.4401348], [127.147777, 37.4400834]]}, "properties": {"id": "jungang1-impassable-115", "dong": "중앙동1", "source_pdf": "중앙동1.pdf", "source_page": 1, "reason": "소방차 진입곤란 지정", "note": "", "stroke_width_pt": 2.84, "georef_median_error_m": 1.47, "georef_p90_error_m": 3.02, "georef_inliers": 101, "sheet_count": 1}}, {"type": "Feature", "geometry": {"type": "LineString", "coordinates": [[127.1477683, 37.4403863], [127.1478477, 37.4402784], [127.1478999, 37.440205], [127.147935, 37.4401546]]}, "properties": {"id": "jungang1-impassable-116", "dong": "중앙동1", "source_pdf": "중앙동1.pdf", "source_page": 1, "reason": "소방차 진입곤란 지정", "note": "", "stroke_width_pt": 2.84, "georef_median_error_m": 1.47, "georef_p90_error_m": 3.02, "georef_inliers": 101, "sheet_count": 1}}, {"type": "Feature", "geometry": {"type": "LineString", "coordinates": [[127.1479805, 37.4403862], [127.1480957, 37.4402201]]}, "properties": {"id": "jungang1-impassable-117", "dong": "중앙동1", "source_pdf": "중앙동1.pdf", "source_page": 1, "reason": "소방차 진입곤란 지정", "note": "", "stroke_width_pt": 2.84, "georef_median_error_m": 1.47, "georef_p90_error_m": 3.02, "georef_inliers": 101, "sheet_count": 1}}, {"type": "Feature", "geometry": {"type": "LineString", "coordinates": [[127.1481912, 37.4403862], [127.1482525, 37.4402966]]}, "properties": {"id": "jungang1-impassable-118", "dong": "중앙동1", "source_pdf": "중앙동1.pdf", "source_page": 1, "reason": "소방차 진입곤란 지정", "note": "", "stroke_width_pt": 2.84, "georef_median_error_m": 1.47, "georef_p90_error_m": 3.02, "georef_inliers": 101, "sheet_count": 1}}, {"type": "Feature", "geometry": {"type": "LineString", "coordinates": [[127.1484007, 37.4403861], [127.1484149, 37.440366]]}, "properties": {"id": "jungang1-impassable-119", "dong": "중앙동1", "source_pdf": "중앙동1.pdf", "source_page": 1, "reason": "소방차 진입곤란 지정", "note": "", "stroke_width_pt": 2.84, "georef_median_error_m": 1.47, "georef_p90_error_m": 3.02, "georef_inliers": 101, "sheet_count": 1}}, {"type": "Feature", "geometry": {"type": "LineString", "coordinates": [[127.1466811, 37.4391711], [127.1464921, 37.4394395]]}, "properties": {"id": "jungang1-impassable-120", "dong": "중앙동1", "source_pdf": "중앙동1.pdf", "source_page": 1, "reason": "소방차 진입곤란 지정", "note": "", "stroke_width_pt": 2.84, "georef_median_error_m": 1.47, "georef_p90_error_m": 3.02, "georef_inliers": 101, "sheet_count": 1}}, {"type": "Feature", "geometry": {"type": "LineString", "coordinates": [[127.1470225, 37.439319], [127.1468332, 37.4395889]]}, "properties": {"id": "jungang1-impassable-121", "dong": "중앙동1", "source_pdf": "중앙동1.pdf", "source_page": 1, "reason": "소방차 진입곤란 지정", "note": "", "stroke_width_pt": 2.84, "georef_median_error_m": 1.47, "georef_p90_error_m": 3.02, "georef_inliers": 101, "sheet_count": 1}}, {"type": "Feature", "geometry": {"type": "LineString", "coordinates": [[127.1471914, 37.4393911], [127.1469968, 37.4396619]]}, "properties": {"id": "jungang1-impassable-122", "dong": "중앙동1", "source_pdf": "중앙동1.pdf", "source_page": 1, "reason": "소방차 진입곤란 지정", "note": "", "stroke_width_pt": 2.84, "georef_median_error_m": 1.47, "georef_p90_error_m": 3.02, "georef_inliers": 101, "sheet_count": 1}}, {"type": "Feature", "geometry": {"type": "LineString", "coordinates": [[127.1473575, 37.4394662], [127.1471601, 37.4397341]]}, "properties": {"id": "jungang1-impassable-123", "dong": "중앙동1", "source_pdf": "중앙동1.pdf", "source_page": 1, "reason": "소방차 진입곤란 지정", "note": "", "stroke_width_pt": 2.84, "georef_median_error_m": 1.47, "georef_p90_error_m": 3.02, "georef_inliers": 101, "sheet_count": 1}}, {"type": "Feature", "geometry": {"type": "LineString", "coordinates": [[127.1475165, 37.4395354], [127.1473217, 37.4398029]]}, "properties": {"id": "jungang1-impassable-124", "dong": "중앙동1", "source_pdf": "중앙동1.pdf", "source_page": 1, "reason": "소방차 진입곤란 지정", "note": "", "stroke_width_pt": 2.84, "georef_median_error_m": 1.47, "georef_p90_error_m": 3.02, "georef_inliers": 101, "sheet_count": 1}}, {"type": "Feature", "geometry": {"type": "LineString", "coordinates": [[127.1476735, 37.4396083], [127.1474828, 37.4398741]]}, "properties": {"id": "jungang1-impassable-125", "dong": "중앙동1", "source_pdf": "중앙동1.pdf", "source_page": 1, "reason": "소방차 진입곤란 지정", "note": "", "stroke_width_pt": 2.84, "georef_median_error_m": 1.47, "georef_p90_error_m": 3.02, "georef_inliers": 101, "sheet_count": 1}}, {"type": "Feature", "geometry": {"type": "LineString", "coordinates": [[127.1478443, 37.4396855], [127.1476502, 37.4399519]]}, "properties": {"id": "jungang1-impassable-126", "dong": "중앙동1", "source_pdf": "중앙동1.pdf", "source_page": 1, "reason": "소방차 진입곤란 지정", "note": "", "stroke_width_pt": 2.84, "georef_median_error_m": 1.47, "georef_p90_error_m": 3.02, "georef_inliers": 101, "sheet_count": 1}}, {"type": "Feature", "geometry": {"type": "LineString", "coordinates": [[127.1480185, 37.4397597], [127.1478166, 37.4400329]]}, "properties": {"id": "jungang1-impassable-127", "dong": "중앙동1", "source_pdf": "중앙동1.pdf", "source_page": 1, "reason": "소방차 진입곤란 지정", "note": "", "stroke_width_pt": 2.84, "georef_median_error_m": 1.47, "georef_p90_error_m": 3.02, "georef_inliers": 101, "sheet_count": 1}}, {"type": "Feature", "geometry": {"type": "LineString", "coordinates": [[127.148173, 37.4398261], [127.1479773, 37.4401024]]}, "properties": {"id": "jungang1-impassable-128", "dong": "중앙동1", "source_pdf": "중앙동1.pdf", "source_page": 1, "reason": "소방차 진입곤란 지정", "note": "", "stroke_width_pt": 2.84, "georef_median_error_m": 1.47, "georef_p90_error_m": 3.02, "georef_inliers": 101, "sheet_count": 1}}, {"type": "Feature", "geometry": {"type": "LineString", "coordinates": [[127.1483283, 37.439907], [127.1481329, 37.4401787]]}, "properties": {"id": "jungang1-impassable-129", "dong": "중앙동1", "source_pdf": "중앙동1.pdf", "source_page": 1, "reason": "소방차 진입곤란 지정", "note": "", "stroke_width_pt": 2.84, "georef_median_error_m": 1.47, "georef_p90_error_m": 3.02, "georef_inliers": 101, "sheet_count": 1}}, {"type": "Feature", "geometry": {"type": "LineString", "coordinates": [[127.1484935, 37.4399776], [127.1483984, 37.4401148], [127.1483014, 37.4402473]]}, "properties": {"id": "jungang1-impassable-130", "dong": "중앙동1", "source_pdf": "중앙동1.pdf", "source_page": 1, "reason": "소방차 진입곤란 지정", "note": "", "stroke_width_pt": 2.84, "georef_median_error_m": 1.47, "georef_p90_error_m": 3.02, "georef_inliers": 101, "sheet_count": 1}}, {"type": "Feature", "geometry": {"type": "LineString", "coordinates": [[127.1486526, 37.440037], [127.1485978, 37.4401159], [127.1484637, 37.4403163]]}, "properties": {"id": "jungang1-impassable-131", "dong": "중앙동1", "source_pdf": "중앙동1.pdf", "source_page": 1, "reason": "소방차 진입곤란 지정", "note": "", "stroke_width_pt": 2.84, "georef_median_error_m": 1.47, "georef_p90_error_m": 3.02, "georef_inliers": 101, "sheet_count": 1}}, {"type": "Feature", "geometry": {"type": "LineString", "coordinates": [[127.1488095, 37.4401255], [127.1486278, 37.440386]]}, "properties": {"id": "jungang1-impassable-132", "dong": "중앙동1", "source_pdf": "중앙동1.pdf", "source_page": 1, "reason": "소방차 진입곤란 지정", "note": "", "stroke_width_pt": 2.84, "georef_median_error_m": 1.47, "georef_p90_error_m": 3.02, "georef_inliers": 101, "sheet_count": 1}}, {"type": "Feature", "geometry": {"type": "LineString", "coordinates": [[127.1491537, 37.4402676], [127.1491043, 37.44034], [127.1490758, 37.4403858]]}, "properties": {"id": "jungang1-impassable-133", "dong": "중앙동1", "source_pdf": "중앙동1.pdf", "source_page": 1, "reason": "소방차 진입곤란 지정", "note": "", "stroke_width_pt": 2.84, "georef_median_error_m": 1.47, "georef_p90_error_m": 3.02, "georef_inliers": 101, "sheet_count": 1}}, {"type": "Feature", "geometry": {"type": "LineString", "coordinates": [[127.1493162, 37.4403333], [127.1492841, 37.4403857]]}, "properties": {"id": "jungang1-impassable-134", "dong": "중앙동1", "source_pdf": "중앙동1.pdf", "source_page": 1, "reason": "소방차 진입곤란 지정", "note": "", "stroke_width_pt": 2.84, "georef_median_error_m": 1.47, "georef_p90_error_m": 3.02, "georef_inliers": 101, "sheet_count": 1}}, {"type": "Feature", "geometry": {"type": "LineString", "coordinates": [[127.1464923, 37.439737], [127.1466413, 37.4395335], [127.1468481, 37.4392526]]}, "properties": {"id": "jungang1-impassable-135", "dong": "중앙동1", "source_pdf": "중앙동1.pdf", "source_page": 1, "reason": "소방차 진입곤란 지정", "note": "", "stroke_width_pt": 2.84, "georef_median_error_m": 1.47, "georef_p90_error_m": 3.02, "georef_inliers": 101, "sheet_count": 1}}, {"type": "Feature", "geometry": {"type": "LineString", "coordinates": [[127.1503905, 37.4403853], [127.1504822, 37.4402534]]}, "properties": {"id": "jungang1-impassable-136", "dong": "중앙동1", "source_pdf": "중앙동1.pdf", "source_page": 1, "reason": "소방차 진입곤란 지정", "note": "", "stroke_width_pt": 2.84, "georef_median_error_m": 1.47, "georef_p90_error_m": 3.02, "georef_inliers": 101, "sheet_count": 1}}, {"type": "Feature", "geometry": {"type": "LineString", "coordinates": [[127.1489875, 37.4401998], [127.1488641, 37.4403859]]}, "properties": {"id": "jungang1-impassable-137", "dong": "중앙동1", "source_pdf": "중앙동1.pdf", "source_page": 1, "reason": "소방차 진입곤란 지정", "note": "", "stroke_width_pt": 2.84, "georef_median_error_m": 1.47, "georef_p90_error_m": 3.02, "georef_inliers": 101, "sheet_count": 1}}, {"type": "Feature", "geometry": {"type": "LineString", "coordinates": [[127.1465164, 37.4390932], [127.1464919, 37.4391293]]}, "properties": {"id": "jungang1-impassable-138", "dong": "중앙동1", "source_pdf": "중앙동1.pdf", "source_page": 1, "reason": "소방차 진입곤란 지정", "note": "", "stroke_width_pt": 2.84, "georef_median_error_m": 1.47, "georef_p90_error_m": 3.02, "georef_inliers": 101, "sheet_count": 1}}, {"type": "Feature", "geometry": {"type": "LineString", "coordinates": [[127.1505646, 37.4392567], [127.1505798, 37.4392366], [127.1508625, 37.4388328], [127.1508681, 37.4388151], [127.1510721, 37.4385264]]}, "properties": {"id": "jungang1-impassable-139", "dong": "중앙동1", "source_pdf": "중앙동1.pdf", "source_page": 1, "reason": "소방차 진입곤란 지정", "note": "", "stroke_width_pt": 2.84, "georef_median_error_m": 1.47, "georef_p90_error_m": 3.02, "georef_inliers": 101, "sheet_count": 1}}, {"type": "Feature", "geometry": {"type": "LineString", "coordinates": [[127.1510799, 37.4389264], [127.1508409, 37.4388114], [127.1506394, 37.438718], [127.1504476, 37.4386352], [127.1502887, 37.438568]]}, "properties": {"id": "jungang1-impassable-140", "dong": "중앙동1", "source_pdf": "중앙동1.pdf", "source_page": 1, "reason": "소방차 진입곤란 지정", "note": "", "stroke_width_pt": 2.84, "georef_median_error_m": 1.47, "georef_p90_error_m": 3.02, "georef_inliers": 101, "sheet_count": 1}}, {"type": "Feature", "geometry": {"type": "LineString", "coordinates": [[127.1501089, 37.4399036], [127.1504619, 37.4400677], [127.1506529, 37.4401736], [127.1508179, 37.4402518], [127.1511352, 37.440391]]}, "properties": {"id": "jungang1-impassable-141", "dong": "중앙동1", "source_pdf": "중앙동1.pdf", "source_page": 1, "reason": "소방차 진입곤란 지정", "note": "", "stroke_width_pt": 2.84, "georef_median_error_m": 1.47, "georef_p90_error_m": 3.02, "georef_inliers": 101, "sheet_count": 1}}, {"type": "Feature", "geometry": {"type": "LineString", "coordinates": [[127.14644, 37.4370412], [127.1465045, 37.4370704]]}, "properties": {"id": "jungang1-impassable-142", "dong": "중앙동1", "source_pdf": "중앙동1.pdf", "source_page": 1, "reason": "소방차 진입곤란 지정", "note": "", "stroke_width_pt": 2.84, "georef_median_error_m": 1.47, "georef_p90_error_m": 3.02, "georef_inliers": 101, "sheet_count": 1}}, {"type": "Feature", "geometry": {"type": "LineString", "coordinates": [[127.146236, 37.4373573], [127.1463621, 37.4374122], [127.1464931, 37.4374684]]}, "properties": {"id": "jungang1-impassable-143", "dong": "중앙동1", "source_pdf": "중앙동1.pdf", "source_page": 1, "reason": "소방차 진입곤란 지정", "note": "", "stroke_width_pt": 2.84, "georef_median_error_m": 1.47, "georef_p90_error_m": 3.02, "georef_inliers": 101, "sheet_count": 1}}, {"type": "Feature", "geometry": {"type": "LineString", "coordinates": [[127.1462625, 37.4387416], [127.146353, 37.4386098], [127.1464688, 37.4384764], [127.1464802, 37.4384642], [127.1465059, 37.4384285], [127.1465084, 37.4384248]]}, "properties": {"id": "jungang1-impassable-144", "dong": "중앙동1", "source_pdf": "중앙동1.pdf", "source_page": 1, "reason": "소방차 진입곤란 지정", "note": "", "stroke_width_pt": 2.84, "georef_median_error_m": 1.47, "georef_p90_error_m": 3.02, "georef_inliers": 101, "sheet_count": 1}}, {"type": "Feature", "geometry": {"type": "LineString", "coordinates": [[127.1464971, 37.4387316], [127.1464261, 37.4388353]]}, "properties": {"id": "jungang1-impassable-145", "dong": "중앙동1", "source_pdf": "중앙동1.pdf", "source_page": 1, "reason": "소방차 진입곤란 지정", "note": "", "stroke_width_pt": 2.84, "georef_median_error_m": 1.47, "georef_p90_error_m": 3.02, "georef_inliers": 101, "sheet_count": 1}}, {"type": "Feature", "geometry": {"type": "LineString", "coordinates": [[127.1464842, 37.4394514], [127.146505, 37.4394211]]}, "properties": {"id": "jungang1-impassable-146", "dong": "중앙동1", "source_pdf": "중앙동1.pdf", "source_page": 1, "reason": "소방차 진입곤란 지정", "note": "", "stroke_width_pt": 2.84, "georef_median_error_m": 1.47, "georef_p90_error_m": 3.02, "georef_inliers": 101, "sheet_count": 1}}, {"type": "Feature", "geometry": {"type": "LineString", "coordinates": [[127.1464084, 37.4401716], [127.1465069, 37.4400331]]}, "properties": {"id": "jungang1-impassable-147", "dong": "중앙동1", "source_pdf": "중앙동1.pdf", "source_page": 1, "reason": "소방차 진입곤란 지정", "note": "", "stroke_width_pt": 2.84, "georef_median_error_m": 1.47, "georef_p90_error_m": 3.02, "georef_inliers": 101, "sheet_count": 1}}, {"type": "Feature", "geometry": {"type": "LineString", "coordinates": [[127.1456028, 37.4384487], [127.1458181, 37.4381924], [127.1458248, 37.4381804], [127.1458329, 37.4381657], [127.1460367, 37.4378824], [127.1460471, 37.4378663], [127.1460566, 37.4378516], [127.1463621, 37.4374122], [127.1465023, 37.4372071]]}, "properties": {"id": "jungang1-impassable-148", "dong": "중앙동1", "source_pdf": "중앙동1.pdf", "source_page": 1, "reason": "소방차 진입곤란 지정", "note": "", "stroke_width_pt": 2.84, "georef_median_error_m": 1.47, "georef_p90_error_m": 3.02, "georef_inliers": 101, "sheet_count": 1}}, {"type": "Feature", "geometry": {"type": "LineString", "coordinates": [[127.1457552, 37.4385273], [127.1458046, 37.4384627], [127.1459787, 37.4382607], [127.1459862, 37.43825], [127.1461947, 37.4379553], [127.146208, 37.4379361]]}, "properties": {"id": "jungang1-impassable-149", "dong": "중앙동1", "source_pdf": "중앙동1.pdf", "source_page": 1, "reason": "소방차 진입곤란 지정", "note": "", "stroke_width_pt": 2.84, "georef_median_error_m": 1.47, "georef_p90_error_m": 3.02, "georef_inliers": 101, "sheet_count": 1}}, {"type": "Feature", "geometry": {"type": "LineString", "coordinates": [[127.146208, 37.4379361], [127.1464932, 37.4375251]]}, "properties": {"id": "jungang1-impassable-150", "dong": "중앙동1", "source_pdf": "중앙동1.pdf", "source_page": 1, "reason": "소방차 진입곤란 지정", "note": "", "stroke_width_pt": 2.84, "georef_median_error_m": 1.47, "georef_p90_error_m": 3.02, "georef_inliers": 101, "sheet_count": 1}}, {"type": "Feature", "geometry": {"type": "LineString", "coordinates": [[127.1459274, 37.4386005], [127.1459704, 37.4385356], [127.1461547, 37.4383226], [127.1461566, 37.4383204], [127.1463736, 37.438012], [127.1463757, 37.4380089], [127.1464934, 37.4378374]]}, "properties": {"id": "jungang1-impassable-151", "dong": "중앙동1", "source_pdf": "중앙동1.pdf", "source_page": 1, "reason": "소방차 진입곤란 지정", "note": "", "stroke_width_pt": 2.84, "georef_median_error_m": 1.47, "georef_p90_error_m": 3.02, "georef_inliers": 101, "sheet_count": 1}}, {"type": "Feature", "geometry": {"type": "LineString", "coordinates": [[127.1460985, 37.4386759], [127.1461943, 37.4385417], [127.1463108, 37.4384071], [127.1463208, 37.4383942], [127.1463306, 37.4383817], [127.1464936, 37.4381442]]}, "properties": {"id": "jungang1-impassable-152", "dong": "중앙동1", "source_pdf": "중앙동1.pdf", "source_page": 1, "reason": "소방차 진입곤란 지정", "note": "", "stroke_width_pt": 2.84, "georef_median_error_m": 1.47, "georef_p90_error_m": 3.02, "georef_inliers": 101, "sheet_count": 1}}, {"type": "Feature", "geometry": {"type": "LineString", "coordinates": [[127.1456858, 37.4381204], [127.1458248, 37.4381804], [127.1459862, 37.43825], [127.1461547, 37.4383226], [127.1463158, 37.4383921], [127.1463208, 37.4383942], [127.1464802, 37.4384642], [127.1464987, 37.4384745]]}, "properties": {"id": "jungang1-impassable-153", "dong": "중앙동1", "source_pdf": "중앙동1.pdf", "source_page": 1, "reason": "소방차 진입곤란 지정", "note": "", "stroke_width_pt": 2.84, "georef_median_error_m": 1.47, "georef_p90_error_m": 3.02, "georef_inliers": 101, "sheet_count": 1}}, {"type": "Feature", "geometry": {"type": "LineString", "coordinates": [[127.1458936, 37.439957], [127.1460765, 37.4397126], [127.1460885, 37.4396975], [127.1461014, 37.4396811], [127.1462931, 37.4394187]]}, "properties": {"id": "jungang1-impassable-154", "dong": "중앙동1", "source_pdf": "중앙동1.pdf", "source_page": 1, "reason": "소방차 진입곤란 지정", "note": "", "stroke_width_pt": 2.84, "georef_median_error_m": 1.47, "georef_p90_error_m": 3.02, "georef_inliers": 101, "sheet_count": 1}}, {"type": "Feature", "geometry": {"type": "LineString", "coordinates": [[127.1462369, 37.4400908], [127.1463989, 37.439867], [127.1464168, 37.4398426], [127.1464946, 37.4397363]]}, "properties": {"id": "jungang1-impassable-155", "dong": "중앙동1", "source_pdf": "중앙동1.pdf", "source_page": 1, "reason": "소방차 진입곤란 지정", "note": "", "stroke_width_pt": 2.84, "georef_median_error_m": 1.47, "georef_p90_error_m": 3.02, "georef_inliers": 101, "sheet_count": 1}}, {"type": "Feature", "geometry": {"type": "LineString", "coordinates": [[127.1460644, 37.4400202], [127.1462397, 37.4397832], [127.1462507, 37.4397684], [127.1462629, 37.439752], [127.1464521, 37.4394908]]}, "properties": {"id": "jungang1-impassable-156", "dong": "중앙동1", "source_pdf": "중앙동1.pdf", "source_page": 1, "reason": "소방차 진입곤란 지정", "note": "", "stroke_width_pt": 2.84, "georef_median_error_m": 1.47, "georef_p90_error_m": 3.02, "georef_inliers": 101, "sheet_count": 1}}, {"type": "Feature", "geometry": {"type": "LineString", "coordinates": [[127.1455807, 37.4398082], [127.1456567, 37.4397036], [127.1457529, 37.4395661], [127.1457652, 37.4395504], [127.1457804, 37.4395309], [127.1459629, 37.4392747]]}, "properties": {"id": "jungang1-impassable-157", "dong": "중앙동1", "source_pdf": "중앙동1.pdf", "source_page": 1, "reason": "소방차 진입곤란 지정", "note": "", "stroke_width_pt": 2.84, "georef_median_error_m": 1.47, "georef_p90_error_m": 3.02, "georef_inliers": 101, "sheet_count": 1}}, {"type": "Feature", "geometry": {"type": "LineString", "coordinates": [[127.1457265, 37.4398907], [127.1458158, 37.4397727], [127.1459142, 37.4396375], [127.1459255, 37.4396234], [127.1459379, 37.4396077], [127.146131, 37.4393464]]}, "properties": {"id": "jungang1-impassable-158", "dong": "중앙동1", "source_pdf": "중앙동1.pdf", "source_page": 1, "reason": "소방차 진입곤란 지정", "note": "", "stroke_width_pt": 2.84, "georef_median_error_m": 1.47, "georef_p90_error_m": 3.02, "georef_inliers": 101, "sheet_count": 1}}, {"type": "Feature", "geometry": {"type": "LineString", "coordinates": [[127.1449884, 37.4392044], [127.1451192, 37.439262], [127.1452789, 37.4393332], [127.1454343, 37.4394024], [127.1454409, 37.4394053], [127.1456016, 37.439476], [127.1456039, 37.439477], [127.1457652, 37.4395504], [127.1459255, 37.4396234], [127.1460885, 37.4396975], [127.1460922, 37.4396992], [127.1462442, 37.4397655], [127.1462507, 37.4397684], [127.1464168, 37.4398426], [127.1464947, 37.4398774]]}, "properties": {"id": "jungang1-impassable-159", "dong": "중앙동1", "source_pdf": "중앙동1.pdf", "source_page": 1, "reason": "소방차 진입곤란 지정", "note": "", "stroke_width_pt": 2.84, "georef_median_error_m": 1.47, "georef_p90_error_m": 3.02, "georef_inliers": 101, "sheet_count": 1}}, {"type": "Feature", "geometry": {"type": "LineString", "coordinates": [[127.1463577, 37.4390297], [127.1461676, 37.4392916]]}, "properties": {"id": "jungang1-impassable-160", "dong": "중앙동1", "source_pdf": "중앙동1.pdf", "source_page": 1, "reason": "소방차 진입곤란 지정", "note": "", "stroke_width_pt": 2.84, "georef_median_error_m": 1.47, "georef_p90_error_m": 3.02, "georef_inliers": 101, "sheet_count": 1}}, {"type": "Feature", "geometry": {"type": "LineString", "coordinates": [[127.1464942, 37.4391286], [127.1463289, 37.4393649]]}, "properties": {"id": "jungang1-impassable-161", "dong": "중앙동1", "source_pdf": "중앙동1.pdf", "source_page": 1, "reason": "소방차 진입곤란 지정", "note": "", "stroke_width_pt": 2.84, "georef_median_error_m": 1.47, "georef_p90_error_m": 3.02, "georef_inliers": 101, "sheet_count": 1}}, {"type": "Feature", "geometry": {"type": "LineString", "coordinates": [[127.1461871, 37.4389559], [127.1460054, 37.4392141]]}, "properties": {"id": "jungang1-impassable-162", "dong": "중앙동1", "source_pdf": "중앙동1.pdf", "source_page": 1, "reason": "소방차 진입곤란 지정", "note": "", "stroke_width_pt": 2.84, "georef_median_error_m": 1.47, "georef_p90_error_m": 3.02, "georef_inliers": 101, "sheet_count": 1}}, {"type": "Feature", "geometry": {"type": "LineString", "coordinates": [[127.1460334, 37.4388828], [127.1458465, 37.439143]]}, "properties": {"id": "jungang1-impassable-163", "dong": "중앙동1", "source_pdf": "중앙동1.pdf", "source_page": 1, "reason": "소방차 진입곤란 지정", "note": "", "stroke_width_pt": 2.84, "georef_median_error_m": 1.47, "georef_p90_error_m": 3.02, "georef_inliers": 101, "sheet_count": 1}}, {"type": "Feature", "geometry": {"type": "LineString", "coordinates": [[127.1454212, 37.4397227], [127.1455916, 37.4394925], [127.1456039, 37.439477], [127.1456163, 37.4394613], [127.1458045, 37.4392011]]}, "properties": {"id": "jungang1-impassable-164", "dong": "중앙동1", "source_pdf": "중앙동1.pdf", "source_page": 1, "reason": "소방차 진입곤란 지정", "note": "", "stroke_width_pt": 2.84, "georef_median_error_m": 1.47, "georef_p90_error_m": 3.02, "georef_inliers": 101, "sheet_count": 1}}, {"type": "Feature", "geometry": {"type": "LineString", "coordinates": [[127.1452709, 37.4396372], [127.1454292, 37.4394208], [127.1454409, 37.4394053], [127.1454537, 37.4393885], [127.1456436, 37.4391278]]}, "properties": {"id": "jungang1-impassable-165", "dong": "중앙동1", "source_pdf": "중앙동1.pdf", "source_page": 1, "reason": "소방차 진입곤란 지정", "note": "", "stroke_width_pt": 2.84, "georef_median_error_m": 1.47, "georef_p90_error_m": 3.02, "georef_inliers": 101, "sheet_count": 1}}, {"type": "Feature", "geometry": {"type": "LineString", "coordinates": [[127.1451137, 37.4395505], [127.1452666, 37.439348], [127.1452789, 37.4393332], [127.1452921, 37.4393172], [127.1454814, 37.4390522]]}, "properties": {"id": "jungang1-impassable-166", "dong": "중앙동1", "source_pdf": "중앙동1.pdf", "source_page": 1, "reason": "소방차 진입곤란 지정", "note": "", "stroke_width_pt": 2.84, "georef_median_error_m": 1.47, "georef_p90_error_m": 3.02, "georef_inliers": 101, "sheet_count": 1}}, {"type": "Feature", "geometry": {"type": "LineString", "coordinates": [[127.1449702, 37.4394681], [127.1451079, 37.4392767], [127.1451192, 37.439262], [127.1451334, 37.4392436], [127.1453209, 37.4389781]]}, "properties": {"id": "jungang1-impassable-167", "dong": "중앙동1", "source_pdf": "중앙동1.pdf", "source_page": 1, "reason": "소방차 진입곤란 지정", "note": "", "stroke_width_pt": 2.84, "georef_median_error_m": 1.47, "georef_p90_error_m": 3.02, "georef_inliers": 101, "sheet_count": 1}}, {"type": "Feature", "geometry": {"type": "LineString", "coordinates": [[127.1455491, 37.4386699], [127.1453632, 37.438925]]}, "properties": {"id": "jungang1-impassable-168", "dong": "중앙동1", "source_pdf": "중앙동1.pdf", "source_page": 1, "reason": "소방차 진입곤란 지정", "note": "", "stroke_width_pt": 2.84, "georef_median_error_m": 1.47, "georef_p90_error_m": 3.02, "georef_inliers": 101, "sheet_count": 2}}, {"type": "Feature", "geometry": {"type": "LineString", "coordinates": [[127.1458708, 37.4388097], [127.1456813, 37.4390694]]}, "properties": {"id": "jungang1-impassable-169", "dong": "중앙동1", "source_pdf": "중앙동1.pdf", "source_page": 1, "reason": "소방차 진입곤란 지정", "note": "", "stroke_width_pt": 2.84, "georef_median_error_m": 1.47, "georef_p90_error_m": 3.02, "georef_inliers": 101, "sheet_count": 1}}, {"type": "Feature", "geometry": {"type": "LineString", "coordinates": [[127.1457082, 37.4387409], [127.1455203, 37.4389995]]}, "properties": {"id": "jungang1-impassable-170", "dong": "중앙동1", "source_pdf": "중앙동1.pdf", "source_page": 1, "reason": "소방차 진입곤란 지정", "note": "", "stroke_width_pt": 2.84, "georef_median_error_m": 1.47, "georef_p90_error_m": 3.02, "georef_inliers": 101, "sheet_count": 1}}, {"type": "Feature", "geometry": {"type": "LineString", "coordinates": [[127.151098, 37.4403779], [127.1515515, 37.4405722], [127.1516342, 37.4405982], [127.1519984, 37.4406969], [127.1521955, 37.4407554], [127.152446, 37.440826], [127.1526056, 37.4408856], [127.1526612, 37.4409097], [127.1529079, 37.441039]]}, "properties": {"id": "jungang1-impassable-171", "dong": "중앙동1", "source_pdf": "중앙동1.pdf", "source_page": 1, "reason": "소방차 진입곤란 지정", "note": "", "stroke_width_pt": 2.84, "georef_median_error_m": 1.47, "georef_p90_error_m": 3.02, "georef_inliers": 101, "sheet_count": 2}}, {"type": "Feature", "geometry": {"type": "LineString", "coordinates": [[127.1506468, 37.441697], [127.150823, 37.441412]]}, "properties": {"id": "jungang1-impassable-172", "dong": "중앙동1", "source_pdf": "중앙동1.pdf", "source_page": 1, "reason": "소방차 진입곤란 지정", "note": "", "stroke_width_pt": 2.84, "georef_median_error_m": 1.47, "georef_p90_error_m": 3.02, "georef_inliers": 101, "sheet_count": 1}}, {"type": "Feature", "geometry": {"type": "LineString", "coordinates": [[127.1505227, 37.4412257], [127.1507316, 37.4409347]]}, "properties": {"id": "jungang1-impassable-173", "dong": "중앙동1", "source_pdf": "중앙동1.pdf", "source_page": 1, "reason": "소방차 진입곤란 지정", "note": "", "stroke_width_pt": 2.84, "georef_median_error_m": 1.47, "georef_p90_error_m": 3.02, "georef_inliers": 101, "sheet_count": 1}}, {"type": "Feature", "geometry": {"type": "LineString", "coordinates": [[127.150896, 37.4409981], [127.1506913, 37.4412987]]}, "properties": {"id": "jungang1-impassable-174", "dong": "중앙동1", "source_pdf": "중앙동1.pdf", "source_page": 1, "reason": "소방차 진입곤란 지정", "note": "", "stroke_width_pt": 2.84, "georef_median_error_m": 1.47, "georef_p90_error_m": 3.02, "georef_inliers": 101, "sheet_count": 1}}, {"type": "Feature", "geometry": {"type": "LineString", "coordinates": [[127.155035, 37.4437013], [127.1552603, 37.4433858]]}, "properties": {"id": "jungang2-impassable-001", "dong": "중앙동2", "source_pdf": "중앙동2.pdf", "source_page": 1, "reason": "소방차 진입곤란 지정", "note": "", "stroke_width_pt": 2.84, "georef_median_error_m": 2.14, "georef_p90_error_m": 3.46, "georef_inliers": 357, "sheet_count": 1}}, {"type": "Feature", "geometry": {"type": "LineString", "coordinates": [[127.1544465, 37.4434144], [127.1546601, 37.4431183]]}, "properties": {"id": "jungang2-impassable-002", "dong": "중앙동2", "source_pdf": "중앙동2.pdf", "source_page": 1, "reason": "소방차 진입곤란 지정", "note": "", "stroke_width_pt": 2.84, "georef_median_error_m": 2.14, "georef_p90_error_m": 3.46, "georef_inliers": 357, "sheet_count": 1}}, {"type": "Feature", "geometry": {"type": "LineString", "coordinates": [[127.154283, 37.4433339], [127.1544921, 37.4430444]]}, "properties": {"id": "jungang2-impassable-003", "dong": "중앙동2", "source_pdf": "중앙동2.pdf", "source_page": 1, "reason": "소방차 진입곤란 지정", "note": "", "stroke_width_pt": 2.84, "georef_median_error_m": 2.14, "georef_p90_error_m": 3.46, "georef_inliers": 357, "sheet_count": 1}}, {"type": "Feature", "geometry": {"type": "LineString", "coordinates": [[127.1548793, 37.4436233], [127.1550954, 37.443309]]}, "properties": {"id": "jungang2-impassable-004", "dong": "중앙동2", "source_pdf": "중앙동2.pdf", "source_page": 1, "reason": "소방차 진입곤란 지정", "note": "", "stroke_width_pt": 2.84, "georef_median_error_m": 2.14, "georef_p90_error_m": 3.46, "georef_inliers": 357, "sheet_count": 1}}, {"type": "Feature", "geometry": {"type": "LineString", "coordinates": [[127.1557076, 37.444029], [127.1559622, 37.4436742], [127.155963, 37.4436731], [127.1561274, 37.4434431]]}, "properties": {"id": "jungang2-impassable-005", "dong": "중앙동2", "source_pdf": "중앙동2.pdf", "source_page": 1, "reason": "소방차 진입곤란 지정", "note": "", "stroke_width_pt": 2.84, "georef_median_error_m": 2.14, "georef_p90_error_m": 3.46, "georef_inliers": 357, "sheet_count": 1}}, {"type": "Feature", "geometry": {"type": "LineString", "coordinates": [[127.1532849, 37.4428504], [127.153414, 37.4426524], [127.1534623, 37.4425915]]}, "properties": {"id": "jungang2-impassable-006", "dong": "중앙동2", "source_pdf": "중앙동2.pdf", "source_page": 1, "reason": "소방차 진입곤란 지정", "note": "", "stroke_width_pt": 2.84, "georef_median_error_m": 2.14, "georef_p90_error_m": 3.46, "georef_inliers": 357, "sheet_count": 1}}, {"type": "Feature", "geometry": {"type": "LineString", "coordinates": [[127.1553892, 37.4438688], [127.1556204, 37.4435466]]}, "properties": {"id": "jungang2-impassable-007", "dong": "중앙동2", "source_pdf": "중앙동2.pdf", "source_page": 1, "reason": "소방차 진입곤란 지정", "note": "", "stroke_width_pt": 2.84, "georef_median_error_m": 2.14, "georef_p90_error_m": 3.46, "georef_inliers": 357, "sheet_count": 1}}, {"type": "Feature", "geometry": {"type": "LineString", "coordinates": [[127.1534373, 37.4429351], [127.1535796, 37.4427224], [127.1536194, 37.4426697]]}, "properties": {"id": "jungang2-impassable-008", "dong": "중앙동2", "source_pdf": "중앙동2.pdf", "source_page": 1, "reason": "소방차 진입곤란 지정", "note": "", "stroke_width_pt": 2.84, "georef_median_error_m": 2.14, "georef_p90_error_m": 3.46, "georef_inliers": 357, "sheet_count": 1}}, {"type": "Feature", "geometry": {"type": "LineString", "coordinates": [[127.1544113, 37.4425649], [127.1543476, 37.4426477], [127.154198, 37.442857]]}, "properties": {"id": "jungang2-impassable-009", "dong": "중앙동2", "source_pdf": "중앙동2.pdf", "source_page": 1, "reason": "소방차 진입곤란 지정", "note": "", "stroke_width_pt": 2.84, "georef_median_error_m": 2.14, "georef_p90_error_m": 3.46, "georef_inliers": 357, "sheet_count": 1}}, {"type": "Feature", "geometry": {"type": "LineString", "coordinates": [[127.1555454, 37.4439552], [127.1557889, 37.4436197]]}, "properties": {"id": "jungang2-impassable-010", "dong": "중앙동2", "source_pdf": "중앙동2.pdf", "source_page": 1, "reason": "소방차 진입곤란 지정", "note": "", "stroke_width_pt": 2.84, "georef_median_error_m": 2.14, "georef_p90_error_m": 3.46, "georef_inliers": 357, "sheet_count": 1}}, {"type": "Feature", "geometry": {"type": "LineString", "coordinates": [[127.1558643, 37.4441048], [127.1561157, 37.4437591], [127.1561272, 37.4437463], [127.1561376, 37.4437348], [127.1562536, 37.4435755]]}, "properties": {"id": "jungang2-impassable-011", "dong": "중앙동2", "source_pdf": "중앙동2.pdf", "source_page": 1, "reason": "소방차 진입곤란 지정", "note": "", "stroke_width_pt": 2.84, "georef_median_error_m": 2.14, "georef_p90_error_m": 3.46, "georef_inliers": 357, "sheet_count": 1}}, {"type": "Feature", "geometry": {"type": "LineString", "coordinates": [[127.1546206, 37.4434999], [127.1548327, 37.4432045]]}, "properties": {"id": "jungang2-impassable-012", "dong": "중앙동2", "source_pdf": "중앙동2.pdf", "source_page": 1, "reason": "소방차 진입곤란 지정", "note": "", "stroke_width_pt": 2.84, "georef_median_error_m": 2.14, "georef_p90_error_m": 3.46, "georef_inliers": 357, "sheet_count": 1}}, {"type": "Feature", "geometry": {"type": "LineString", "coordinates": [[127.1538065, 37.4431119], [127.1540065, 37.4428258]]}, "properties": {"id": "jungang2-impassable-013", "dong": "중앙동2", "source_pdf": "중앙동2.pdf", "source_page": 1, "reason": "소방차 진입곤란 지정", "note": "", "stroke_width_pt": 2.84, "georef_median_error_m": 2.14, "georef_p90_error_m": 3.46, "georef_inliers": 357, "sheet_count": 1}}, {"type": "Feature", "geometry": {"type": "LineString", "coordinates": [[127.155847, 37.4432258], [127.1556966, 37.4434467], [127.1556544, 37.4435071]]}, "properties": {"id": "jungang2-impassable-015", "dong": "중앙동2", "source_pdf": "중앙동2.pdf", "source_page": 1, "reason": "소방차 진입곤란 지정", "note": "", "stroke_width_pt": 2.84, "georef_median_error_m": 2.14, "georef_p90_error_m": 3.46, "georef_inliers": 357, "sheet_count": 1}}, {"type": "Feature", "geometry": {"type": "LineString", "coordinates": [[127.155328, 37.4429829], [127.1551287, 37.4432719]]}, "properties": {"id": "jungang2-impassable-016", "dong": "중앙동2", "source_pdf": "중앙동2.pdf", "source_page": 1, "reason": "소방차 진입곤란 지정", "note": "", "stroke_width_pt": 2.84, "georef_median_error_m": 2.14, "georef_p90_error_m": 3.46, "georef_inliers": 357, "sheet_count": 1}}, {"type": "Feature", "geometry": {"type": "LineString", "coordinates": [[127.1554955, 37.4430529], [127.155292, 37.4433484]]}, "properties": {"id": "jungang2-impassable-017", "dong": "중앙동2", "source_pdf": "중앙동2.pdf", "source_page": 1, "reason": "소방차 진입곤란 지정", "note": "", "stroke_width_pt": 2.84, "georef_median_error_m": 2.14, "georef_p90_error_m": 3.46, "georef_inliers": 357, "sheet_count": 1}}, {"type": "Feature", "geometry": {"type": "LineString", "coordinates": [[127.1551639, 37.4429112], [127.15497, 37.4432021]]}, "properties": {"id": "jungang2-impassable-018", "dong": "중앙동2", "source_pdf": "중앙동2.pdf", "source_page": 1, "reason": "소방차 진입곤란 지정", "note": "", "stroke_width_pt": 2.84, "georef_median_error_m": 2.14, "georef_p90_error_m": 3.46, "georef_inliers": 357, "sheet_count": 1}}, {"type": "Feature", "geometry": {"type": "LineString", "coordinates": [[127.154905, 37.4427934], [127.1547361, 37.4430083], [127.1546878, 37.4430731]]}, "properties": {"id": "jungang2-impassable-020", "dong": "중앙동2", "source_pdf": "중앙동2.pdf", "source_page": 1, "reason": "소방차 진입곤란 지정", "note": "", "stroke_width_pt": 2.84, "georef_median_error_m": 2.14, "georef_p90_error_m": 3.46, "georef_inliers": 357, "sheet_count": 1}}, {"type": "Feature", "geometry": {"type": "LineString", "coordinates": [[127.1547369, 37.4427154], [127.1545699, 37.4429341], [127.1545259, 37.442996]]}, "properties": {"id": "jungang2-impassable-021", "dong": "중앙동2", "source_pdf": "중앙동2.pdf", "source_page": 1, "reason": "소방차 진입곤란 지정", "note": "", "stroke_width_pt": 2.84, "georef_median_error_m": 2.14, "georef_p90_error_m": 3.46, "georef_inliers": 357, "sheet_count": 1}}, {"type": "Feature", "geometry": {"type": "LineString", "coordinates": [[127.1545705, 37.4426452], [127.1544571, 37.4427899], [127.1544127, 37.4428544], [127.1543574, 37.4429299]]}, "properties": {"id": "jungang2-impassable-022", "dong": "중앙동2", "source_pdf": "중앙동2.pdf", "source_page": 1, "reason": "소방차 진입곤란 지정", "note": "", "stroke_width_pt": 2.84, "georef_median_error_m": 2.14, "georef_p90_error_m": 3.46, "georef_inliers": 357, "sheet_count": 1}}, {"type": "Feature", "geometry": {"type": "LineString", "coordinates": [[127.1542399, 37.4425001], [127.1541872, 37.4425728], [127.1541343, 37.4426499], [127.1540838, 37.442722], [127.1540353, 37.4427914]]}, "properties": {"id": "jungang2-impassable-023", "dong": "중앙동2", "source_pdf": "중앙동2.pdf", "source_page": 1, "reason": "소방차 진입곤란 지정", "note": "", "stroke_width_pt": 2.84, "georef_median_error_m": 2.14, "georef_p90_error_m": 3.46, "georef_inliers": 357, "sheet_count": 1}}, {"type": "Feature", "geometry": {"type": "LineString", "coordinates": [[127.1538554, 37.4423317], [127.1537554, 37.4424818], [127.1537063, 37.4425567], [127.1536625, 37.4426172]]}, "properties": {"id": "jungang2-impassable-024", "dong": "중앙동2", "source_pdf": "중앙동2.pdf", "source_page": 1, "reason": "소방차 진입곤란 지정", "note": "", "stroke_width_pt": 2.84, "georef_median_error_m": 2.14, "georef_p90_error_m": 3.46, "georef_inliers": 357, "sheet_count": 1}}, {"type": "Feature", "geometry": {"type": "LineString", "coordinates": [[127.153698, 37.4422603], [127.1535998, 37.4424137], [127.1535499, 37.4424889], [127.1535003, 37.4425529]]}, "properties": {"id": "jungang2-impassable-025", "dong": "중앙동2", "source_pdf": "중앙동2.pdf", "source_page": 1, "reason": "소방차 진입곤란 지정", "note": "", "stroke_width_pt": 2.84, "georef_median_error_m": 2.14, "georef_p90_error_m": 3.46, "georef_inliers": 357, "sheet_count": 1}}, {"type": "Feature", "geometry": {"type": "LineString", "coordinates": [[127.1535417, 37.4421938], [127.1534379, 37.4423443], [127.1533828, 37.4424172], [127.1533337, 37.4424817]]}, "properties": {"id": "jungang2-impassable-026", "dong": "중앙동2", "source_pdf": "중앙동2.pdf", "source_page": 1, "reason": "소방차 진입곤란 지정", "note": "", "stroke_width_pt": 2.84, "georef_median_error_m": 2.14, "georef_p90_error_m": 3.46, "georef_inliers": 357, "sheet_count": 1}}, {"type": "Feature", "geometry": {"type": "LineString", "coordinates": [[127.156339, 37.4440808], [127.1564148, 37.4441169], [127.1565994, 37.4441993], [127.1567579, 37.4442743]]}, "properties": {"id": "jungang2-impassable-028", "dong": "중앙동2", "source_pdf": "중앙동2.pdf", "source_page": 1, "reason": "소방차 진입곤란 지정", "note": "", "stroke_width_pt": 2.84, "georef_median_error_m": 2.14, "georef_p90_error_m": 3.46, "georef_inliers": 357, "sheet_count": 1}}, {"type": "Feature", "geometry": {"type": "LineString", "coordinates": [[127.1560027, 37.4433014], [127.1558448, 37.4435364], [127.1558102, 37.4435846]]}, "properties": {"id": "jungang2-impassable-029", "dong": "중앙동2", "source_pdf": "중앙동2.pdf", "source_page": 1, "reason": "소방차 진입곤란 지정", "note": "", "stroke_width_pt": 2.84, "georef_median_error_m": 2.14, "georef_p90_error_m": 3.46, "georef_inliers": 357, "sheet_count": 1}}, {"type": "Feature", "geometry": {"type": "LineString", "coordinates": [[127.1566202, 37.4444986], [127.1567818, 37.4442861], [127.1568506, 37.4441944], [127.1565557, 37.4440788], [127.1563985, 37.4440038]]}, "properties": {"id": "jungang2-impassable-030", "dong": "중앙동2", "source_pdf": "중앙동2.pdf", "source_page": 1, "reason": "소방차 진입곤란 지정", "note": "", "stroke_width_pt": 2.84, "georef_median_error_m": 2.14, "georef_p90_error_m": 3.46, "georef_inliers": 357, "sheet_count": 1}}, {"type": "Feature", "geometry": {"type": "LineString", "coordinates": [[127.1546423, 37.4408849], [127.1547236, 37.4409456], [127.1551058, 37.4412373], [127.1553049, 37.4413956], [127.1553677, 37.4414478], [127.1554504, 37.4415165], [127.1556517, 37.4416905], [127.1558837, 37.4418561], [127.1560064, 37.4419344]]}, "properties": {"id": "jungang2-impassable-031", "dong": "중앙동2", "source_pdf": "중앙동2.pdf", "source_page": 1, "reason": "소방차 진입곤란 지정", "note": "", "stroke_width_pt": 2.84, "georef_median_error_m": 2.14, "georef_p90_error_m": 3.46, "georef_inliers": 357, "sheet_count": 1}}, {"type": "Feature", "geometry": {"type": "LineString", "coordinates": [[127.1564622, 37.4413425], [127.1559657, 37.4410383]]}, "properties": {"id": "jungang2-impassable-032", "dong": "중앙동2", "source_pdf": "중앙동2.pdf", "source_page": 1, "reason": "소방차 진입곤란 지정", "note": "", "stroke_width_pt": 2.84, "georef_median_error_m": 2.14, "georef_p90_error_m": 3.46, "georef_inliers": 357, "sheet_count": 1}}, {"type": "Feature", "geometry": {"type": "LineString", "coordinates": [[127.1540264, 37.4412472], [127.1541987, 37.44133], [127.1543021, 37.4413769]]}, "properties": {"id": "jungang2-impassable-033", "dong": "중앙동2", "source_pdf": "중앙동2.pdf", "source_page": 1, "reason": "소방차 진입곤란 지정", "note": "", "stroke_width_pt": 2.84, "georef_median_error_m": 2.14, "georef_p90_error_m": 3.46, "georef_inliers": 357, "sheet_count": 1}}, {"type": "Feature", "geometry": {"type": "LineString", "coordinates": [[127.1542204, 37.4411194], [127.1544458, 37.4412397], [127.1544464, 37.44124], [127.1546801, 37.4413701]]}, "properties": {"id": "jungang2-impassable-034", "dong": "중앙동2", "source_pdf": "중앙동2.pdf", "source_page": 1, "reason": "소방차 진입곤란 지정", "note": "", "stroke_width_pt": 2.84, "georef_median_error_m": 2.14, "georef_p90_error_m": 3.46, "georef_inliers": 357, "sheet_count": 1}}, {"type": "Feature", "geometry": {"type": "LineString", "coordinates": [[127.154204, 37.4415415], [127.1543219, 37.4413943], [127.1543227, 37.4413933], [127.1543262, 37.441389], [127.1544295, 37.4412598]]}, "properties": {"id": "jungang2-impassable-035", "dong": "중앙동2", "source_pdf": "중앙동2.pdf", "source_page": 1, "reason": "소방차 진입곤란 지정", "note": "", "stroke_width_pt": 2.84, "georef_median_error_m": 2.14, "georef_p90_error_m": 3.46, "georef_inliers": 357, "sheet_count": 1}}, {"type": "Feature", "geometry": {"type": "LineString", "coordinates": [[127.1538262, 37.4421192], [127.1539257, 37.4419847], [127.1540539, 37.4418056], [127.1540635, 37.4417921], [127.1541419, 37.4416575]]}, "properties": {"id": "jungang2-impassable-036", "dong": "중앙동2", "source_pdf": "중앙동2.pdf", "source_page": 1, "reason": "소방차 진입곤란 지정", "note": "", "stroke_width_pt": 2.84, "georef_median_error_m": 2.14, "georef_p90_error_m": 3.46, "georef_inliers": 357, "sheet_count": 1}}, {"type": "Feature", "geometry": {"type": "LineString", "coordinates": [[127.1548394, 37.4409244], [127.1550779, 37.4410995], [127.1553613, 37.4413172]]}, "properties": {"id": "jungang2-impassable-037", "dong": "중앙동2", "source_pdf": "중앙동2.pdf", "source_page": 1, "reason": "소방차 진입곤란 지정", "note": "", "stroke_width_pt": 2.84, "georef_median_error_m": 2.14, "georef_p90_error_m": 3.46, "georef_inliers": 357, "sheet_count": 1}}, {"type": "Feature", "geometry": {"type": "LineString", "coordinates": [[127.1543485, 37.4414071], [127.1545042, 37.4414872], [127.1546394, 37.4415596], [127.154735, 37.4416098]]}, "properties": {"id": "jungang2-impassable-040", "dong": "중앙동2", "source_pdf": "중앙동2.pdf", "source_page": 1, "reason": "소방차 진입곤란 지정", "note": "", "stroke_width_pt": 2.84, "georef_median_error_m": 2.14, "georef_p90_error_m": 3.46, "georef_inliers": 357, "sheet_count": 1}}, {"type": "Feature", "geometry": {"type": "LineString", "coordinates": [[127.1543516, 37.4409769], [127.1544808, 37.4410541], [127.1546516, 37.4412011], [127.1547605, 37.4412789], [127.154929, 37.4414045]]}, "properties": {"id": "jungang2-impassable-041", "dong": "중앙동2", "source_pdf": "중앙동2.pdf", "source_page": 1, "reason": "소방차 진입곤란 지정", "note": "", "stroke_width_pt": 2.84, "georef_median_error_m": 2.14, "georef_p90_error_m": 3.46, "georef_inliers": 357, "sheet_count": 1}}, {"type": "Feature", "geometry": {"type": "LineString", "coordinates": [[127.1558129, 37.442088], [127.1556561, 37.4419746], [127.1555821, 37.4419167], [127.1554512, 37.4418118], [127.1552861, 37.441679], [127.1552203, 37.4416285], [127.1549674, 37.4414321]]}, "properties": {"id": "jungang2-impassable-042", "dong": "중앙동2", "source_pdf": "중앙동2.pdf", "source_page": 1, "reason": "소방차 진입곤란 지정", "note": "", "stroke_width_pt": 2.84, "georef_median_error_m": 2.14, "georef_p90_error_m": 3.46, "georef_inliers": 357, "sheet_count": 1}}, {"type": "Feature", "geometry": {"type": "LineString", "coordinates": [[127.155559, 37.4422445], [127.1554919, 37.442179], [127.1552818, 37.4419813], [127.1549741, 37.4417013], [127.1548869, 37.4416674], [127.1547879, 37.4416333]]}, "properties": {"id": "jungang2-impassable-043", "dong": "중앙동2", "source_pdf": "중앙동2.pdf", "source_page": 1, "reason": "소방차 진입곤란 지정", "note": "", "stroke_width_pt": 2.84, "georef_median_error_m": 2.14, "georef_p90_error_m": 3.46, "georef_inliers": 357, "sheet_count": 1}}, {"type": "Feature", "geometry": {"type": "LineString", "coordinates": [[127.1536694, 37.4420497], [127.1537781, 37.4419013], [127.153884, 37.4417547], [127.1538947, 37.4417393], [127.1539065, 37.4417224], [127.1539807, 37.441603]]}, "properties": {"id": "jungang2-impassable-044", "dong": "중앙동2", "source_pdf": "중앙동2.pdf", "source_page": 1, "reason": "소방차 진입곤란 지정", "note": "", "stroke_width_pt": 2.84, "georef_median_error_m": 2.14, "georef_p90_error_m": 3.46, "georef_inliers": 357, "sheet_count": 1}}, {"type": "Feature", "geometry": {"type": "LineString", "coordinates": [[127.1539898, 37.4421934], [127.1540977, 37.4420468], [127.1542073, 37.4418936], [127.1542191, 37.4418767], [127.1542299, 37.4418614], [127.1542976, 37.4417373]]}, "properties": {"id": "jungang2-impassable-045", "dong": "중앙동2", "source_pdf": "중앙동2.pdf", "source_page": 1, "reason": "소방차 진입곤란 지정", "note": "", "stroke_width_pt": 2.84, "georef_median_error_m": 2.14, "georef_p90_error_m": 3.46, "georef_inliers": 357, "sheet_count": 1}}, {"type": "Feature", "geometry": {"type": "LineString", "coordinates": [[127.1543861, 37.4423677], [127.1545838, 37.4420719], [127.154599, 37.4420581], [127.1546108, 37.4420473], [127.154691, 37.4419329]]}, "properties": {"id": "jungang2-impassable-046", "dong": "중앙동2", "source_pdf": "중앙동2.pdf", "source_page": 1, "reason": "소방차 진입곤란 지정", "note": "", "stroke_width_pt": 2.84, "georef_median_error_m": 2.14, "georef_p90_error_m": 3.46, "georef_inliers": 357, "sheet_count": 1}}, {"type": "Feature", "geometry": {"type": "LineString", "coordinates": [[127.1545407, 37.4424413], [127.1546447, 37.4422928], [127.1546966, 37.442211], [127.1547426, 37.442155]]}, "properties": {"id": "jungang2-impassable-047", "dong": "중앙동2", "source_pdf": "중앙동2.pdf", "source_page": 1, "reason": "소방차 진입곤란 지정", "note": "", "stroke_width_pt": 2.84, "georef_median_error_m": 2.14, "georef_p90_error_m": 3.46, "georef_inliers": 357, "sheet_count": 1}}, {"type": "Feature", "geometry": {"type": "LineString", "coordinates": [[127.1547075, 37.4425228], [127.1548152, 37.442362], [127.1548653, 37.4422902], [127.1549152, 37.4422267]]}, "properties": {"id": "jungang2-impassable-048", "dong": "중앙동2", "source_pdf": "중앙동2.pdf", "source_page": 1, "reason": "소방차 진입곤란 지정", "note": "", "stroke_width_pt": 2.84, "georef_median_error_m": 2.14, "georef_p90_error_m": 3.46, "georef_inliers": 357, "sheet_count": 1}}, {"type": "Feature", "geometry": {"type": "LineString", "coordinates": [[127.1548722, 37.4425894], [127.1549781, 37.4424302], [127.1550339, 37.4423589], [127.1550775, 37.442308]]}, "properties": {"id": "jungang2-impassable-049", "dong": "중앙동2", "source_pdf": "중앙동2.pdf", "source_page": 1, "reason": "소방차 진입곤란 지정", "note": "", "stroke_width_pt": 2.84, "georef_median_error_m": 2.14, "georef_p90_error_m": 3.46, "georef_inliers": 357, "sheet_count": 1}}, {"type": "Feature", "geometry": {"type": "LineString", "coordinates": [[127.1567722, 37.4410316], [127.1567898, 37.4410208], [127.1569306, 37.4409124], [127.1569429, 37.440906], [127.1569525, 37.4409011], [127.1571777, 37.4407305], [127.1573181, 37.4406253], [127.1573347, 37.4406118], [127.1576044, 37.4403918]]}, "properties": {"id": "jungang2-impassable-050", "dong": "중앙동2", "source_pdf": "중앙동2.pdf", "source_page": 1, "reason": "소방차 진입곤란 지정", "note": "", "stroke_width_pt": 2.84, "georef_median_error_m": 2.14, "georef_p90_error_m": 3.46, "georef_inliers": 357, "sheet_count": 1}}, {"type": "Feature", "geometry": {"type": "LineString", "coordinates": [[127.1574256, 37.4413328], [127.157321, 37.4412406], [127.1572079, 37.4411409], [127.157196, 37.4411303], [127.157068, 37.4410166], [127.1569763, 37.4409351], [127.1569429, 37.440906], [127.1568309, 37.4408096]]}, "properties": {"id": "jungang2-impassable-051", "dong": "중앙동2", "source_pdf": "중앙동2.pdf", "source_page": 1, "reason": "소방차 진입곤란 지정", "note": "", "stroke_width_pt": 2.84, "georef_median_error_m": 2.14, "georef_p90_error_m": 3.46, "georef_inliers": 357, "sheet_count": 1}}, {"type": "Feature", "geometry": {"type": "LineString", "coordinates": [[127.1567422, 37.440839], [127.1568128, 37.4407925], [127.1568146, 37.4407912], [127.1570255, 37.440641], [127.1571989, 37.4405155], [127.1572096, 37.4405025], [127.1572195, 37.4404904], [127.1573906, 37.4403639]]}, "properties": {"id": "jungang2-impassable-052", "dong": "중앙동2", "source_pdf": "중앙동2.pdf", "source_page": 1, "reason": "소방차 진입곤란 지정", "note": "", "stroke_width_pt": 2.84, "georef_median_error_m": 2.14, "georef_p90_error_m": 3.46, "georef_inliers": 357, "sheet_count": 1}}, {"type": "Feature", "geometry": {"type": "LineString", "coordinates": [[127.1567054, 37.4406799], [127.1569308, 37.4405089], [127.1570667, 37.4404024]]}, "properties": {"id": "jungang2-impassable-053", "dong": "중앙동2", "source_pdf": "중앙동2.pdf", "source_page": 1, "reason": "소방차 진입곤란 지정", "note": "", "stroke_width_pt": 2.84, "georef_median_error_m": 2.14, "georef_p90_error_m": 3.46, "georef_inliers": 357, "sheet_count": 1}}, {"type": "Feature", "geometry": {"type": "LineString", "coordinates": [[127.1567851, 37.4412398], [127.1570595, 37.4410216], [127.157068, 37.4410166], [127.1570784, 37.4410105], [127.1573862, 37.440774], [127.1574586, 37.4407201], [127.1574741, 37.4407086], [127.1577743, 37.4404708], [127.1577768, 37.4404689], [127.1578341, 37.4404232]]}, "properties": {"id": "jungang2-impassable-054", "dong": "중앙동2", "source_pdf": "중앙동2.pdf", "source_page": 1, "reason": "소방차 진입곤란 지정", "note": "", "stroke_width_pt": 2.84, "georef_median_error_m": 2.14, "georef_p90_error_m": 3.46, "georef_inliers": 357, "sheet_count": 1}}, {"type": "Feature", "geometry": {"type": "LineString", "coordinates": [[127.1567854, 37.4413042], [127.1568705, 37.4413765], [127.1569987, 37.4414867], [127.157045, 37.4415266], [127.1571079, 37.441581]]}, "properties": {"id": "jungang2-impassable-055", "dong": "중앙동2", "source_pdf": "중앙동2.pdf", "source_page": 1, "reason": "소방차 진입곤란 지정", "note": "", "stroke_width_pt": 2.84, "georef_median_error_m": 2.14, "georef_p90_error_m": 3.46, "georef_inliers": 357, "sheet_count": 1}}, {"type": "Feature", "geometry": {"type": "LineString", "coordinates": [[127.1578244, 37.4416651], [127.1577267, 37.4415832], [127.1577202, 37.4415781], [127.1575866, 37.4414714], [127.1575842, 37.4414694], [127.1574695, 37.4413771]]}, "properties": {"id": "jungang2-impassable-056", "dong": "중앙동2", "source_pdf": "중앙동2.pdf", "source_page": 1, "reason": "소방차 진입곤란 지정", "note": "", "stroke_width_pt": 2.84, "georef_median_error_m": 2.14, "georef_p90_error_m": 3.46, "georef_inliers": 357, "sheet_count": 1}}, {"type": "Feature", "geometry": {"type": "LineString", "coordinates": [[127.1588408, 37.4408969], [127.158715, 37.4407805], [127.1587248, 37.4407894], [127.1585977, 37.4406786], [127.1584905, 37.4405858]]}, "properties": {"id": "jungang2-impassable-057", "dong": "중앙동2", "source_pdf": "중앙동2.pdf", "source_page": 1, "reason": "소방차 진입곤란 지정", "note": "", "stroke_width_pt": 2.84, "georef_median_error_m": 2.14, "georef_p90_error_m": 3.46, "georef_inliers": 357, "sheet_count": 1}}, {"type": "Feature", "geometry": {"type": "LineString", "coordinates": [[127.1585252, 37.4411298], [127.1584197, 37.441035], [127.1584161, 37.4410318], [127.158291, 37.4409226], [127.1582858, 37.4409181], [127.1581807, 37.4408276]]}, "properties": {"id": "jungang2-impassable-058", "dong": "중앙동2", "source_pdf": "중앙동2.pdf", "source_page": 1, "reason": "소방차 진입곤란 지정", "note": "", "stroke_width_pt": 2.84, "georef_median_error_m": 2.14, "georef_p90_error_m": 3.46, "georef_inliers": 357, "sheet_count": 1}}, {"type": "Feature", "geometry": {"type": "LineString", "coordinates": [[127.1581327, 37.4407893], [127.1580267, 37.4406929], [127.1580234, 37.4406899], [127.1579059, 37.4405855], [127.1579015, 37.4405816], [127.1578003, 37.4404927]]}, "properties": {"id": "jungang2-impassable-059", "dong": "중앙동2", "source_pdf": "중앙동2.pdf", "source_page": 1, "reason": "소방차 진입곤란 지정", "note": "", "stroke_width_pt": 2.84, "georef_median_error_m": 2.14, "georef_p90_error_m": 3.46, "georef_inliers": 357, "sheet_count": 1}}, {"type": "Feature", "geometry": {"type": "LineString", "coordinates": [[127.1552004, 37.4427404], [127.1552618, 37.4426465], [127.1553367, 37.4425538]]}, "properties": {"id": "jungang2-impassable-060", "dong": "중앙동2", "source_pdf": "중앙동2.pdf", "source_page": 1, "reason": "소방차 진입곤란 지정", "note": "", "stroke_width_pt": 2.84, "georef_median_error_m": 2.14, "georef_p90_error_m": 3.46, "georef_inliers": 357, "sheet_count": 1}}, {"type": "Feature", "geometry": {"type": "LineString", "coordinates": [[127.1555855, 37.4423372], [127.1557266, 37.4424587], [127.155729, 37.4424607], [127.1558411, 37.4425547]]}, "properties": {"id": "jungang2-impassable-062", "dong": "중앙동2", "source_pdf": "중앙동2.pdf", "source_page": 1, "reason": "소방차 진입곤란 지정", "note": "", "stroke_width_pt": 2.84, "georef_median_error_m": 2.14, "georef_p90_error_m": 3.46, "georef_inliers": 357, "sheet_count": 1}}, {"type": "Feature", "geometry": {"type": "LineString", "coordinates": [[127.1565611, 37.4416215], [127.1566822, 37.4417242], [127.1566835, 37.4417253], [127.1567984, 37.441822]]}, "properties": {"id": "jungang2-impassable-063", "dong": "중앙동2", "source_pdf": "중앙동2.pdf", "source_page": 1, "reason": "소방차 진입곤란 지정", "note": "", "stroke_width_pt": 2.84, "georef_median_error_m": 2.14, "georef_p90_error_m": 3.46, "georef_inliers": 357, "sheet_count": 1}}, {"type": "Feature", "geometry": {"type": "LineString", "coordinates": [[127.1571591, 37.4404584], [127.1572096, 37.4405025], [127.1573347, 37.4406118], [127.1574586, 37.4407201], [127.1575823, 37.4408283], [127.1575831, 37.440829], [127.1577067, 37.440938], [127.1578141, 37.4410328]]}, "properties": {"id": "jungang2-impassable-064", "dong": "중앙동2", "source_pdf": "중앙동2.pdf", "source_page": 1, "reason": "소방차 진입곤란 지정", "note": "", "stroke_width_pt": 2.84, "georef_median_error_m": 2.14, "georef_p90_error_m": 3.46, "georef_inliers": 357, "sheet_count": 1}}, {"type": "Feature", "geometry": {"type": "LineString", "coordinates": [[127.1580607, 37.4404559], [127.1579021, 37.4405812], [127.1579015, 37.4405816], [127.1575834, 37.4408287], [127.1575831, 37.440829], [127.1571977, 37.441129], [127.157196, 37.4411303], [127.1569009, 37.4413537]]}, "properties": {"id": "jungang2-impassable-065", "dong": "중앙동2", "source_pdf": "중앙동2.pdf", "source_page": 1, "reason": "소방차 진입곤란 지정", "note": "", "stroke_width_pt": 2.84, "georef_median_error_m": 2.14, "georef_p90_error_m": 3.46, "georef_inliers": 357, "sheet_count": 1}}, {"type": "Feature", "geometry": {"type": "LineString", "coordinates": [[127.1589109, 37.4406435], [127.1587255, 37.44079], [127.1587248, 37.4407905], [127.1584161, 37.4410318], [127.1584127, 37.4410346], [127.1581221, 37.441263], [127.1580996, 37.4412785], [127.1580842, 37.441289], [127.1577213, 37.4415772], [127.1577202, 37.4415781], [127.1574242, 37.4418195], [127.1574095, 37.4418353], [127.1573951, 37.4418506], [127.1573249, 37.4419078]]}, "properties": {"id": "jungang2-impassable-066", "dong": "중앙동2", "source_pdf": "중앙동2.pdf", "source_page": 1, "reason": "소방차 진입곤란 지정", "note": "", "stroke_width_pt": 2.84, "georef_median_error_m": 2.14, "georef_p90_error_m": 3.46, "georef_inliers": 357, "sheet_count": 1}}, {"type": "Feature", "geometry": {"type": "LineString", "coordinates": [[127.1582174, 37.4413796], [127.1580996, 37.4412785], [127.1579744, 37.4411701], [127.1578639, 37.4410756]]}, "properties": {"id": "jungang2-impassable-067", "dong": "중앙동2", "source_pdf": "중앙동2.pdf", "source_page": 1, "reason": "소방차 진입곤란 지정", "note": "", "stroke_width_pt": 2.84, "georef_median_error_m": 2.14, "georef_p90_error_m": 3.46, "georef_inliers": 357, "sheet_count": 1}}, {"type": "Feature", "geometry": {"type": "LineString", "coordinates": [[127.1564163, 37.4425289], [127.156322, 37.4424501], [127.1562142, 37.4423617]]}, "properties": {"id": "jungang2-impassable-068", "dong": "중앙동2", "source_pdf": "중앙동2.pdf", "source_page": 1, "reason": "소방차 진입곤란 지정", "note": "", "stroke_width_pt": 2.84, "georef_median_error_m": 2.14, "georef_p90_error_m": 3.46, "georef_inliers": 357, "sheet_count": 1}}, {"type": "Feature", "geometry": {"type": "LineString", "coordinates": [[127.1560818, 37.4427458], [127.1560084, 37.4426881], [127.1558971, 37.4425984]]}, "properties": {"id": "jungang2-impassable-069", "dong": "중앙동2", "source_pdf": "중앙동2.pdf", "source_page": 1, "reason": "소방차 진입곤란 지정", "note": "", "stroke_width_pt": 2.84, "georef_median_error_m": 2.14, "georef_p90_error_m": 3.46, "georef_inliers": 357, "sheet_count": 1}}, {"type": "Feature", "geometry": {"type": "LineString", "coordinates": [[127.1552911, 37.4424893], [127.1553478, 37.4425391], [127.1554336, 37.4426152], [127.1554525, 37.4426319], [127.1554857, 37.4426608], [127.1556007, 37.4427611]]}, "properties": {"id": "jungang2-impassable-070", "dong": "중앙동2", "source_pdf": "중앙동2.pdf", "source_page": 1, "reason": "소방차 진입곤란 지정", "note": "", "stroke_width_pt": 2.84, "georef_median_error_m": 2.14, "georef_p90_error_m": 3.46, "georef_inliers": 357, "sheet_count": 1}}, {"type": "Feature", "geometry": {"type": "LineString", "coordinates": [[127.1574709, 37.4418858], [127.1574094, 37.4418353], [127.1572753, 37.4417232], [127.1571632, 37.4416283]]}, "properties": {"id": "jungang2-impassable-071", "dong": "중앙동2", "source_pdf": "중앙동2.pdf", "source_page": 1, "reason": "소방차 진입곤란 지정", "note": "", "stroke_width_pt": 2.84, "georef_median_error_m": 2.14, "georef_p90_error_m": 3.46, "georef_inliers": 357, "sheet_count": 1}}, {"type": "Feature", "geometry": {"type": "LineString", "coordinates": [[127.1582894, 37.4404866], [127.1580235, 37.4406899], [127.1580234, 37.44069], [127.1577069, 37.4409379], [127.1577067, 37.440938], [127.157321, 37.4412406], [127.1573202, 37.4412412], [127.1569987, 37.4414867], [127.1569971, 37.4414879], [127.1568178, 37.4416217], [127.1566838, 37.4417251], [127.1566835, 37.4417253], [127.1565169, 37.4418562], [127.15637, 37.4419774], [127.1563696, 37.4419776], [127.156044, 37.4422221], [127.1560432, 37.4422228], [127.155729, 37.4424607], [127.1557271, 37.4424621], [127.1556461, 37.4425253], [127.1555207, 37.4426308]]}, "properties": {"id": "jungang2-impassable-072", "dong": "중앙동2", "source_pdf": "중앙동2.pdf", "source_page": 1, "reason": "소방차 진입곤란 지정", "note": "", "stroke_width_pt": 2.84, "georef_median_error_m": 2.14, "georef_p90_error_m": 3.46, "georef_inliers": 357, "sheet_count": 1}}, {"type": "Feature", "geometry": {"type": "LineString", "coordinates": [[127.1571057, 37.4421041], [127.1569504, 37.4419653], [127.1568439, 37.4418694]]}, "properties": {"id": "jungang2-impassable-073", "dong": "중앙동2", "source_pdf": "중앙동2.pdf", "source_page": 1, "reason": "소방차 진입곤란 지정", "note": "", "stroke_width_pt": 2.84, "georef_median_error_m": 2.14, "georef_p90_error_m": 3.46, "georef_inliers": 357, "sheet_count": 1}}, {"type": "Feature", "geometry": {"type": "LineString", "coordinates": [[127.1567625, 37.4423118], [127.1566346, 37.442207], [127.1565302, 37.4421208]]}, "properties": {"id": "jungang2-impassable-074", "dong": "중앙동2", "source_pdf": "중앙동2.pdf", "source_page": 1, "reason": "소방차 진입곤란 지정", "note": "", "stroke_width_pt": 2.84, "georef_median_error_m": 2.14, "georef_p90_error_m": 3.46, "georef_inliers": 357, "sheet_count": 1}}, {"type": "Feature", "geometry": {"type": "LineString", "coordinates": [[127.158734, 37.4405706], [127.1585977, 37.4406786], [127.1585964, 37.4406796], [127.158291, 37.4409226], [127.1582896, 37.4409237], [127.1579926, 37.4411582], [127.1579744, 37.4411701], [127.1579569, 37.4411816], [127.1575866, 37.4414714], [127.1575842, 37.4414733], [127.1572754, 37.4417232], [127.15726, 37.4417356], [127.1569543, 37.4419623], [127.1569504, 37.4419653], [127.1566415, 37.4422016], [127.1566346, 37.442207], [127.1563255, 37.4424474], [127.156322, 37.4424501], [127.1560374, 37.4426681]]}, "properties": {"id": "jungang2-impassable-075", "dong": "중앙동2", "source_pdf": "중앙동2.pdf", "source_page": 1, "reason": "소방차 진입곤란 지정", "note": "", "stroke_width_pt": 2.84, "georef_median_error_m": 2.14, "georef_p90_error_m": 3.46, "georef_inliers": 357, "sheet_count": 1}}, {"type": "Feature", "geometry": {"type": "LineString", "coordinates": [[127.1559239, 37.4421215], [127.156044, 37.4422221], [127.1561368, 37.4423001], [127.1561573, 37.4423168]]}, "properties": {"id": "jungang2-impassable-076", "dong": "중앙동2", "source_pdf": "중앙동2.pdf", "source_page": 1, "reason": "소방차 진입곤란 지정", "note": "", "stroke_width_pt": 2.84, "georef_median_error_m": 2.14, "georef_p90_error_m": 3.46, "georef_inliers": 357, "sheet_count": 1}}, {"type": "Feature", "geometry": {"type": "LineString", "coordinates": [[127.156248, 37.441877], [127.1563314, 37.4419462], [127.1563696, 37.4419776], [127.1563858, 37.4419909], [127.1564794, 37.4420734]]}, "properties": {"id": "jungang2-impassable-077", "dong": "중앙동2", "source_pdf": "중앙동2.pdf", "source_page": 1, "reason": "소방차 진입곤란 지정", "note": "", "stroke_width_pt": 2.84, "georef_median_error_m": 2.14, "georef_p90_error_m": 3.46, "georef_inliers": 357, "sheet_count": 1}}, {"type": "Feature", "geometry": {"type": "LineString", "coordinates": [[127.1551054, 37.4420956], [127.155255, 37.4419916]]}, "properties": {"id": "jungang2-impassable-078", "dong": "중앙동2", "source_pdf": "중앙동2.pdf", "source_page": 1, "reason": "소방차 진입곤란 지정", "note": "", "stroke_width_pt": 2.84, "georef_median_error_m": 2.14, "georef_p90_error_m": 3.46, "georef_inliers": 357, "sheet_count": 1}}, {"type": "Feature", "geometry": {"type": "LineString", "coordinates": [[127.1546397, 37.4417715], [127.1548592, 37.4415002], [127.1549313, 37.441432]]}, "properties": {"id": "jungang2-impassable-082", "dong": "중앙동2", "source_pdf": "중앙동2.pdf", "source_page": 1, "reason": "소방차 진입곤란 지정", "note": "", "stroke_width_pt": 2.84, "georef_median_error_m": 2.14, "georef_p90_error_m": 3.46, "georef_inliers": 357, "sheet_count": 1}}, {"type": "Feature", "geometry": {"type": "LineString", "coordinates": [[127.1551516, 37.4412454], [127.1551906, 37.4412135]]}, "properties": {"id": "jungang2-impassable-083", "dong": "중앙동2", "source_pdf": "중앙동2.pdf", "source_page": 1, "reason": "소방차 진입곤란 지정", "note": "", "stroke_width_pt": 2.84, "georef_median_error_m": 2.14, "georef_p90_error_m": 3.46, "georef_inliers": 357, "sheet_count": 1}}, {"type": "Feature", "geometry": {"type": "LineString", "coordinates": [[127.1553886, 37.4414288], [127.1554728, 37.441363], [127.1555287, 37.4413384]]}, "properties": {"id": "jungang2-impassable-084", "dong": "중앙동2", "source_pdf": "중앙동2.pdf", "source_page": 1, "reason": "소방차 진입곤란 지정", "note": "", "stroke_width_pt": 2.84, "georef_median_error_m": 2.14, "georef_p90_error_m": 3.46, "georef_inliers": 357, "sheet_count": 1}}, {"type": "Feature", "geometry": {"type": "LineString", "coordinates": [[127.1532685, 37.442559], [127.1533021, 37.4425186]]}, "properties": {"id": "jungang2-impassable-085", "dong": "중앙동2", "source_pdf": "중앙동2.pdf", "source_page": 1, "reason": "소방차 진입곤란 지정", "note": "", "stroke_width_pt": 2.84, "georef_median_error_m": 2.14, "georef_p90_error_m": 3.46, "georef_inliers": 357, "sheet_count": 1}}, {"type": "Feature", "geometry": {"type": "LineString", "coordinates": [[127.1531242, 37.4427719], [127.1531845, 37.442679], [127.1532811, 37.4425465], [127.153283, 37.4425437]]}, "properties": {"id": "jungang2-impassable-089", "dong": "중앙동2", "source_pdf": "중앙동2.pdf", "source_page": 1, "reason": "소방차 진입곤란 지정", "note": "", "stroke_width_pt": 2.84, "georef_median_error_m": 2.14, "georef_p90_error_m": 3.46, "georef_inliers": 357, "sheet_count": 1}}, {"type": "Feature", "geometry": {"type": "LineString", "coordinates": [[127.1445246, 37.4289412], [127.1443608, 37.4289316], [127.1434861, 37.4288784], [127.142872, 37.428841], [127.1423424, 37.4288088], [127.1422962, 37.4288131]]}, "properties": {"id": "hadaewon1-impassable-001", "dong": "하대원동1", "source_pdf": "하대원동1.pdf", "source_page": 1, "reason": "소방차 진입곤란 지정", "note": "", "stroke_width_pt": 4.25, "georef_median_error_m": 1.47, "georef_p90_error_m": 4.6, "georef_inliers": 152, "sheet_count": 1}}, {"type": "Feature", "geometry": {"type": "LineString", "coordinates": [[127.1435306, 37.4284075], [127.1434861, 37.4288784]]}, "properties": {"id": "hadaewon1-impassable-002", "dong": "하대원동1", "source_pdf": "하대원동1.pdf", "source_page": 1, "reason": "소방차 진입곤란 지정", "note": "", "stroke_width_pt": 4.25, "georef_median_error_m": 1.47, "georef_p90_error_m": 4.6, "georef_inliers": 152, "sheet_count": 1}}, {"type": "Feature", "geometry": {"type": "LineString", "coordinates": [[127.144428, 37.4299227], [127.1439522, 37.4298935], [127.1439457, 37.4298931], [127.1431678, 37.4298447], [127.1431055, 37.4298356], [127.1427924, 37.4297266], [127.1422555, 37.4295355]]}, "properties": {"id": "hadaewon1-impassable-003", "dong": "하대원동1", "source_pdf": "하대원동1.pdf", "source_page": 1, "reason": "소방차 진입곤란 지정", "note": "", "stroke_width_pt": 4.25, "georef_median_error_m": 1.47, "georef_p90_error_m": 4.6, "georef_inliers": 152, "sheet_count": 2}}, {"type": "Feature", "geometry": {"type": "LineString", "coordinates": [[127.1412657, 37.4287734], [127.1417722, 37.4294963], [127.1422101, 37.4295119]]}, "properties": {"id": "hadaewon1-impassable-004", "dong": "하대원동1", "source_pdf": "하대원동1.pdf", "source_page": 1, "reason": "소방차 진입곤란 지정", "note": "", "stroke_width_pt": 4.25, "georef_median_error_m": 1.47, "georef_p90_error_m": 4.6, "georef_inliers": 152, "sheet_count": 2}}, {"type": "Feature", "geometry": {"type": "LineString", "coordinates": [[127.1428658, 37.4289071], [127.1427916, 37.4297]]}, "properties": {"id": "hadaewon1-impassable-005", "dong": "하대원동1", "source_pdf": "하대원동1.pdf", "source_page": 1, "reason": "소방차 진입곤란 지정", "note": "", "stroke_width_pt": 4.25, "georef_median_error_m": 1.47, "georef_p90_error_m": 4.6, "georef_inliers": 152, "sheet_count": 2}}, {"type": "Feature", "geometry": {"type": "LineString", "coordinates": [[127.1423408, 37.4283409], [127.1422962, 37.4288131], [127.1422273, 37.4295119]]}, "properties": {"id": "hadaewon1-impassable-006", "dong": "하대원동1", "source_pdf": "하대원동1.pdf", "source_page": 1, "reason": "소방차 진입곤란 지정", "note": "", "stroke_width_pt": 4.25, "georef_median_error_m": 1.47, "georef_p90_error_m": 4.6, "georef_inliers": 152, "sheet_count": 2}}, {"type": "Feature", "geometry": {"type": "LineString", "coordinates": [[127.1416433, 37.4278773], [127.14244, 37.4273947], [127.1425404, 37.4273514], [127.1426702, 37.4273213], [127.1435939, 37.4273643]]}, "properties": {"id": "hadaewon1-impassable-007", "dong": "하대원동1", "source_pdf": "하대원동1.pdf", "source_page": 1, "reason": "소방차 진입곤란 지정", "note": "", "stroke_width_pt": 4.25, "georef_median_error_m": 1.47, "georef_p90_error_m": 4.6, "georef_inliers": 152, "sheet_count": 1}}, {"type": "Feature", "geometry": {"type": "LineString", "coordinates": [[127.1394507, 37.4290533], [127.1392589, 37.4287744], [127.1392422, 37.4287496], [127.1392308, 37.4287328], [127.1392162, 37.4283254]]}, "properties": {"id": "hadaewon1-impassable-008", "dong": "하대원동1", "source_pdf": "하대원동1.pdf", "source_page": 1, "reason": "소방차 진입곤란 지정", "note": "", "stroke_width_pt": 4.25, "georef_median_error_m": 1.47, "georef_p90_error_m": 4.6, "georef_inliers": 152, "sheet_count": 2}}, {"type": "Feature", "geometry": {"type": "LineString", "coordinates": [[127.1336258, 37.428712], [127.1337062, 37.4283158]]}, "properties": {"id": "hadaewon1-impassable-009", "dong": "하대원동1", "source_pdf": "하대원동1.pdf", "source_page": 1, "reason": "소방차 진입곤란 지정", "note": "", "stroke_width_pt": 4.25, "georef_median_error_m": 1.47, "georef_p90_error_m": 4.6, "georef_inliers": 152, "sheet_count": 2}}, {"type": "Feature", "geometry": {"type": "LineString", "coordinates": [[127.1373947, 37.4288106], [127.1361925, 37.4288546]]}, "properties": {"id": "hadaewon1-impassable-010", "dong": "하대원동1", "source_pdf": "하대원동1.pdf", "source_page": 1, "reason": "소방차 진입곤란 지정", "note": "", "stroke_width_pt": 4.25, "georef_median_error_m": 1.47, "georef_p90_error_m": 4.6, "georef_inliers": 152, "sheet_count": 2}}, {"type": "Feature", "geometry": {"type": "LineString", "coordinates": [[127.1361829, 37.4291715], [127.1361601, 37.4288553], [127.1361341, 37.4284468]]}, "properties": {"id": "hadaewon1-impassable-011", "dong": "하대원동1", "source_pdf": "하대원동1.pdf", "source_page": 1, "reason": "소방차 진입곤란 지정", "note": "", "stroke_width_pt": 4.25, "georef_median_error_m": 1.47, "georef_p90_error_m": 4.6, "georef_inliers": 152, "sheet_count": 2}}, {"type": "Feature", "geometry": {"type": "LineString", "coordinates": [[127.1347879, 37.4287432], [127.1348998, 37.4284807]]}, "properties": {"id": "hadaewon1-impassable-012", "dong": "하대원동1", "source_pdf": "하대원동1.pdf", "source_page": 1, "reason": "소방차 진입곤란 지정", "note": "", "stroke_width_pt": 4.25, "georef_median_error_m": 1.47, "georef_p90_error_m": 4.6, "georef_inliers": 152, "sheet_count": 2}}, {"type": "Feature", "geometry": {"type": "LineString", "coordinates": [[127.1378313, 37.428797], [127.1392027, 37.428752]]}, "properties": {"id": "hadaewon1-impassable-013", "dong": "하대원동1", "source_pdf": "하대원동1.pdf", "source_page": 1, "reason": "소방차 진입곤란 지정", "note": "", "stroke_width_pt": 4.25, "georef_median_error_m": 1.47, "georef_p90_error_m": 4.6, "georef_inliers": 152, "sheet_count": 2}}, {"type": "Feature", "geometry": {"type": "LineString", "coordinates": [[127.1392025, 37.4286059], [127.1390745, 37.428618], [127.1389008, 37.4286232]]}, "properties": {"id": "hadaewon1-impassable-014", "dong": "하대원동1", "source_pdf": "하대원동1.pdf", "source_page": 1, "reason": "소방차 진입곤란 지정", "note": "", "stroke_width_pt": 4.25, "georef_median_error_m": 1.47, "georef_p90_error_m": 4.6, "georef_inliers": 152, "sheet_count": 2}}, {"type": "Feature", "geometry": {"type": "LineString", "coordinates": [[127.1339796, 37.4291199], [127.133931, 37.4295142], [127.1339284, 37.429535], [127.1339108, 37.4296672], [127.1338737, 37.4299466], [127.1338365, 37.4302753], [127.1338196, 37.430425], [127.1339574, 37.430648], [127.1341366, 37.4309315]]}, "properties": {"id": "hadaewon1-impassable-015", "dong": "하대원동1", "source_pdf": "하대원동1.pdf", "source_page": 1, "reason": "소방차 진입곤란 지정", "note": "", "stroke_width_pt": 4.25, "georef_median_error_m": 1.47, "georef_p90_error_m": 4.6, "georef_inliers": 152, "sheet_count": 2}}, {"type": "Feature", "geometry": {"type": "LineString", "coordinates": [[127.1337768, 37.4312121], [127.1339661, 37.431612], [127.1338079, 37.4321377]]}, "properties": {"id": "hadaewon1-impassable-016", "dong": "하대원동1", "source_pdf": "하대원동1.pdf", "source_page": 1, "reason": "소방차 진입곤란 지정", "note": "", "stroke_width_pt": 4.25, "georef_median_error_m": 1.47, "georef_p90_error_m": 4.6, "georef_inliers": 152, "sheet_count": 2}}, {"type": "Feature", "geometry": {"type": "LineString", "coordinates": [[127.1360816, 37.430884], [127.1359279, 37.4312025], [127.1358876, 37.4312129], [127.1356536, 37.4311346]]}, "properties": {"id": "hadaewon1-impassable-017", "dong": "하대원동1", "source_pdf": "하대원동1.pdf", "source_page": 1, "reason": "소방차 진입곤란 지정", "note": "", "stroke_width_pt": 4.25, "georef_median_error_m": 1.47, "georef_p90_error_m": 4.6, "georef_inliers": 152, "sheet_count": 3}}, {"type": "Feature", "geometry": {"type": "LineString", "coordinates": [[127.1329329, 37.4302104], [127.1334574, 37.4302565], [127.1334709, 37.4301829], [127.1335133, 37.4300743], [127.1335267, 37.4299404]]}, "properties": {"id": "hadaewon1-impassable-018", "dong": "하대원동1", "source_pdf": "하대원동1.pdf", "source_page": 1, "reason": "소방차 진입곤란 지정", "note": "", "stroke_width_pt": 4.25, "georef_median_error_m": 1.47, "georef_p90_error_m": 4.6, "georef_inliers": 152, "sheet_count": 1}}, {"type": "Feature", "geometry": {"type": "LineString", "coordinates": [[127.1329319, 37.4294318], [127.1339171, 37.4295135]]}, "properties": {"id": "hadaewon1-impassable-019", "dong": "하대원동1", "source_pdf": "하대원동1.pdf", "source_page": 1, "reason": "소방차 진입곤란 지정", "note": "", "stroke_width_pt": 4.25, "georef_median_error_m": 1.47, "georef_p90_error_m": 4.6, "georef_inliers": 152, "sheet_count": 2}}, {"type": "Feature", "geometry": {"type": "LineString", "coordinates": [[127.1351087, 37.4307287], [127.135246, 37.430977]]}, "properties": {"id": "hadaewon1-impassable-020", "dong": "하대원동1", "source_pdf": "하대원동1.pdf", "source_page": 1, "reason": "소방차 진입곤란 지정", "note": "", "stroke_width_pt": 4.25, "georef_median_error_m": 1.47, "georef_p90_error_m": 4.6, "georef_inliers": 152, "sheet_count": 1}}, {"type": "Feature", "geometry": {"type": "LineString", "coordinates": [[127.136757, 37.4300566], [127.1355817, 37.4294686]]}, "properties": {"id": "hadaewon1-impassable-021", "dong": "하대원동1", "source_pdf": "하대원동1.pdf", "source_page": 1, "reason": "소방차 진입곤란 지정", "note": "", "stroke_width_pt": 4.25, "georef_median_error_m": 1.47, "georef_p90_error_m": 4.6, "georef_inliers": 152, "sheet_count": 3}}, {"type": "Feature", "geometry": {"type": "LineString", "coordinates": [[127.1352663, 37.4300714], [127.1351569, 37.4301079], [127.1347056, 37.4302602], [127.1344885, 37.4303334], [127.1341628, 37.4303038]]}, "properties": {"id": "hadaewon1-impassable-022", "dong": "하대원동1", "source_pdf": "하대원동1.pdf", "source_page": 1, "reason": "소방차 진입곤란 지정", "note": "", "stroke_width_pt": 4.25, "georef_median_error_m": 1.47, "georef_p90_error_m": 4.6, "georef_inliers": 152, "sheet_count": 1}}, {"type": "Feature", "geometry": {"type": "LineString", "coordinates": [[127.1329512, 37.4290948], [127.1329317, 37.4292909]]}, "properties": {"id": "hadaewon1-impassable-023", "dong": "하대원동1", "source_pdf": "하대원동1.pdf", "source_page": 1, "reason": "소방차 진입곤란 지정", "note": "", "stroke_width_pt": 4.25, "georef_median_error_m": 1.47, "georef_p90_error_m": 4.6, "georef_inliers": 152, "sheet_count": 1}}, {"type": "Feature", "geometry": {"type": "LineString", "coordinates": [[127.1338637, 37.4302797], [127.1341216, 37.4303006], [127.1341344, 37.4303822], [127.1342851, 37.4306185], [127.1344585, 37.4305439], [127.1345148, 37.4306259]]}, "properties": {"id": "hadaewon1-impassable-024", "dong": "하대원동1", "source_pdf": "하대원동1.pdf", "source_page": 1, "reason": "소방차 진입곤란 지정", "note": "", "stroke_width_pt": 4.25, "georef_median_error_m": 1.47, "georef_p90_error_m": 4.6, "georef_inliers": 152, "sheet_count": 1}}, {"type": "Feature", "geometry": {"type": "LineString", "coordinates": [[127.135086, 37.4297953], [127.134978, 37.4298215], [127.1350077, 37.4298793], [127.1349209, 37.4299134]]}, "properties": {"id": "hadaewon1-impassable-025", "dong": "하대원동1", "source_pdf": "하대원동1.pdf", "source_page": 1, "reason": "소방차 진입곤란 지정", "note": "", "stroke_width_pt": 4.25, "georef_median_error_m": 1.47, "georef_p90_error_m": 4.6, "georef_inliers": 152, "sheet_count": 1}}, {"type": "Feature", "geometry": {"type": "LineString", "coordinates": [[127.134395, 37.4297428], [127.1344019, 37.4301303], [127.1345168, 37.4301151], [127.1347793, 37.4300455]]}, "properties": {"id": "hadaewon1-impassable-026", "dong": "하대원동1", "source_pdf": "하대원동1.pdf", "source_page": 1, "reason": "소방차 진입곤란 지정", "note": "", "stroke_width_pt": 4.25, "georef_median_error_m": 1.47, "georef_p90_error_m": 4.6, "georef_inliers": 152, "sheet_count": 1}}, {"type": "Feature", "geometry": {"type": "LineString", "coordinates": [[127.1329337, 37.4308606], [127.1333011, 37.4308891], [127.133928, 37.4306599]]}, "properties": {"id": "hadaewon1-impassable-027", "dong": "하대원동1", "source_pdf": "하대원동1.pdf", "source_page": 1, "reason": "소방차 진입곤란 지정", "note": "", "stroke_width_pt": 4.25, "georef_median_error_m": 1.47, "georef_p90_error_m": 4.6, "georef_inliers": 152, "sheet_count": 2}}, {"type": "Feature", "geometry": {"type": "LineString", "coordinates": [[127.1329326, 37.4299955], [127.1330421, 37.4300174], [127.1331114, 37.4300402], [127.1331918, 37.430074], [127.1333076, 37.4298803]]}, "properties": {"id": "hadaewon1-impassable-028", "dong": "하대원동1", "source_pdf": "하대원동1.pdf", "source_page": 1, "reason": "소방차 진입곤란 지정", "note": "", "stroke_width_pt": 4.25, "georef_median_error_m": 1.47, "georef_p90_error_m": 4.6, "georef_inliers": 152, "sheet_count": 1}}, {"type": "Feature", "geometry": {"type": "LineString", "coordinates": [[127.1332853, 37.4312898], [127.1331996, 37.4311452], [127.1330255, 37.4312048], [127.1329443, 37.4312341], [127.1330438, 37.4313879]]}, "properties": {"id": "hadaewon1-impassable-029", "dong": "하대원동1", "source_pdf": "하대원동1.pdf", "source_page": 1, "reason": "소방차 진입곤란 지정", "note": "", "stroke_width_pt": 4.25, "georef_median_error_m": 1.47, "georef_p90_error_m": 4.6, "georef_inliers": 152, "sheet_count": 1}}, {"type": "Feature", "geometry": {"type": "LineString", "coordinates": [[127.1333871, 37.4296741], [127.1333679, 37.4298833]]}, "properties": {"id": "hadaewon1-impassable-030", "dong": "하대원동1", "source_pdf": "하대원동1.pdf", "source_page": 1, "reason": "소방차 진입곤란 지정", "note": "", "stroke_width_pt": 4.25, "georef_median_error_m": 1.47, "georef_p90_error_m": 4.6, "georef_inliers": 152, "sheet_count": 1}}, {"type": "Feature", "geometry": {"type": "LineString", "coordinates": [[127.1355399, 37.4304457], [127.135291, 37.4300637], [127.1352905, 37.4300628], [127.1351128, 37.4297892], [127.1350343, 37.4296698]]}, "properties": {"id": "hadaewon1-impassable-031", "dong": "하대원동1", "source_pdf": "하대원동1.pdf", "source_page": 1, "reason": "소방차 진입곤란 지정", "note": "", "stroke_width_pt": 4.25, "georef_median_error_m": 1.47, "georef_p90_error_m": 4.6, "georef_inliers": 152, "sheet_count": 2}}, {"type": "Feature", "geometry": {"type": "LineString", "coordinates": [[127.1363037, 37.4309305], [127.1360816, 37.430884], [127.1357865, 37.4308244], [127.1357816, 37.4308168], [127.1356175, 37.4305649]]}, "properties": {"id": "hadaewon1-impassable-032", "dong": "하대원동1", "source_pdf": "하대원동1.pdf", "source_page": 1, "reason": "소방차 진입곤란 지정", "note": "", "stroke_width_pt": 4.25, "georef_median_error_m": 1.47, "georef_p90_error_m": 4.6, "georef_inliers": 152, "sheet_count": 3}}, {"type": "Feature", "geometry": {"type": "LineString", "coordinates": [[127.135836, 37.4303695], [127.1357399, 37.4301834], [127.1356783, 37.430049], [127.1356109, 37.4299023], [127.1355413, 37.4297396], [127.1354695, 37.4296256], [127.1354081, 37.429538]]}, "properties": {"id": "hadaewon1-impassable-033", "dong": "하대원동1", "source_pdf": "하대원동1.pdf", "source_page": 1, "reason": "소방차 진입곤란 지정", "note": "", "stroke_width_pt": 4.25, "georef_median_error_m": 1.47, "georef_p90_error_m": 4.6, "georef_inliers": 152, "sheet_count": 2}}, {"type": "Feature", "geometry": {"type": "LineString", "coordinates": [[127.1357816, 37.4308168], [127.13562, 37.4311302], [127.1354091, 37.4315414]]}, "properties": {"id": "hadaewon1-impassable-034", "dong": "하대원동1", "source_pdf": "하대원동1.pdf", "source_page": 1, "reason": "소방차 진입곤란 지정", "note": "", "stroke_width_pt": 4.25, "georef_median_error_m": 1.47, "georef_p90_error_m": 4.6, "georef_inliers": 152, "sheet_count": 3}}, {"type": "Feature", "geometry": {"type": "LineString", "coordinates": [[127.1349352, 37.4306701], [127.1347218, 37.430289]]}, "properties": {"id": "hadaewon1-impassable-035", "dong": "하대원동1", "source_pdf": "하대원동1.pdf", "source_page": 1, "reason": "소방차 진입곤란 지정", "note": "", "stroke_width_pt": 4.25, "georef_median_error_m": 1.47, "georef_p90_error_m": 4.6, "georef_inliers": 152, "sheet_count": 1}}, {"type": "Feature", "geometry": {"type": "LineString", "coordinates": [[127.1343994, 37.4291156], [127.1344322, 37.42945]]}, "properties": {"id": "hadaewon1-impassable-036", "dong": "하대원동1", "source_pdf": "하대원동1.pdf", "source_page": 1, "reason": "소방차 진입곤란 지정", "note": "", "stroke_width_pt": 4.25, "georef_median_error_m": 1.47, "georef_p90_error_m": 4.6, "georef_inliers": 152, "sheet_count": 1}}, {"type": "Feature", "geometry": {"type": "LineString", "coordinates": [[127.1356341, 37.4294322], [127.1353924, 37.4295168], [127.1350181, 37.4296434], [127.1350141, 37.4296448], [127.1347575, 37.4297292], [127.1343937, 37.4297017], [127.1343854, 37.4297011], [127.1339575, 37.4296688], [127.1339108, 37.4296672], [127.1338623, 37.4296654], [127.1333918, 37.4296264], [127.1329377, 37.4295887], [127.1329321, 37.4295886]]}, "properties": {"id": "hadaewon1-impassable-037", "dong": "하대원동1", "source_pdf": "하대원동1.pdf", "source_page": 1, "reason": "소방차 진입곤란 지정", "note": "", "stroke_width_pt": 4.25, "georef_median_error_m": 1.47, "georef_p90_error_m": 4.6, "georef_inliers": 152, "sheet_count": 2}}, {"type": "Feature", "geometry": {"type": "LineString", "coordinates": [[127.1353924, 37.4305133], [127.135171, 37.4301336]]}, "properties": {"id": "hadaewon1-impassable-038", "dong": "하대원동1", "source_pdf": "하대원동1.pdf", "source_page": 1, "reason": "소방차 진입곤란 지정", "note": "", "stroke_width_pt": 4.25, "georef_median_error_m": 1.47, "georef_p90_error_m": 4.6, "georef_inliers": 152, "sheet_count": 1}}, {"type": "Feature", "geometry": {"type": "LineString", "coordinates": [[127.134816, 37.4314667], [127.1349488, 37.4310374]]}, "properties": {"id": "hadaewon1-impassable-039", "dong": "하대원동1", "source_pdf": "하대원동1.pdf", "source_page": 1, "reason": "소방차 진입곤란 지정", "note": "", "stroke_width_pt": 4.25, "georef_median_error_m": 1.47, "georef_p90_error_m": 4.6, "georef_inliers": 152, "sheet_count": 1}}, {"type": "Feature", "geometry": {"type": "LineString", "coordinates": [[127.1334688, 37.4302565], [127.1338149, 37.4302863]]}, "properties": {"id": "hadaewon1-impassable-040", "dong": "하대원동1", "source_pdf": "하대원동1.pdf", "source_page": 1, "reason": "소방차 진입곤란 지정", "note": "", "stroke_width_pt": 4.25, "georef_median_error_m": 1.47, "georef_p90_error_m": 4.6, "georef_inliers": 152, "sheet_count": 2}}, {"type": "Feature", "geometry": {"type": "LineString", "coordinates": [[127.1344081, 37.4303097], [127.1343993, 37.4301531]]}, "properties": {"id": "hadaewon1-impassable-041", "dong": "하대원동1", "source_pdf": "하대원동1.pdf", "source_page": 1, "reason": "소방차 진입곤란 지정", "note": "", "stroke_width_pt": 4.25, "georef_median_error_m": 1.47, "georef_p90_error_m": 4.6, "georef_inliers": 152, "sheet_count": 1}}, {"type": "Feature", "geometry": {"type": "LineString", "coordinates": [[127.1346914, 37.4297012], [127.1347237, 37.4295321]]}, "properties": {"id": "hadaewon1-impassable-042", "dong": "하대원동1", "source_pdf": "하대원동1.pdf", "source_page": 1, "reason": "소방차 진입곤란 지정", "note": "", "stroke_width_pt": 4.25, "georef_median_error_m": 1.47, "georef_p90_error_m": 4.6, "georef_inliers": 152, "sheet_count": 1}}, {"type": "Feature", "geometry": {"type": "LineString", "coordinates": [[127.1385443, 37.4294912], [127.1385401, 37.4294285], [127.1385401, 37.4294274], [127.1385139, 37.4289558]]}, "properties": {"id": "hadaewon1-impassable-043", "dong": "하대원동1", "source_pdf": "하대원동1.pdf", "source_page": 1, "reason": "소방차 진입곤란 지정", "note": "", "stroke_width_pt": 4.25, "georef_median_error_m": 1.47, "georef_p90_error_m": 4.6, "georef_inliers": 152, "sheet_count": 2}}, {"type": "Feature", "geometry": {"type": "LineString", "coordinates": [[127.1303703, 37.4301786], [127.1313484, 37.4302571]]}, "properties": {"id": "hadaewon1-impassable-044", "dong": "하대원동1", "source_pdf": "하대원동1.pdf", "source_page": 1, "reason": "소방차 진입곤란 지정", "note": "", "stroke_width_pt": 4.25, "georef_median_error_m": 1.47, "georef_p90_error_m": 4.6, "georef_inliers": 152, "sheet_count": 2}}, {"type": "Feature", "geometry": {"type": "LineString", "coordinates": [[127.1328511, 37.4302064], [127.1329325, 37.4302099]]}, "properties": {"id": "hadaewon1-impassable-045", "dong": "하대원동1", "source_pdf": "하대원동1.pdf", "source_page": 1, "reason": "소방차 진입곤란 지정", "note": "", "stroke_width_pt": 4.25, "georef_median_error_m": 1.47, "georef_p90_error_m": 4.6, "georef_inliers": 152, "sheet_count": 2}}, {"type": "Feature", "geometry": {"type": "LineString", "coordinates": [[127.1302414, 37.4311058], [127.1308035, 37.4311483], [127.1313121, 37.4311853]]}, "properties": {"id": "hadaewon1-impassable-046", "dong": "하대원동1", "source_pdf": "하대원동1.pdf", "source_page": 1, "reason": "소방차 진입곤란 지정", "note": "", "stroke_width_pt": 4.25, "georef_median_error_m": 1.47, "georef_p90_error_m": 4.6, "georef_inliers": 152, "sheet_count": 2}}, {"type": "Feature", "geometry": {"type": "LineString", "coordinates": [[127.1329314, 37.4292904], [127.132917, 37.4294301], [127.132902, 37.4295759], [127.1329007, 37.4295875], [127.1328625, 37.429912], [127.1328546, 37.4299794], [127.132829, 37.4301972], [127.1328286, 37.4302003], [127.1328285, 37.4302007], [127.1327441, 37.4308416], [127.132743, 37.4308452], [127.1327237, 37.4309097], [127.1326731, 37.4312823], [127.1326724, 37.4312878], [127.1326676, 37.4313503], [127.1326712, 37.4314009], [127.1327247, 37.431483]]}, "properties": {"id": "hadaewon1-impassable-047", "dong": "하대원동1", "source_pdf": "하대원동1.pdf", "source_page": 1, "reason": "소방차 진입곤란 지정", "note": "", "stroke_width_pt": 4.25, "georef_median_error_m": 1.47, "georef_p90_error_m": 4.6, "georef_inliers": 152, "sheet_count": 1}}, {"type": "Feature", "geometry": {"type": "LineString", "coordinates": [[127.1313341, 37.4309545], [127.1309599, 37.4309233]]}, "properties": {"id": "hadaewon1-impassable-048", "dong": "하대원동1", "source_pdf": "하대원동1.pdf", "source_page": 1, "reason": "소방차 진입곤란 지정", "note": "", "stroke_width_pt": 4.25, "georef_median_error_m": 1.47, "georef_p90_error_m": 4.6, "georef_inliers": 152, "sheet_count": 1}}, {"type": "Feature", "geometry": {"type": "LineString", "coordinates": [[127.1315714, 37.4293098], [127.1315157, 37.4297595], [127.131483, 37.4300164], [127.1314583, 37.4302109], [127.1314491, 37.4302642], [127.1314488, 37.4302659], [127.1314384, 37.4303261], [127.1314035, 37.430684], [127.1313966, 37.4307342], [127.1313919, 37.4307684], [127.1313666, 37.4309602], [127.1313371, 37.4311848], [127.1313367, 37.4311872], [127.1313365, 37.4311892], [127.1313287, 37.4312486], [127.1312764, 37.4316259]]}, "properties": {"id": "hadaewon1-impassable-049", "dong": "하대원동1", "source_pdf": "하대원동1.pdf", "source_page": 1, "reason": "소방차 진입곤란 지정", "note": "", "stroke_width_pt": 4.25, "georef_median_error_m": 1.47, "georef_p90_error_m": 4.6, "georef_inliers": 152, "sheet_count": 1}}, {"type": "Feature", "geometry": {"type": "LineString", "coordinates": [[127.1302691, 37.4306493], [127.130288, 37.4306507], [127.1313923, 37.4307338], [127.1313966, 37.4307342], [127.132743, 37.4308452], [127.1327449, 37.4308454], [127.1329334, 37.43086]]}, "properties": {"id": "hadaewon1-impassable-050", "dong": "하대원동1", "source_pdf": "하대원동1.pdf", "source_page": 1, "reason": "소방차 진입곤란 지정", "note": "", "stroke_width_pt": 4.25, "georef_median_error_m": 1.47, "georef_p90_error_m": 4.6, "georef_inliers": 152, "sheet_count": 1}}, {"type": "Feature", "geometry": {"type": "LineString", "coordinates": [[127.1328965, 37.4299904], [127.1329323, 37.429995]]}, "properties": {"id": "hadaewon1-impassable-051", "dong": "하대원동1", "source_pdf": "하대원동1.pdf", "source_page": 1, "reason": "소방차 진입곤란 지정", "note": "", "stroke_width_pt": 4.25, "georef_median_error_m": 1.47, "georef_p90_error_m": 4.6, "georef_inliers": 152, "sheet_count": 2}}, {"type": "Feature", "geometry": {"type": "LineString", "coordinates": [[127.1315126, 37.4300125], [127.1324098, 37.4299271], [127.1328253, 37.4299121]]}, "properties": {"id": "hadaewon1-impassable-052", "dong": "하대원동1", "source_pdf": "하대원동1.pdf", "source_page": 1, "reason": "소방차 진입곤란 지정", "note": "", "stroke_width_pt": 4.25, "georef_median_error_m": 1.47, "georef_p90_error_m": 4.6, "georef_inliers": 152, "sheet_count": 2}}, {"type": "Feature", "geometry": {"type": "LineString", "coordinates": [[127.1313656, 37.4311878], [127.1325747, 37.4312767]]}, "properties": {"id": "hadaewon1-impassable-053", "dong": "하대원동1", "source_pdf": "하대원동1.pdf", "source_page": 1, "reason": "소방차 진입곤란 지정", "note": "", "stroke_width_pt": 4.25, "georef_median_error_m": 1.47, "georef_p90_error_m": 4.6, "georef_inliers": 152, "sheet_count": 2}}, {"type": "Feature", "geometry": {"type": "LineString", "coordinates": [[127.1314491, 37.4302642], [127.1321669, 37.4302283], [127.1327811, 37.4301938]]}, "properties": {"id": "hadaewon1-impassable-054", "dong": "하대원동1", "source_pdf": "하대원동1.pdf", "source_page": 1, "reason": "소방차 진입곤란 지정", "note": "", "stroke_width_pt": 4.25, "georef_median_error_m": 1.47, "georef_p90_error_m": 4.6, "georef_inliers": 152, "sheet_count": 2}}, {"type": "Feature", "geometry": {"type": "LineString", "coordinates": [[127.1329318, 37.429588], [127.1329007, 37.4295875], [127.1328442, 37.4295865], [127.1324473, 37.4296388], [127.1323182, 37.4296558], [127.1319829, 37.4296985], [127.1315157, 37.4297595]]}, "properties": {"id": "hadaewon1-impassable-055", "dong": "하대원동1", "source_pdf": "하대원동1.pdf", "source_page": 1, "reason": "소방차 진입곤란 지정", "note": "", "stroke_width_pt": 4.25, "georef_median_error_m": 1.47, "georef_p90_error_m": 4.6, "georef_inliers": 152, "sheet_count": 2}}, {"type": "Feature", "geometry": {"type": "LineString", "coordinates": [[127.1326021, 37.4286586], [127.1325365, 37.4282889]]}, "properties": {"id": "hadaewon1-impassable-056", "dong": "하대원동1", "source_pdf": "하대원동1.pdf", "source_page": 1, "reason": "소방차 진입곤란 지정", "note": "", "stroke_width_pt": 4.25, "georef_median_error_m": 1.47, "georef_p90_error_m": 4.6, "georef_inliers": 152, "sheet_count": 2}}, {"type": "Feature", "geometry": {"type": "LineString", "coordinates": [[127.1314504, 37.4289176], [127.1313584, 37.4284197]]}, "properties": {"id": "hadaewon1-impassable-057", "dong": "하대원동1", "source_pdf": "하대원동1.pdf", "source_page": 1, "reason": "소방차 진입곤란 지정", "note": "", "stroke_width_pt": 4.25, "georef_median_error_m": 1.47, "georef_p90_error_m": 4.6, "georef_inliers": 152, "sheet_count": 2}}, {"type": "Feature", "geometry": {"type": "LineString", "coordinates": [[127.1303912, 37.4292833], [127.1303917, 37.4292561], [127.1304844, 37.4285335]]}, "properties": {"id": "hadaewon1-impassable-058", "dong": "하대원동1", "source_pdf": "하대원동1.pdf", "source_page": 1, "reason": "소방차 진입곤란 지정", "note": "", "stroke_width_pt": 4.25, "georef_median_error_m": 1.47, "georef_p90_error_m": 4.6, "georef_inliers": 152, "sheet_count": 2}}]}